registradoEm,nomeEpisodio,animeNome,temporada,loreNome,modeloLlm,statusFinal,totalLinhas,falasTraduzidas,falasDoCache,tempoTotalMs,quantidadeAvisos
2026-07-23T23:29:22.133240300Z,Mobile.Suit.Gundam.The.08th.MS.Team.S00E02_Track2.ass,[Joseki] Mobile Suit Gundam The 08th MS Team COMPLETE (1996)(BD AV1 1080p Opus)[Sub Eng],Temporada Única,Mobile Suit Gundam: The 08th MS Team,current,CONCLUIDO,92,89,0,75450,0
2026-07-23T23:30:58.882371200Z,Mobile.Suit.Gundam.The.08th.MS.Team.S01E01_Track3.ass,[Joseki] Mobile Suit Gundam The 08th MS Team COMPLETE (1996)(BD AV1 1080p Opus)[Sub Eng],Temporada Única,Mobile Suit Gundam: The 08th MS Team,,FALHOU,0,0,0,0,1
2026-07-23T23:35:25.808701700Z,Mobile.Suit.Gundam.The.08th.MS.Team.S01E02_Track3.ass,[Joseki] Mobile Suit Gundam The 08th MS Team COMPLETE (1996)(BD AV1 1080p Opus)[Sub Eng],Temporada Única,Mobile Suit Gundam: The 08th MS Team,current,PARCIAL,337,324,0,266922,1
2026-07-23T23:40:50.028983100Z,Mobile.Suit.Gundam.The.08th.MS.Team.S01E03_Track3.ass,[Joseki] Mobile Suit Gundam The 08th MS Team COMPLETE (1996)(BD AV1 1080p Opus)[Sub Eng],Temporada Única,Mobile Suit Gundam: The 08th MS Team,current,PARCIAL,412,392,0,324216,3
2026-07-24T00:02:41.844410600Z,Mobile.Suit.Gundam.The.08th.MS.Team.S00E02_Track2.ass,[Joseki] Mobile Suit Gundam The 08th MS Team COMPLETE (1996)(BD AV1 1080p Opus)[Sub Eng],Temporada Única,Mobile Suit Gundam: The 08th MS Team,mistralai/mistral-nemo-instruct-2407,CONCLUIDO,92,89,0,74562,0
2026-07-24T00:07:15.872395100Z,Mobile.Suit.Gundam.The.08th.MS.Team.S01E01_Track3.ass,[Joseki] Mobile Suit Gundam The 08th MS Team COMPLETE (1996)(BD AV1 1080p Opus)[Sub Eng],Temporada Única,Mobile Suit Gundam: The 08th MS Team,mistralai/mistral-nemo-instruct-2407,PARCIAL,356,342,0,274022,3
2026-07-24T00:11:46.710328Z,Mobile.Suit.Gundam.The.08th.MS.Team.S01E02_Track3.ass,[Joseki] Mobile Suit Gundam The 08th MS Team COMPLETE (1996)(BD AV1 1080p Opus)[Sub Eng],Temporada Única,Mobile Suit Gundam: The 08th MS Team,mistralai/mistral-nemo-instruct-2407,CONCLUIDO,337,324,0,270833,0
2026-07-24T00:17:19.990192500Z,Mobile.Suit.Gundam.The.08th.MS.Team.S01E03_Track3.ass,[Joseki] Mobile Suit Gundam The 08th MS Team COMPLETE (1996)(BD AV1 1080p Opus)[Sub Eng],Temporada Única,Mobile Suit Gundam: The 08th MS Team,mistralai/mistral-nemo-instruct-2407,PARCIAL,412,392,0,333276,5
2026-07-24T00:23:04.148436600Z,Mobile.Suit.Gundam.The.08th.MS.Team.S01E04_Track3.ass,[Joseki] Mobile Suit Gundam The 08th MS Team COMPLETE (1996)(BD AV1 1080p Opus)[Sub Eng],Temporada Única,Mobile Suit Gundam: The 08th MS Team,mistralai/mistral-nemo-instruct-2407,PARCIAL,411,393,0,344154,4
2026-07-24T00:28:51.350850100Z,Mobile.Suit.Gundam.The.08th.MS.Team.S01E05_Track3.ass,[Joseki] Mobile Suit Gundam The 08th MS Team COMPLETE (1996)(BD AV1 1080p Opus)[Sub Eng],Temporada Única,Mobile Suit Gundam: The 08th MS Team,mistralai/mistral-nemo-instruct-2407,PARCIAL,480,453,0,347195,1
2026-07-24T00:33:47.683226900Z,Mobile.Suit.Gundam.The.08th.MS.Team.S01E06_Track3.ass,[Joseki] Mobile Suit Gundam The 08th MS Team COMPLETE (1996)(BD AV1 1080p Opus)[Sub Eng],Temporada Única,Mobile Suit Gundam: The 08th MS Team,mistralai/mistral-nemo-instruct-2407,PARCIAL,392,372,0,296328,5
2026-07-24T00:37:25.302372300Z,Mobile.Suit.Gundam.The.08th.MS.Team.S01E07_Track3.ass,[Joseki] Mobile Suit Gundam The 08th MS Team COMPLETE (1996)(BD AV1 1080p Opus)[Sub Eng],Temporada Única,Mobile Suit Gundam: The 08th MS Team,mistralai/mistral-nemo-instruct-2407,PARCIAL,279,262,0,217615,2
2026-07-24T00:42:34.419004Z,Mobile.Suit.Gundam.The.08th.MS.Team.S01E08_Track3.ass,[Joseki] Mobile Suit Gundam The 08th MS Team COMPLETE (1996)(BD AV1 1080p Opus)[Sub Eng],Temporada Única,Mobile Suit Gundam: The 08th MS Team,mistralai/mistral-nemo-instruct-2407,CONCLUIDO,371,359,0,309114,0
2026-07-24T00:48:08.270208700Z,Mobile.Suit.Gundam.The.08th.MS.Team.S01E09_Track3.ass,[Joseki] Mobile Suit Gundam The 08th MS Team COMPLETE (1996)(BD AV1 1080p Opus)[Sub Eng],Temporada Única,Mobile Suit Gundam: The 08th MS Team,mistralai/mistral-nemo-instruct-2407,PARCIAL,394,377,0,333848,7
2026-07-24T00:52:45.706918300Z,Mobile.Suit.Gundam.The.08th.MS.Team.S01E10_Track3.ass,[Joseki] Mobile Suit Gundam The 08th MS Team COMPLETE (1996)(BD AV1 1080p Opus)[Sub Eng],Temporada Única,Mobile Suit Gundam: The 08th MS Team,mistralai/mistral-nemo-instruct-2407,PARCIAL,332,319,0,277373,7
2026-07-24T00:56:38.955952800Z,Mobile.Suit.Gundam.The.08th.MS.Team.S01E11_Track3.ass,[Joseki] Mobile Suit Gundam The 08th MS Team COMPLETE (1996)(BD AV1 1080p Opus)[Sub Eng],Temporada Única,Mobile Suit Gundam: The 08th MS Team,mistralai/mistral-nemo-instruct-2407,PARCIAL,279,264,0,233244,5
2026-07-24T01:00:37.825428800Z,Mobile.Suit.Gundam.The.08th.MS.Team.S01E12_Track3.ass,[Joseki] Mobile Suit Gundam The 08th MS Team COMPLETE (1996)(BD AV1 1080p Opus)[Sub Eng],Temporada Única,Mobile Suit Gundam: The 08th MS Team,mistralai/mistral-nemo-instruct-2407,PARCIAL,303,294,0,238865,2
2026-07-24T01:09:37.300536Z,Mobile Suit Gundam 0083 - Stardust Memory - S01E01_Track3.ass,[Joseki] Mobile Suit Gundam 0083 Stardust Memory COMPLETE (1991)(BD AV1 1080p Opus)[Sub Eng],Temporada Única,Mobile Suit Gundam 0083: Stardust Memory,mistralai/mistral-nemo-instruct-2407,PARCIAL,346,334,0,347414,2
2026-07-24T01:09:58.390503700Z,Mobile Suit Gundam 0083 - Stardust Memory - S01E02_5_Track3.ass,[Joseki] Mobile Suit Gundam 0083 Stardust Memory COMPLETE (1991)(BD AV1 1080p Opus)[Sub Eng],Temporada Única,Mobile Suit Gundam 0083: Stardust Memory,mistralai/mistral-nemo-instruct-2407,PARCIAL,24,20,0,21085,1
2026-07-24T01:15:16.044483500Z,Mobile Suit Gundam 0083 - Stardust Memory - S01E02_Track3.ass,[Joseki] Mobile Suit Gundam 0083 Stardust Memory COMPLETE (1991)(BD AV1 1080p Opus)[Sub Eng],Temporada Única,Mobile Suit Gundam 0083: Stardust Memory,mistralai/mistral-nemo-instruct-2407,CONCLUIDO,358,347,0,317647,0
2026-07-24T01:17:12.542226100Z,Mobile Suit Gundam 0083 - Stardust Memory - S01E03-5_Track2.ass,[Joseki] Mobile Suit Gundam 0083 Stardust Memory COMPLETE (1991)(BD AV1 1080p Opus)[Sub Eng],Temporada Única,Mobile Suit Gundam 0083: Stardust Memory,mistralai/mistral-nemo-instruct-2407,CONCLUIDO,93,92,0,116495,0
2026-07-24T01:21:56.790710800Z,Mobile Suit Gundam 0083 - Stardust Memory - S01E03_Track3.ass,[Joseki] Mobile Suit Gundam 0083 Stardust Memory COMPLETE (1991)(BD AV1 1080p Opus)[Sub Eng],Temporada Única,Mobile Suit Gundam 0083: Stardust Memory,mistralai/mistral-nemo-instruct-2407,PARCIAL,329,318,0,284243,1
2026-07-24T01:27:35.730511200Z,Mobile Suit Gundam 0083 - Stardust Memory - S01E04_Track3.ass,[Joseki] Mobile Suit Gundam 0083 Stardust Memory COMPLETE (1991)(BD AV1 1080p Opus)[Sub Eng],Temporada Única,Mobile Suit Gundam 0083: Stardust Memory,mistralai/mistral-nemo-instruct-2407,PARCIAL,370,356,0,338936,2
2026-07-24T01:33:53.900313900Z,Mobile Suit Gundam 0083 - Stardust Memory - S01E05_Track3.ass,[Joseki] Mobile Suit Gundam 0083 Stardust Memory COMPLETE (1991)(BD AV1 1080p Opus)[Sub Eng],Temporada Única,Mobile Suit Gundam 0083: Stardust Memory,mistralai/mistral-nemo-instruct-2407,PARCIAL,390,382,0,378165,1
2026-07-24T01:38:27.360530800Z,Mobile Suit Gundam 0083 - Stardust Memory - S01E06_Track3.ass,[Joseki] Mobile Suit Gundam 0083 Stardust Memory COMPLETE (1991)(BD AV1 1080p Opus)[Sub Eng],Temporada Única,Mobile Suit Gundam 0083: Stardust Memory,mistralai/mistral-nemo-instruct-2407,PARCIAL,303,299,0,273456,1
2026-07-24T01:43:51.266591700Z,Mobile Suit Gundam 0083 - Stardust Memory - S01E07_Track3.ass,[Joseki] Mobile Suit Gundam 0083 Stardust Memory COMPLETE (1991)(BD AV1 1080p Opus)[Sub Eng],Temporada Única,Mobile Suit Gundam 0083: Stardust Memory,mistralai/mistral-nemo-instruct-2407,PARCIAL,352,343,0,323904,6
2026-07-24T01:49:25.611942900Z,Mobile Suit Gundam 0083 - Stardust Memory - S01E08_Track3.ass,[Joseki] Mobile Suit Gundam 0083 Stardust Memory COMPLETE (1991)(BD AV1 1080p Opus)[Sub Eng],Temporada Única,Mobile Suit Gundam 0083: Stardust Memory,mistralai/mistral-nemo-instruct-2407,PARCIAL,411,403,0,334341,1
2026-07-24T01:54:27.004305800Z,Mobile Suit Gundam 0083 - Stardust Memory - S01E09_Track3.ass,[Joseki] Mobile Suit Gundam 0083 Stardust Memory COMPLETE (1991)(BD AV1 1080p Opus)[Sub Eng],Temporada Única,Mobile Suit Gundam 0083: Stardust Memory,mistralai/mistral-nemo-instruct-2407,PARCIAL,324,320,0,301390,3
2026-07-24T01:58:26.916080900Z,Mobile Suit Gundam 0083 - Stardust Memory - S01E10_Track3.ass,[Joseki] Mobile Suit Gundam 0083 Stardust Memory COMPLETE (1991)(BD AV1 1080p Opus)[Sub Eng],Temporada Única,Mobile Suit Gundam 0083: Stardust Memory,mistralai/mistral-nemo-instruct-2407,CONCLUIDO,286,282,0,239910,0
2026-07-24T02:03:38.728438300Z,Mobile Suit Gundam 0083 - Stardust Memory - S01E11_Track3.ass,[Joseki] Mobile Suit Gundam 0083 Stardust Memory COMPLETE (1991)(BD AV1 1080p Opus)[Sub Eng],Temporada Única,Mobile Suit Gundam 0083: Stardust Memory,mistralai/mistral-nemo-instruct-2407,PARCIAL,345,340,0,311806,2
2026-07-24T02:07:44.651100100Z,Mobile Suit Gundam 0083 - Stardust Memory - S01E12_Track3.ass,[Joseki] Mobile Suit Gundam 0083 Stardust Memory COMPLETE (1991)(BD AV1 1080p Opus)[Sub Eng],Temporada Única,Mobile Suit Gundam 0083: Stardust Memory,mistralai/mistral-nemo-instruct-2407,PARCIAL,273,271,0,245916,2
2026-07-24T02:11:06.331010700Z,Mobile Suit Gundam 0083 - Stardust Memory - S01E13_Track3.ass,[Joseki] Mobile Suit Gundam 0083 Stardust Memory COMPLETE (1991)(BD AV1 1080p Opus)[Sub Eng],Temporada Única,Mobile Suit Gundam 0083: Stardust Memory,mistralai/mistral-nemo-instruct-2407,PARCIAL,238,225,0,201677,2
2026-07-25T12:18:47.424436800Z,Mobile Suit Gundam 0083 - Stardust Memory - S01E01_Track3.ass,[Joseki] Mobile Suit Gundam 0083 Stardust Memory COMPLETE (1991)(BD AV1 1080p Opus)[Sub Eng],Temporada Única,Guilty Crown,mistralai/mistral-nemo-instruct-2407,PARCIAL,346,335,0,329228,3
2026-07-25T12:19:10.170129800Z,Mobile Suit Gundam 0083 - Stardust Memory - S01E02_5_Track3.ass,[Joseki] Mobile Suit Gundam 0083 Stardust Memory COMPLETE (1991)(BD AV1 1080p Opus)[Sub Eng],Temporada Única,Guilty Crown,mistralai/mistral-nemo-instruct-2407,CONCLUIDO,24,21,0,22725,0
2026-07-25T12:24:34.886715100Z,Mobile Suit Gundam 0083 - Stardust Memory - S01E02_Track3.ass,[Joseki] Mobile Suit Gundam 0083 Stardust Memory COMPLETE (1991)(BD AV1 1080p Opus)[Sub Eng],Temporada Única,Guilty Crown,mistralai/mistral-nemo-instruct-2407,PARCIAL,358,347,0,324710,3
2026-07-25T12:26:25.275594900Z,Mobile Suit Gundam 0083 - Stardust Memory - S01E03-5_Track2.ass,[Joseki] Mobile Suit Gundam 0083 Stardust Memory COMPLETE (1991)(BD AV1 1080p Opus)[Sub Eng],Temporada Única,Guilty Crown,mistralai/mistral-nemo-instruct-2407,PARCIAL,93,91,0,110373,2
2026-07-25T12:31:11.535244200Z,Mobile Suit Gundam 0083 - Stardust Memory - S01E03_Track3.ass,[Joseki] Mobile Suit Gundam 0083 Stardust Memory COMPLETE (1991)(BD AV1 1080p Opus)[Sub Eng],Temporada Única,Guilty Crown,mistralai/mistral-nemo-instruct-2407,PARCIAL,329,318,0,286248,1
2026-07-25T12:36:55.303333900Z,Mobile Suit Gundam 0083 - Stardust Memory - S01E04_Track3.ass,[Joseki] Mobile Suit Gundam 0083 Stardust Memory COMPLETE (1991)(BD AV1 1080p Opus)[Sub Eng],Temporada Única,Guilty Crown,mistralai/mistral-nemo-instruct-2407,PARCIAL,370,356,0,343758,4
2026-07-25T12:42:57.669464500Z,Mobile Suit Gundam 0083 - Stardust Memory - S01E05_Track3.ass,[Joseki] Mobile Suit Gundam 0083 Stardust Memory COMPLETE (1991)(BD AV1 1080p Opus)[Sub Eng],Temporada Única,Guilty Crown,mistralai/mistral-nemo-instruct-2407,PARCIAL,390,382,0,362352,4
2026-07-25T12:47:20.967029300Z,Mobile Suit Gundam 0083 - Stardust Memory - S01E06_Track3.ass,[Joseki] Mobile Suit Gundam 0083 Stardust Memory COMPLETE (1991)(BD AV1 1080p Opus)[Sub Eng],Temporada Única,Guilty Crown,mistralai/mistral-nemo-instruct-2407,PARCIAL,303,299,0,263290,2
2026-07-25T12:52:33.615614100Z,Mobile Suit Gundam 0083 - Stardust Memory - S01E07_Track3.ass,[Joseki] Mobile Suit Gundam 0083 Stardust Memory COMPLETE (1991)(BD AV1 1080p Opus)[Sub Eng],Temporada Única,Guilty Crown,mistralai/mistral-nemo-instruct-2407,PARCIAL,352,343,0,312633,6
2026-07-25T12:58:01.569395100Z,Mobile Suit Gundam 0083 - Stardust Memory - S01E08_Track3.ass,[Joseki] Mobile Suit Gundam 0083 Stardust Memory COMPLETE (1991)(BD AV1 1080p Opus)[Sub Eng],Temporada Única,Guilty Crown,mistralai/mistral-nemo-instruct-2407,PARCIAL,411,403,0,327935,1
2026-07-25T13:02:57.459335Z,Mobile Suit Gundam 0083 - Stardust Memory - S01E09_Track3.ass,[Joseki] Mobile Suit Gundam 0083 Stardust Memory COMPLETE (1991)(BD AV1 1080p Opus)[Sub Eng],Temporada Única,Guilty Crown,mistralai/mistral-nemo-instruct-2407,PARCIAL,324,320,0,295872,2
2026-07-25T13:06:50.720690900Z,Mobile Suit Gundam 0083 - Stardust Memory - S01E10_Track3.ass,[Joseki] Mobile Suit Gundam 0083 Stardust Memory COMPLETE (1991)(BD AV1 1080p Opus)[Sub Eng],Temporada Única,Guilty Crown,mistralai/mistral-nemo-instruct-2407,CONCLUIDO,286,282,0,233244,0
2026-07-25T13:11:55.363215300Z,Mobile Suit Gundam 0083 - Stardust Memory - S01E11_Track3.ass,[Joseki] Mobile Suit Gundam 0083 Stardust Memory COMPLETE (1991)(BD AV1 1080p Opus)[Sub Eng],Temporada Única,Guilty Crown,mistralai/mistral-nemo-instruct-2407,PARCIAL,345,341,0,304633,1
2026-07-25T13:15:52.255470600Z,Mobile Suit Gundam 0083 - Stardust Memory - S01E12_Track3.ass,[Joseki] Mobile Suit Gundam 0083 Stardust Memory COMPLETE (1991)(BD AV1 1080p Opus)[Sub Eng],Temporada Única,Guilty Crown,mistralai/mistral-nemo-instruct-2407,PARCIAL,273,271,0,236885,1
2026-07-25T13:19:00.450327900Z,Mobile Suit Gundam 0083 - Stardust Memory - S01E13_Track3.ass,[Joseki] Mobile Suit Gundam 0083 Stardust Memory COMPLETE (1991)(BD AV1 1080p Opus)[Sub Eng],Temporada Única,Guilty Crown,mistralai/mistral-nemo-instruct-2407,PARCIAL,238,225,0,188185,5
2026-07-25T13:30:53.422857100Z,Guilty Crown - 01_Track4.ass,[Anime Time] Guilty Crown + OVA [BD][Dual Audio][1080p][HEVC 10bit x265][Opus][Eng Sub],Temporada Única,Guilty Crown,mistralai/mistral-nemo-instruct-2407,PARCIAL,216,212,0,165923,1
2026-07-25T13:35:31.141880Z,Guilty Crown - 02_Track4.ass,[Anime Time] Guilty Crown + OVA [BD][Dual Audio][1080p][HEVC 10bit x265][Opus][Eng Sub],Temporada Única,Guilty Crown,mistralai/mistral-nemo-instruct-2407,PARCIAL,277,271,0,277709,15
2026-07-25T13:41:13.914654500Z,Guilty Crown - 03_Track4.ass,[Anime Time] Guilty Crown + OVA [BD][Dual Audio][1080p][HEVC 10bit x265][Opus][Eng Sub],Temporada Única,Guilty Crown,mistralai/mistral-nemo-instruct-2407,PARCIAL,356,339,0,342763,18
2026-07-25T13:46:19.251181900Z,Guilty Crown - 04_Track4.ass,[Anime Time] Guilty Crown + OVA [BD][Dual Audio][1080p][HEVC 10bit x265][Opus][Eng Sub],Temporada Única,Guilty Crown,mistralai/mistral-nemo-instruct-2407,PARCIAL,279,271,0,305314,8
2026-07-25T13:52:02.019715500Z,Guilty Crown - 05_Track4.ass,[Anime Time] Guilty Crown + OVA [BD][Dual Audio][1080p][HEVC 10bit x265][Opus][Eng Sub],Temporada Única,Guilty Crown,mistralai/mistral-nemo-instruct-2407,PARCIAL,278,266,0,342751,15
2026-07-25T13:56:54.569622700Z,Guilty Crown - 06_Track4.ass,[Anime Time] Guilty Crown + OVA [BD][Dual Audio][1080p][HEVC 10bit x265][Opus][Eng Sub],Temporada Única,Guilty Crown,mistralai/mistral-nemo-instruct-2407,PARCIAL,264,255,0,292538,9
2026-07-25T14:02:59.239040800Z,Guilty Crown - 07_Track4.ass,[Anime Time] Guilty Crown + OVA [BD][Dual Audio][1080p][HEVC 10bit x265][Opus][Eng Sub],Temporada Única,Guilty Crown,mistralai/mistral-nemo-instruct-2407,PARCIAL,319,306,0,364652,13
2026-07-25T14:08:10.284765500Z,Guilty Crown - 08_Track4.ass,[Anime Time] Guilty Crown + OVA [BD][Dual Audio][1080p][HEVC 10bit x265][Opus][Eng Sub],Temporada Única,Guilty Crown,mistralai/mistral-nemo-instruct-2407,PARCIAL,289,281,0,311028,14
2026-07-25T14:12:26.981933300Z,Guilty Crown - 09_Track4.ass,[Anime Time] Guilty Crown + OVA [BD][Dual Audio][1080p][HEVC 10bit x265][Opus][Eng Sub],Temporada Única,Guilty Crown,mistralai/mistral-nemo-instruct-2407,PARCIAL,262,249,0,256682,11
2026-07-25T14:16:41.815452Z,Guilty Crown - 10_Track4.ass,[Anime Time] Guilty Crown + OVA [BD][Dual Audio][1080p][HEVC 10bit x265][Opus][Eng Sub],Temporada Única,Guilty Crown,mistralai/mistral-nemo-instruct-2407,PARCIAL,284,266,0,254819,12
2026-07-25T14:21:38.919014200Z,Guilty Crown - 11_Track4.ass,[Anime Time] Guilty Crown + OVA [BD][Dual Audio][1080p][HEVC 10bit x265][Opus][Eng Sub],Temporada Única,Guilty Crown,mistralai/mistral-nemo-instruct-2407,PARCIAL,281,268,0,297084,9
2026-07-25T14:26:15.220574600Z,Guilty Crown - 12_Track4.ass,[Anime Time] Guilty Crown + OVA [BD][Dual Audio][1080p][HEVC 10bit x265][Opus][Eng Sub],Temporada Única,Guilty Crown,mistralai/mistral-nemo-instruct-2407,PARCIAL,262,249,0,276289,14
2026-07-25T14:38:15.809690200Z,Guilty Crown - 13_Track4.ass,[Anime Time] Guilty Crown + OVA [BD][Dual Audio][1080p][HEVC 10bit x265][Opus][Eng Sub],Temporada Única,Guilty Crown,mistralai/mistral-nemo-instruct-2407,PARCIAL,389,377,0,720569,38
2026-07-25T17:32:08.849566200Z,Guilty Crown - 01_Track4.ass,[Anime Time] Guilty Crown + OVA [BD][Dual Audio][1080p][HEVC 10bit x265][Opus][Eng Sub],Temporada Única,Guilty Crown,mistralai/mistral-nemo-instruct-2407,PARCIAL,216,212,0,173583,1
2026-07-25T17:36:45.173176Z,Guilty Crown - 02_Track4.ass,[Anime Time] Guilty Crown + OVA [BD][Dual Audio][1080p][HEVC 10bit x265][Opus][Eng Sub],Temporada Única,Guilty Crown,mistralai/mistral-nemo-instruct-2407,PARCIAL,277,271,0,276300,11
2026-07-25T17:43:01.025394200Z,Guilty Crown - 03_Track4.ass,[Anime Time] Guilty Crown + OVA [BD][Dual Audio][1080p][HEVC 10bit x265][Opus][Eng Sub],Temporada Única,Guilty Crown,mistralai/mistral-nemo-instruct-2407,PARCIAL,356,339,0,375836,16
2026-07-25T17:48:42.425019900Z,Guilty Crown - 04_Track4.ass,[Anime Time] Guilty Crown + OVA [BD][Dual Audio][1080p][HEVC 10bit x265][Opus][Eng Sub],Temporada Única,Guilty Crown,mistralai/mistral-nemo-instruct-2407,PARCIAL,279,271,0,341377,9
2026-07-25T17:53:34.207870300Z,Guilty Crown - 05_Track4.ass,[Anime Time] Guilty Crown + OVA [BD][Dual Audio][1080p][HEVC 10bit x265][Opus][Eng Sub],Temporada Única,Guilty Crown,mistralai/mistral-nemo-instruct-2407,PARCIAL,278,266,0,291766,15
2026-07-25T17:58:09.536530100Z,Guilty Crown - 06_Track4.ass,[Anime Time] Guilty Crown + OVA [BD][Dual Audio][1080p][HEVC 10bit x265][Opus][Eng Sub],Temporada Única,Guilty Crown,mistralai/mistral-nemo-instruct-2407,PARCIAL,264,255,0,275312,8
2026-07-25T18:03:59.989359200Z,Guilty Crown - 07_Track4.ass,[Anime Time] Guilty Crown + OVA [BD][Dual Audio][1080p][HEVC 10bit x265][Opus][Eng Sub],Temporada Única,Guilty Crown,mistralai/mistral-nemo-instruct-2407,PARCIAL,319,306,0,350435,11
2026-07-25T18:09:18.343458500Z,Guilty Crown - 08_Track4.ass,[Anime Time] Guilty Crown + OVA [BD][Dual Audio][1080p][HEVC 10bit x265][Opus][Eng Sub],Temporada Única,Guilty Crown,mistralai/mistral-nemo-instruct-2407,PARCIAL,289,282,0,318347,15
2026-07-25T18:13:33.421388200Z,Guilty Crown - 09_Track4.ass,[Anime Time] Guilty Crown + OVA [BD][Dual Audio][1080p][HEVC 10bit x265][Opus][Eng Sub],Temporada Única,Guilty Crown,mistralai/mistral-nemo-instruct-2407,PARCIAL,262,248,0,255064,12
2026-07-25T18:18:08.861077400Z,Guilty Crown - 10_Track4.ass,[Anime Time] Guilty Crown + OVA [BD][Dual Audio][1080p][HEVC 10bit x265][Opus][Eng Sub],Temporada Única,Guilty Crown,mistralai/mistral-nemo-instruct-2407,PARCIAL,284,266,0,275434,10
2026-07-25T18:23:15.641223200Z,Guilty Crown - 11_Track4.ass,[Anime Time] Guilty Crown + OVA [BD][Dual Audio][1080p][HEVC 10bit x265][Opus][Eng Sub],Temporada Única,Guilty Crown,mistralai/mistral-nemo-instruct-2407,PARCIAL,281,268,0,306762,11
2026-07-25T18:27:52.793841100Z,Guilty Crown - 12_Track4.ass,[Anime Time] Guilty Crown + OVA [BD][Dual Audio][1080p][HEVC 10bit x265][Opus][Eng Sub],Temporada Única,Guilty Crown,mistralai/mistral-nemo-instruct-2407,PARCIAL,262,249,0,277135,15
2026-07-25T18:35:41.613924900Z,Guilty Crown - 13_Track4.ass,[Anime Time] Guilty Crown + OVA [BD][Dual Audio][1080p][HEVC 10bit x265][Opus][Eng Sub],Temporada Única,Guilty Crown,mistralai/mistral-nemo-instruct-2407,PARCIAL,360,350,0,468802,23
2026-07-25T18:44:31.141277900Z,Guilty Crown - 14_Track4.ass,[Anime Time] Guilty Crown + OVA [BD][Dual Audio][1080p][HEVC 10bit x265][Opus][Eng Sub],Temporada Única,Guilty Crown,mistralai/mistral-nemo-instruct-2407,PARCIAL,361,334,0,529511,29
2026-07-25T18:51:35.346964Z,Guilty Crown - 15_Track4.ass,[Anime Time] Guilty Crown + OVA [BD][Dual Audio][1080p][HEVC 10bit x265][Opus][Eng Sub],Temporada Única,Guilty Crown,mistralai/mistral-nemo-instruct-2407,PARCIAL,308,281,0,424184,32
2026-07-25T18:58:58.346672200Z,Guilty Crown - 16_Track4.ass,[Anime Time] Guilty Crown + OVA [BD][Dual Audio][1080p][HEVC 10bit x265][Opus][Eng Sub],Temporada Única,Guilty Crown,mistralai/mistral-nemo-instruct-2407,PARCIAL,330,318,0,442972,31
2026-07-25T19:06:06.774291900Z,Guilty Crown - 17_Track4.ass,[Anime Time] Guilty Crown + OVA [BD][Dual Audio][1080p][HEVC 10bit x265][Opus][Eng Sub],Temporada Única,Guilty Crown,mistralai/mistral-nemo-instruct-2407,PARCIAL,264,251,0,428409,19
2026-07-25T19:11:45.119713Z,Guilty Crown - 18_Track4.ass,[Anime Time] Guilty Crown + OVA [BD][Dual Audio][1080p][HEVC 10bit x265][Opus][Eng Sub],Temporada Única,Guilty Crown,mistralai/mistral-nemo-instruct-2407,PARCIAL,238,220,0,338324,16
2026-07-25T19:19:22.438810Z,Guilty Crown - 19_Track4.ass,[Anime Time] Guilty Crown + OVA [BD][Dual Audio][1080p][HEVC 10bit x265][Opus][Eng Sub],Temporada Única,Guilty Crown,mistralai/mistral-nemo-instruct-2407,PARCIAL,298,282,0,457309,23
2026-07-25T19:27:15.535037600Z,Guilty Crown - 20_Track4.ass,[Anime Time] Guilty Crown + OVA [BD][Dual Audio][1080p][HEVC 10bit x265][Opus][Eng Sub],Temporada Única,Guilty Crown,mistralai/mistral-nemo-instruct-2407,PARCIAL,323,315,0,473077,19
2026-07-25T19:33:44.490019200Z,Guilty Crown - 21_Track4.ass,[Anime Time] Guilty Crown + OVA [BD][Dual Audio][1080p][HEVC 10bit x265][Opus][Eng Sub],Temporada Única,Guilty Crown,mistralai/mistral-nemo-instruct-2407,PARCIAL,252,244,0,388924,19
2026-07-25T19:36:51.452888900Z,Guilty Crown - 22_Track4.ass,[Anime Time] Guilty Crown + OVA [BD][Dual Audio][1080p][HEVC 10bit x265][Opus][Eng Sub],Temporada Única,Guilty Crown,mistralai/mistral-nemo-instruct-2407,PARCIAL,264,252,0,186939,2
2026-07-25T19:38:28.395302800Z,Guilty Crown OVA - 01_Track2.ass,[Anime Time] Guilty Crown + OVA [BD][Dual Audio][1080p][HEVC 10bit x265][Opus][Eng Sub],Temporada Única,Guilty Crown,mistralai/mistral-nemo-instruct-2407,PARCIAL,98,95,0,96922,5
2026-07-25T20:34:22.975534300Z,Guilty Crown - 01_Track4.ass,[Anime Time] Guilty Crown + OVA [BD][Dual Audio][1080p][HEVC 10bit x265][Opus][Eng Sub],Temporada Única,Guilty Crown,towerinstruct-mistral-7b-v0.2,PARCIAL,188,184,0,58972,2
2026-07-25T20:35:46.321089700Z,Guilty Crown - 02_Track4.ass,[Anime Time] Guilty Crown + OVA [BD][Dual Audio][1080p][HEVC 10bit x265][Opus][Eng Sub],Temporada Única,Guilty Crown,towerinstruct-mistral-7b-v0.2,PARCIAL,251,250,0,83324,5
2026-07-25T20:37:30.917770800Z,Guilty Crown - 03_Track4.ass,[Anime Time] Guilty Crown + OVA [BD][Dual Audio][1080p][HEVC 10bit x265][Opus][Eng Sub],Temporada Única,Guilty Crown,towerinstruct-mistral-7b-v0.2,PARCIAL,330,316,0,104584,11
2026-07-25T20:38:54.038555Z,Guilty Crown - 04_Track4.ass,[Anime Time] Guilty Crown + OVA [BD][Dual Audio][1080p][HEVC 10bit x265][Opus][Eng Sub],Temporada Única,Guilty Crown,towerinstruct-mistral-7b-v0.2,PARCIAL,253,250,0,83089,1
2026-07-25T20:40:17.650685300Z,Guilty Crown - 05_Track4.ass,[Anime Time] Guilty Crown + OVA [BD][Dual Audio][1080p][HEVC 10bit x265][Opus][Eng Sub],Temporada Única,Guilty Crown,towerinstruct-mistral-7b-v0.2,PARCIAL,252,245,0,83599,10
2026-07-25T20:41:31.970339800Z,Guilty Crown - 06_Track4.ass,[Anime Time] Guilty Crown + OVA [BD][Dual Audio][1080p][HEVC 10bit x265][Opus][Eng Sub],Temporada Única,Guilty Crown,towerinstruct-mistral-7b-v0.2,PARCIAL,245,241,0,74295,3
2026-07-25T20:43:11.813355200Z,Guilty Crown - 07_Track4.ass,[Anime Time] Guilty Crown + OVA [BD][Dual Audio][1080p][HEVC 10bit x265][Opus][Eng Sub],Temporada Única,Guilty Crown,towerinstruct-mistral-7b-v0.2,PARCIAL,293,285,0,99835,6
2026-07-25T20:44:41.269277900Z,Guilty Crown - 08_Track4.ass,[Anime Time] Guilty Crown + OVA [BD][Dual Audio][1080p][HEVC 10bit x265][Opus][Eng Sub],Temporada Única,Guilty Crown,towerinstruct-mistral-7b-v0.2,PARCIAL,260,257,0,89437,7
2026-07-25T20:45:51.914743300Z,Guilty Crown - 09_Track4.ass,[Anime Time] Guilty Crown + OVA [BD][Dual Audio][1080p][HEVC 10bit x265][Opus][Eng Sub],Temporada Única,Guilty Crown,towerinstruct-mistral-7b-v0.2,PARCIAL,236,228,0,70631,1
2026-07-25T20:47:05.663362800Z,Guilty Crown - 10_Track4.ass,[Anime Time] Guilty Crown + OVA [BD][Dual Audio][1080p][HEVC 10bit x265][Opus][Eng Sub],Temporada Única,Guilty Crown,towerinstruct-mistral-7b-v0.2,PARCIAL,254,241,0,73730,2
2026-07-25T20:48:20.333999800Z,Guilty Crown - 11_Track4.ass,[Anime Time] Guilty Crown + OVA [BD][Dual Audio][1080p][HEVC 10bit x265][Opus][Eng Sub],Temporada Única,Guilty Crown,towerinstruct-mistral-7b-v0.2,PARCIAL,255,248,0,74655,3
2026-07-25T20:49:31.603148700Z,Guilty Crown - 12_Track4.ass,[Anime Time] Guilty Crown + OVA [BD][Dual Audio][1080p][HEVC 10bit x265][Opus][Eng Sub],Temporada Única,Guilty Crown,towerinstruct-mistral-7b-v0.2,PARCIAL,239,230,0,71253,6
2026-07-25T20:51:24.914728300Z,Guilty Crown - 13_Track4.ass,[Anime Time] Guilty Crown + OVA [BD][Dual Audio][1080p][HEVC 10bit x265][Opus][Eng Sub],Temporada Única,Guilty Crown,towerinstruct-mistral-7b-v0.2,PARCIAL,326,320,0,113293,13
2026-07-25T20:53:19.232991900Z,Guilty Crown - 14_Track4.ass,[Anime Time] Guilty Crown + OVA [BD][Dual Audio][1080p][HEVC 10bit x265][Opus][Eng Sub],Temporada Única,Guilty Crown,towerinstruct-mistral-7b-v0.2,PARCIAL,327,318,0,114302,8
2026-07-25T20:55:08.832666600Z,Guilty Crown - 15_Track4.ass,[Anime Time] Guilty Crown + OVA [BD][Dual Audio][1080p][HEVC 10bit x265][Opus][Eng Sub],Temporada Única,Guilty Crown,towerinstruct-mistral-7b-v0.2,PARCIAL,274,265,0,109588,4
2026-07-25T20:56:54.888005600Z,Guilty Crown - 16_Track4.ass,[Anime Time] Guilty Crown + OVA [BD][Dual Audio][1080p][HEVC 10bit x265][Opus][Eng Sub],Temporada Única,Guilty Crown,towerinstruct-mistral-7b-v0.2,PARCIAL,296,291,0,106034,12
2026-07-25T20:58:06.397408Z,Guilty Crown - 17_Track4.ass,[Anime Time] Guilty Crown + OVA [BD][Dual Audio][1080p][HEVC 10bit x265][Opus][Eng Sub],Temporada Única,Guilty Crown,towerinstruct-mistral-7b-v0.2,PARCIAL,230,224,0,71503,2
2026-07-25T20:59:06.977232200Z,Guilty Crown - 18_Track4.ass,[Anime Time] Guilty Crown + OVA [BD][Dual Audio][1080p][HEVC 10bit x265][Opus][Eng Sub],Temporada Única,Guilty Crown,towerinstruct-mistral-7b-v0.2,CONCLUIDO,204,193,0,60561,0
2026-07-25T21:00:26.888161300Z,Guilty Crown - 19_Track4.ass,[Anime Time] Guilty Crown + OVA [BD][Dual Audio][1080p][HEVC 10bit x265][Opus][Eng Sub],Temporada Única,Guilty Crown,towerinstruct-mistral-7b-v0.2,PARCIAL,264,256,0,79886,6
2026-07-25T21:02:01.164159900Z,Guilty Crown - 20_Track4.ass,[Anime Time] Guilty Crown + OVA [BD][Dual Audio][1080p][HEVC 10bit x265][Opus][Eng Sub],Temporada Única,Guilty Crown,towerinstruct-mistral-7b-v0.2,PARCIAL,289,286,0,94267,5
2026-07-25T21:03:09.541966900Z,Guilty Crown - 21_Track4.ass,[Anime Time] Guilty Crown + OVA [BD][Dual Audio][1080p][HEVC 10bit x265][Opus][Eng Sub],Temporada Única,Guilty Crown,towerinstruct-mistral-7b-v0.2,PARCIAL,218,216,0,68369,3
2026-07-25T21:04:08.422094900Z,Guilty Crown - 22_Track4.ass,[Anime Time] Guilty Crown + OVA [BD][Dual Audio][1080p][HEVC 10bit x265][Opus][Eng Sub],Temporada Única,Guilty Crown,towerinstruct-mistral-7b-v0.2,CONCLUIDO,236,226,0,58859,0
2026-07-25T21:04:45.993616500Z,Guilty Crown OVA - 01_Track2.ass,[Anime Time] Guilty Crown + OVA [BD][Dual Audio][1080p][HEVC 10bit x265][Opus][Eng Sub],Temporada Única,Guilty Crown,towerinstruct-mistral-7b-v0.2,PARCIAL,98,95,0,37551,5
2026-07-25T21:10:02.087817600Z,Guilty Crown - 01_Track4.ass,[Anime Time] Guilty Crown + OVA [BD][Dual Audio][1080p][HEVC 10bit x265][Opus][Eng Sub],Temporada Única,Guilty Crown,google/gemma-3n-e4b,PARCIAL,188,179,0,93262,44
2026-07-25T21:12:31.520616600Z,Guilty Crown - 02_Track4.ass,[Anime Time] Guilty Crown + OVA [BD][Dual Audio][1080p][HEVC 10bit x265][Opus][Eng Sub],Temporada Única,Guilty Crown,google/gemma-3n-e4b,PARCIAL,251,244,0,149413,85
2026-07-25T21:14:18.669140Z,Guilty Crown - 03_Track4.ass,[Anime Time] Guilty Crown + OVA [BD][Dual Audio][1080p][HEVC 10bit x265][Opus][Eng Sub],Temporada Única,Guilty Crown,,FALHOU,0,0,0,0,1
2026-07-25T21:17:27.536629900Z,Guilty Crown - 04_Track4.ass,[Anime Time] Guilty Crown + OVA [BD][Dual Audio][1080p][HEVC 10bit x265][Opus][Eng Sub],Temporada Única,Guilty Crown,google/gemma-3n-e4b,PARCIAL,253,243,0,188838,108
2026-07-25T21:19:13.258041500Z,Guilty Crown - 05_Track4.ass,[Anime Time] Guilty Crown + OVA [BD][Dual Audio][1080p][HEVC 10bit x265][Opus][Eng Sub],Temporada Única,Guilty Crown,,FALHOU,0,0,0,0,1
2026-07-25T21:21:53.097952200Z,Guilty Crown - 06_Track4.ass,[Anime Time] Guilty Crown + OVA [BD][Dual Audio][1080p][HEVC 10bit x265][Opus][Eng Sub],Temporada Única,Guilty Crown,google/gemma-3n-e4b,PARCIAL,245,232,0,159818,89
2026-07-25T21:23:18.848324900Z,Guilty Crown - 07_Track4.ass,[Anime Time] Guilty Crown + OVA [BD][Dual Audio][1080p][HEVC 10bit x265][Opus][Eng Sub],Temporada Única,Guilty Crown,,FALHOU,0,0,0,0,1
2026-07-25T21:24:13.518654600Z,Guilty Crown - 08_Track4.ass,[Anime Time] Guilty Crown + OVA [BD][Dual Audio][1080p][HEVC 10bit x265][Opus][Eng Sub],Temporada Única,Guilty Crown,,FALHOU,0,0,0,0,1
2026-07-26T01:07:23.640994200Z,Guilty Crown - 01_Track4.ass,[Anime Time] Guilty Crown + OVA [BD][Dual Audio][1080p][HEVC 10bit x265][Opus][Eng Sub],Temporada Única,Guilty Crown,mistralai/mistral-nemo-instruct-2407,PARCIAL,188,184,0,163234,1
2026-07-26T01:10:55.581501500Z,Guilty Crown - 02_Track4.ass,[Anime Time] Guilty Crown + OVA [BD][Dual Audio][1080p][HEVC 10bit x265][Opus][Eng Sub],Temporada Única,Guilty Crown,mistralai/mistral-nemo-instruct-2407,PARCIAL,251,250,0,211935,3
2026-07-26T01:15:30.612226900Z,Guilty Crown - 03_Track4.ass,[Anime Time] Guilty Crown + OVA [BD][Dual Audio][1080p][HEVC 10bit x265][Opus][Eng Sub],Temporada Única,Guilty Crown,mistralai/mistral-nemo-instruct-2407,PARCIAL,330,318,0,275027,10
2026-07-26T01:19:18.594010600Z,Guilty Crown - 04_Track4.ass,[Anime Time] Guilty Crown + OVA [BD][Dual Audio][1080p][HEVC 10bit x265][Opus][Eng Sub],Temporada Única,Guilty Crown,mistralai/mistral-nemo-instruct-2407,PARCIAL,253,250,0,227979,1
2026-07-26T01:22:59.244330100Z,Guilty Crown - 05_Track4.ass,[Anime Time] Guilty Crown + OVA [BD][Dual Audio][1080p][HEVC 10bit x265][Opus][Eng Sub],Temporada Única,Guilty Crown,mistralai/mistral-nemo-instruct-2407,PARCIAL,252,245,0,220644,10
2026-07-26T01:26:21.230299400Z,Guilty Crown - 06_Track4.ass,[Anime Time] Guilty Crown + OVA [BD][Dual Audio][1080p][HEVC 10bit x265][Opus][Eng Sub],Temporada Única,Guilty Crown,mistralai/mistral-nemo-instruct-2407,PARCIAL,245,241,0,201982,3
2026-07-26T01:30:41.698904700Z,Guilty Crown - 07_Track4.ass,[Anime Time] Guilty Crown + OVA [BD][Dual Audio][1080p][HEVC 10bit x265][Opus][Eng Sub],Temporada Única,Guilty Crown,mistralai/mistral-nemo-instruct-2407,PARCIAL,293,285,0,260464,6
2026-07-26T01:34:32.363247Z,Guilty Crown - 08_Track4.ass,[Anime Time] Guilty Crown + OVA [BD][Dual Audio][1080p][HEVC 10bit x265][Opus][Eng Sub],Temporada Única,Guilty Crown,mistralai/mistral-nemo-instruct-2407,PARCIAL,260,257,0,230660,10
2026-07-26T01:37:42.570321100Z,Guilty Crown - 09_Track4.ass,[Anime Time] Guilty Crown + OVA [BD][Dual Audio][1080p][HEVC 10bit x265][Opus][Eng Sub],Temporada Única,Guilty Crown,mistralai/mistral-nemo-instruct-2407,PARCIAL,236,228,0,190203,1
2026-07-26T01:40:57.569362800Z,Guilty Crown - 10_Track4.ass,[Anime Time] Guilty Crown + OVA [BD][Dual Audio][1080p][HEVC 10bit x265][Opus][Eng Sub],Temporada Única,Guilty Crown,mistralai/mistral-nemo-instruct-2407,PARCIAL,254,241,0,194995,2
2026-07-26T01:44:27.951583200Z,Guilty Crown - 11_Track4.ass,[Anime Time] Guilty Crown + OVA [BD][Dual Audio][1080p][HEVC 10bit x265][Opus][Eng Sub],Temporada Única,Guilty Crown,mistralai/mistral-nemo-instruct-2407,PARCIAL,255,247,0,210377,4
2026-07-26T01:47:41.997811900Z,Guilty Crown - 12_Track4.ass,[Anime Time] Guilty Crown + OVA [BD][Dual Audio][1080p][HEVC 10bit x265][Opus][Eng Sub],Temporada Única,Guilty Crown,mistralai/mistral-nemo-instruct-2407,PARCIAL,239,230,0,194043,9
2026-07-26T01:52:26.745757200Z,Guilty Crown - 13_Track4.ass,[Anime Time] Guilty Crown + OVA [BD][Dual Audio][1080p][HEVC 10bit x265][Opus][Eng Sub],Temporada Única,Guilty Crown,mistralai/mistral-nemo-instruct-2407,PARCIAL,326,322,0,284742,10
2026-07-26T01:57:34.272780500Z,Guilty Crown - 14_Track4.ass,[Anime Time] Guilty Crown + OVA [BD][Dual Audio][1080p][HEVC 10bit x265][Opus][Eng Sub],Temporada Única,Guilty Crown,mistralai/mistral-nemo-instruct-2407,PARCIAL,327,318,0,307522,8
2026-07-26T02:01:31.663495500Z,Guilty Crown - 15_Track4.ass,[Anime Time] Guilty Crown + OVA [BD][Dual Audio][1080p][HEVC 10bit x265][Opus][Eng Sub],Temporada Única,Guilty Crown,mistralai/mistral-nemo-instruct-2407,PARCIAL,274,265,0,237384,6
2026-07-26T02:06:12.563765400Z,Guilty Crown - 16_Track4.ass,[Anime Time] Guilty Crown + OVA [BD][Dual Audio][1080p][HEVC 10bit x265][Opus][Eng Sub],Temporada Única,Guilty Crown,mistralai/mistral-nemo-instruct-2407,PARCIAL,296,290,0,280896,14
2026-07-26T02:09:22.477042Z,Guilty Crown - 17_Track4.ass,[Anime Time] Guilty Crown + OVA [BD][Dual Audio][1080p][HEVC 10bit x265][Opus][Eng Sub],Temporada Única,Guilty Crown,mistralai/mistral-nemo-instruct-2407,PARCIAL,230,223,0,189911,6
2026-07-26T02:11:57.080738500Z,Guilty Crown - 18_Track4.ass,[Anime Time] Guilty Crown + OVA [BD][Dual Audio][1080p][HEVC 10bit x265][Opus][Eng Sub],Temporada Única,Guilty Crown,mistralai/mistral-nemo-instruct-2407,PARCIAL,204,193,0,154600,1
2026-07-26T02:15:32.653807100Z,Guilty Crown - 19_Track4.ass,[Anime Time] Guilty Crown + OVA [BD][Dual Audio][1080p][HEVC 10bit x265][Opus][Eng Sub],Temporada Única,Guilty Crown,mistralai/mistral-nemo-instruct-2407,PARCIAL,264,255,0,215563,7
2026-07-26T02:19:36.755550500Z,Guilty Crown - 20_Track4.ass,[Anime Time] Guilty Crown + OVA [BD][Dual Audio][1080p][HEVC 10bit x265][Opus][Eng Sub],Temporada Única,Guilty Crown,mistralai/mistral-nemo-instruct-2407,PARCIAL,289,287,0,244099,3
2026-07-26T02:22:40.344464100Z,Guilty Crown - 21_Track4.ass,[Anime Time] Guilty Crown + OVA [BD][Dual Audio][1080p][HEVC 10bit x265][Opus][Eng Sub],Temporada Única,Guilty Crown,mistralai/mistral-nemo-instruct-2407,PARCIAL,218,216,0,183586,5
2026-07-26T02:25:10.026687Z,Guilty Crown - 22_Track4.ass,[Anime Time] Guilty Crown + OVA [BD][Dual Audio][1080p][HEVC 10bit x265][Opus][Eng Sub],Temporada Única,Guilty Crown,mistralai/mistral-nemo-instruct-2407,CONCLUIDO,236,226,0,149678,0
2026-07-26T02:26:48.196074700Z,Guilty Crown OVA - 01_Track2.ass,[Anime Time] Guilty Crown + OVA [BD][Dual Audio][1080p][HEVC 10bit x265][Opus][Eng Sub],Temporada Única,Guilty Crown,mistralai/mistral-nemo-instruct-2407,PARCIAL,98,95,0,98165,5
2026-07-26T04:14:04.353041400Z,Mobile.Suit.Gundam.ZZ.S01E01_ENG.ass,Mobile Suit Gundam ZZ,Temporada Única,Mobile Suit Zeta Gundam,,BLOQUEADO,0,0,0,0,1
2026-07-26T04:14:04.368045500Z,Mobile.Suit.Gundam.ZZ.S01E02_ENG.ass,Mobile Suit Gundam ZZ,Temporada Única,Mobile Suit Zeta Gundam,,BLOQUEADO,0,0,0,0,1
2026-07-26T04:14:04.373340300Z,Mobile.Suit.Gundam.ZZ.S01E03_ENG.ass,Mobile Suit Gundam ZZ,Temporada Única,Mobile Suit Zeta Gundam,,BLOQUEADO,0,0,0,0,1
2026-07-26T04:14:04.379330800Z,Mobile.Suit.Gundam.ZZ.S01E04_ENG.ass,Mobile Suit Gundam ZZ,Temporada Única,Mobile Suit Zeta Gundam,,BLOQUEADO,0,0,0,0,1
2026-07-26T04:14:04.389331800Z,Mobile.Suit.Gundam.ZZ.S01E05_ENG.ass,Mobile Suit Gundam ZZ,Temporada Única,Mobile Suit Zeta Gundam,,BLOQUEADO,0,0,0,0,1
2026-07-26T04:14:04.397337900Z,Mobile.Suit.Gundam.ZZ.S01E06_ENG.ass,Mobile Suit Gundam ZZ,Temporada Única,Mobile Suit Zeta Gundam,,BLOQUEADO,0,0,0,0,1
2026-07-26T04:14:04.406330900Z,Mobile.Suit.Gundam.ZZ.S01E07_ENG.ass,Mobile Suit Gundam ZZ,Temporada Única,Mobile Suit Zeta Gundam,,BLOQUEADO,0,0,0,0,1
2026-07-26T04:14:04.415335900Z,Mobile.Suit.Gundam.ZZ.S01E08_ENG.ass,Mobile Suit Gundam ZZ,Temporada Única,Mobile Suit Zeta Gundam,,BLOQUEADO,0,0,0,0,1
2026-07-26T04:14:04.426331Z,Mobile.Suit.Gundam.ZZ.S01E09_ENG.ass,Mobile Suit Gundam ZZ,Temporada Única,Mobile Suit Zeta Gundam,,BLOQUEADO,0,0,0,0,1
2026-07-26T04:14:04.436336800Z,Mobile.Suit.Gundam.ZZ.S01E10_ENG.ass,Mobile Suit Gundam ZZ,Temporada Única,Mobile Suit Zeta Gundam,,BLOQUEADO,0,0,0,0,1
2026-07-26T04:14:04.446332100Z,Mobile.Suit.Gundam.ZZ.S01E11_ENG.ass,Mobile Suit Gundam ZZ,Temporada Única,Mobile Suit Zeta Gundam,,BLOQUEADO,0,0,0,0,1
2026-07-26T04:14:04.455333500Z,Mobile.Suit.Gundam.ZZ.S01E12_ENG.ass,Mobile Suit Gundam ZZ,Temporada Única,Mobile Suit Zeta Gundam,,BLOQUEADO,0,0,0,0,1
2026-07-26T04:14:04.464336200Z,Mobile.Suit.Gundam.ZZ.S01E13_ENG.ass,Mobile Suit Gundam ZZ,Temporada Única,Mobile Suit Zeta Gundam,,BLOQUEADO,0,0,0,0,1
2026-07-26T04:14:04.473346400Z,Mobile.Suit.Gundam.ZZ.S01E14_ENG.ass,Mobile Suit Gundam ZZ,Temporada Única,Mobile Suit Zeta Gundam,,BLOQUEADO,0,0,0,0,1
2026-07-26T04:14:04.483332600Z,Mobile.Suit.Gundam.ZZ.S01E15_ENG.ass,Mobile Suit Gundam ZZ,Temporada Única,Mobile Suit Zeta Gundam,,BLOQUEADO,0,0,0,0,1
2026-07-26T04:14:04.492339800Z,Mobile.Suit.Gundam.ZZ.S01E16_ENG.ass,Mobile Suit Gundam ZZ,Temporada Única,Mobile Suit Zeta Gundam,,BLOQUEADO,0,0,0,0,1
2026-07-26T04:14:04.501855600Z,Mobile.Suit.Gundam.ZZ.S01E17_ENG.ass,Mobile Suit Gundam ZZ,Temporada Única,Mobile Suit Zeta Gundam,,BLOQUEADO,0,0,0,0,1
2026-07-26T04:14:04.511863500Z,Mobile.Suit.Gundam.ZZ.S01E18_ENG.ass,Mobile Suit Gundam ZZ,Temporada Única,Mobile Suit Zeta Gundam,,BLOQUEADO,0,0,0,0,1
2026-07-26T04:14:04.521504100Z,Mobile.Suit.Gundam.ZZ.S01E19_ENG.ass,Mobile Suit Gundam ZZ,Temporada Única,Mobile Suit Zeta Gundam,,BLOQUEADO,0,0,0,0,1
2026-07-26T04:14:04.533505600Z,Mobile.Suit.Gundam.ZZ.S01E20_ENG.ass,Mobile Suit Gundam ZZ,Temporada Única,Mobile Suit Zeta Gundam,,BLOQUEADO,0,0,0,0,1
2026-07-26T04:14:04.543506600Z,Mobile.Suit.Gundam.ZZ.S01E21_ENG.ass,Mobile Suit Gundam ZZ,Temporada Única,Mobile Suit Zeta Gundam,,BLOQUEADO,0,0,0,0,1
2026-07-26T04:14:04.552502900Z,Mobile.Suit.Gundam.ZZ.S01E22_ENG.ass,Mobile Suit Gundam ZZ,Temporada Única,Mobile Suit Zeta Gundam,,BLOQUEADO,0,0,0,0,1
2026-07-26T04:14:04.562503600Z,Mobile.Suit.Gundam.ZZ.S01E23_ENG.ass,Mobile Suit Gundam ZZ,Temporada Única,Mobile Suit Zeta Gundam,,BLOQUEADO,0,0,0,0,1
2026-07-26T04:14:04.571503300Z,Mobile.Suit.Gundam.ZZ.S01E24_ENG.ass,Mobile Suit Gundam ZZ,Temporada Única,Mobile Suit Zeta Gundam,,BLOQUEADO,0,0,0,0,1
2026-07-26T04:14:04.579518600Z,Mobile.Suit.Gundam.ZZ.S01E25_ENG.ass,Mobile Suit Gundam ZZ,Temporada Única,Mobile Suit Zeta Gundam,,BLOQUEADO,0,0,0,0,1
2026-07-26T04:14:04.587501900Z,Mobile.Suit.Gundam.ZZ.S01E26_ENG.ass,Mobile Suit Gundam ZZ,Temporada Única,Mobile Suit Zeta Gundam,,BLOQUEADO,0,0,0,0,1
2026-07-26T04:14:04.593505Z,Mobile.Suit.Gundam.ZZ.S01E27_ENG.ass,Mobile Suit Gundam ZZ,Temporada Única,Mobile Suit Zeta Gundam,,BLOQUEADO,0,0,0,0,1
2026-07-26T04:14:04.601505200Z,Mobile.Suit.Gundam.ZZ.S01E28_ENG.ass,Mobile Suit Gundam ZZ,Temporada Única,Mobile Suit Zeta Gundam,,BLOQUEADO,0,0,0,0,1
2026-07-26T04:14:04.607505500Z,Mobile.Suit.Gundam.ZZ.S01E29_ENG.ass,Mobile Suit Gundam ZZ,Temporada Única,Mobile Suit Zeta Gundam,,BLOQUEADO,0,0,0,0,1
2026-07-26T04:14:04.614503600Z,Mobile.Suit.Gundam.ZZ.S01E30_ENG.ass,Mobile Suit Gundam ZZ,Temporada Única,Mobile Suit Zeta Gundam,,BLOQUEADO,0,0,0,0,1
2026-07-26T04:14:04.623502700Z,Mobile.Suit.Gundam.ZZ.S01E31_ENG.ass,Mobile Suit Gundam ZZ,Temporada Única,Mobile Suit Zeta Gundam,,BLOQUEADO,0,0,0,0,1
2026-07-26T04:14:04.631501600Z,Mobile.Suit.Gundam.ZZ.S01E32_ENG.ass,Mobile Suit Gundam ZZ,Temporada Única,Mobile Suit Zeta Gundam,,BLOQUEADO,0,0,0,0,1
2026-07-26T04:14:04.640502200Z,Mobile.Suit.Gundam.ZZ.S01E33_ENG.ass,Mobile Suit Gundam ZZ,Temporada Única,Mobile Suit Zeta Gundam,,BLOQUEADO,0,0,0,0,1
2026-07-26T04:14:04.649506700Z,Mobile.Suit.Gundam.ZZ.S01E34_ENG.ass,Mobile Suit Gundam ZZ,Temporada Única,Mobile Suit Zeta Gundam,,BLOQUEADO,0,0,0,0,1
2026-07-26T04:14:04.656503100Z,Mobile.Suit.Gundam.ZZ.S01E35_ENG.ass,Mobile Suit Gundam ZZ,Temporada Única,Mobile Suit Zeta Gundam,,BLOQUEADO,0,0,0,0,1
2026-07-26T04:14:04.663503900Z,Mobile.Suit.Gundam.ZZ.S01E36_ENG.ass,Mobile Suit Gundam ZZ,Temporada Única,Mobile Suit Zeta Gundam,,BLOQUEADO,0,0,0,0,1
2026-07-26T04:14:04.670503200Z,Mobile.Suit.Gundam.ZZ.S01E37_ENG.ass,Mobile Suit Gundam ZZ,Temporada Única,Mobile Suit Zeta Gundam,,BLOQUEADO,0,0,0,0,1
2026-07-26T04:14:04.677502600Z,Mobile.Suit.Gundam.ZZ.S01E38_ENG.ass,Mobile Suit Gundam ZZ,Temporada Única,Mobile Suit Zeta Gundam,,BLOQUEADO,0,0,0,0,1
2026-07-26T04:14:04.685512500Z,Mobile.Suit.Gundam.ZZ.S01E39_ENG.ass,Mobile Suit Gundam ZZ,Temporada Única,Mobile Suit Zeta Gundam,,BLOQUEADO,0,0,0,0,1
2026-07-26T04:14:04.694504300Z,Mobile.Suit.Gundam.ZZ.S01E40_ENG.ass,Mobile Suit Gundam ZZ,Temporada Única,Mobile Suit Zeta Gundam,,BLOQUEADO,0,0,0,0,1
2026-07-26T04:14:04.702500300Z,Mobile.Suit.Gundam.ZZ.S01E41_ENG.ass,Mobile Suit Gundam ZZ,Temporada Única,Mobile Suit Zeta Gundam,,BLOQUEADO,0,0,0,0,1
2026-07-26T04:14:04.713505800Z,Mobile.Suit.Gundam.ZZ.S01E42_ENG.ass,Mobile Suit Gundam ZZ,Temporada Única,Mobile Suit Zeta Gundam,,BLOQUEADO,0,0,0,0,1
2026-07-26T04:14:04.723507100Z,Mobile.Suit.Gundam.ZZ.S01E43_ENG.ass,Mobile Suit Gundam ZZ,Temporada Única,Mobile Suit Zeta Gundam,,BLOQUEADO,0,0,0,0,1
2026-07-26T04:14:04.731526100Z,Mobile.Suit.Gundam.ZZ.S01E44_ENG.ass,Mobile Suit Gundam ZZ,Temporada Única,Mobile Suit Zeta Gundam,,BLOQUEADO,0,0,0,0,1
2026-07-26T04:14:04.740521100Z,Mobile.Suit.Gundam.ZZ.S01E45_ENG.ass,Mobile Suit Gundam ZZ,Temporada Única,Mobile Suit Zeta Gundam,,BLOQUEADO,0,0,0,0,1
2026-07-26T04:14:04.748504800Z,Mobile.Suit.Gundam.ZZ.S01E46_ENG.ass,Mobile Suit Gundam ZZ,Temporada Única,Mobile Suit Zeta Gundam,,BLOQUEADO,0,0,0,0,1
2026-07-26T04:14:04.756373900Z,Mobile.Suit.Gundam.ZZ.S01E47_ENG.ass,Mobile Suit Gundam ZZ,Temporada Única,Mobile Suit Zeta Gundam,,BLOQUEADO,0,0,0,0,1
2026-07-26T04:14:11.199774100Z,Mobile.Suit.Gundam.ZZ.S01E01_ENG.ass,Mobile Suit Gundam ZZ,Temporada Única,Mobile Suit Zeta Gundam,,BLOQUEADO,0,0,0,0,1
2026-07-26T04:14:11.215780600Z,Mobile.Suit.Gundam.ZZ.S01E02_ENG.ass,Mobile Suit Gundam ZZ,Temporada Única,Mobile Suit Zeta Gundam,,BLOQUEADO,0,0,0,0,1
2026-07-26T04:14:11.219780600Z,Mobile.Suit.Gundam.ZZ.S01E03_ENG.ass,Mobile Suit Gundam ZZ,Temporada Única,Mobile Suit Zeta Gundam,,BLOQUEADO,0,0,0,0,1
2026-07-26T04:14:11.225215900Z,Mobile.Suit.Gundam.ZZ.S01E04_ENG.ass,Mobile Suit Gundam ZZ,Temporada Única,Mobile Suit Zeta Gundam,,BLOQUEADO,0,0,0,0,1
2026-07-26T04:14:11.230221Z,Mobile.Suit.Gundam.ZZ.S01E05_ENG.ass,Mobile Suit Gundam ZZ,Temporada Única,Mobile Suit Zeta Gundam,,BLOQUEADO,0,0,0,0,1
2026-07-26T04:14:11.234219900Z,Mobile.Suit.Gundam.ZZ.S01E06_ENG.ass,Mobile Suit Gundam ZZ,Temporada Única,Mobile Suit Zeta Gundam,,BLOQUEADO,0,0,0,0,1
2026-07-26T04:14:11.240227800Z,Mobile.Suit.Gundam.ZZ.S01E07_ENG.ass,Mobile Suit Gundam ZZ,Temporada Única,Mobile Suit Zeta Gundam,,BLOQUEADO,0,0,0,0,1
2026-07-26T04:14:11.245218900Z,Mobile.Suit.Gundam.ZZ.S01E08_ENG.ass,Mobile Suit Gundam ZZ,Temporada Única,Mobile Suit Zeta Gundam,,BLOQUEADO,0,0,0,0,1
2026-07-26T04:14:11.249299400Z,Mobile.Suit.Gundam.ZZ.S01E09_ENG.ass,Mobile Suit Gundam ZZ,Temporada Única,Mobile Suit Zeta Gundam,,BLOQUEADO,0,0,0,0,1
2026-07-26T04:14:11.254314700Z,Mobile.Suit.Gundam.ZZ.S01E10_ENG.ass,Mobile Suit Gundam ZZ,Temporada Única,Mobile Suit Zeta Gundam,,BLOQUEADO,0,0,0,0,1
2026-07-26T04:14:11.258619400Z,Mobile.Suit.Gundam.ZZ.S01E11_ENG.ass,Mobile Suit Gundam ZZ,Temporada Única,Mobile Suit Zeta Gundam,,BLOQUEADO,0,0,0,0,1
2026-07-26T04:14:11.263638300Z,Mobile.Suit.Gundam.ZZ.S01E12_ENG.ass,Mobile Suit Gundam ZZ,Temporada Única,Mobile Suit Zeta Gundam,,BLOQUEADO,0,0,0,0,1
2026-07-26T04:14:11.268077600Z,Mobile.Suit.Gundam.ZZ.S01E13_ENG.ass,Mobile Suit Gundam ZZ,Temporada Única,Mobile Suit Zeta Gundam,,BLOQUEADO,0,0,0,0,1
2026-07-26T04:14:11.275337400Z,Mobile.Suit.Gundam.ZZ.S01E14_ENG.ass,Mobile Suit Gundam ZZ,Temporada Única,Mobile Suit Zeta Gundam,,BLOQUEADO,0,0,0,0,1
2026-07-26T04:14:11.283476400Z,Mobile.Suit.Gundam.ZZ.S01E15_ENG.ass,Mobile Suit Gundam ZZ,Temporada Única,Mobile Suit Zeta Gundam,,BLOQUEADO,0,0,0,0,1
2026-07-26T04:14:11.290467700Z,Mobile.Suit.Gundam.ZZ.S01E16_ENG.ass,Mobile Suit Gundam ZZ,Temporada Única,Mobile Suit Zeta Gundam,,BLOQUEADO,0,0,0,0,1
2026-07-26T04:14:11.297468400Z,Mobile.Suit.Gundam.ZZ.S01E17_ENG.ass,Mobile Suit Gundam ZZ,Temporada Única,Mobile Suit Zeta Gundam,,BLOQUEADO,0,0,0,0,1
2026-07-26T04:14:11.310476900Z,Mobile.Suit.Gundam.ZZ.S01E18_ENG.ass,Mobile Suit Gundam ZZ,Temporada Única,Mobile Suit Zeta Gundam,,BLOQUEADO,0,0,0,0,1
2026-07-26T04:14:11.320468Z,Mobile.Suit.Gundam.ZZ.S01E19_ENG.ass,Mobile Suit Gundam ZZ,Temporada Única,Mobile Suit Zeta Gundam,,BLOQUEADO,0,0,0,0,1
2026-07-26T04:14:11.329475900Z,Mobile.Suit.Gundam.ZZ.S01E20_ENG.ass,Mobile Suit Gundam ZZ,Temporada Única,Mobile Suit Zeta Gundam,,BLOQUEADO,0,0,0,0,1
2026-07-26T04:14:11.337476300Z,Mobile.Suit.Gundam.ZZ.S01E21_ENG.ass,Mobile Suit Gundam ZZ,Temporada Única,Mobile Suit Zeta Gundam,,BLOQUEADO,0,0,0,0,1
2026-07-26T04:14:11.346467600Z,Mobile.Suit.Gundam.ZZ.S01E22_ENG.ass,Mobile Suit Gundam ZZ,Temporada Única,Mobile Suit Zeta Gundam,,BLOQUEADO,0,0,0,0,1
2026-07-26T04:14:11.355478700Z,Mobile.Suit.Gundam.ZZ.S01E23_ENG.ass,Mobile Suit Gundam ZZ,Temporada Única,Mobile Suit Zeta Gundam,,BLOQUEADO,0,0,0,0,1
2026-07-26T04:14:11.364627200Z,Mobile.Suit.Gundam.ZZ.S01E24_ENG.ass,Mobile Suit Gundam ZZ,Temporada Única,Mobile Suit Zeta Gundam,,BLOQUEADO,0,0,0,0,1
2026-07-26T04:14:11.373584Z,Mobile.Suit.Gundam.ZZ.S01E25_ENG.ass,Mobile Suit Gundam ZZ,Temporada Única,Mobile Suit Zeta Gundam,,BLOQUEADO,0,0,0,0,1
2026-07-26T04:14:11.382551500Z,Mobile.Suit.Gundam.ZZ.S01E26_ENG.ass,Mobile Suit Gundam ZZ,Temporada Única,Mobile Suit Zeta Gundam,,BLOQUEADO,0,0,0,0,1
2026-07-26T04:14:11.392468700Z,Mobile.Suit.Gundam.ZZ.S01E27_ENG.ass,Mobile Suit Gundam ZZ,Temporada Única,Mobile Suit Zeta Gundam,,BLOQUEADO,0,0,0,0,1
2026-07-26T04:14:11.401467700Z,Mobile.Suit.Gundam.ZZ.S01E28_ENG.ass,Mobile Suit Gundam ZZ,Temporada Única,Mobile Suit Zeta Gundam,,BLOQUEADO,0,0,0,0,1
2026-07-26T04:14:11.408481700Z,Mobile.Suit.Gundam.ZZ.S01E29_ENG.ass,Mobile Suit Gundam ZZ,Temporada Única,Mobile Suit Zeta Gundam,,BLOQUEADO,0,0,0,0,1
2026-07-26T04:14:11.416527500Z,Mobile.Suit.Gundam.ZZ.S01E30_ENG.ass,Mobile Suit Gundam ZZ,Temporada Única,Mobile Suit Zeta Gundam,,BLOQUEADO,0,0,0,0,1
2026-07-26T04:14:11.424444300Z,Mobile.Suit.Gundam.ZZ.S01E31_ENG.ass,Mobile Suit Gundam ZZ,Temporada Única,Mobile Suit Zeta Gundam,,BLOQUEADO,0,0,0,0,1
2026-07-26T04:14:11.433742400Z,Mobile.Suit.Gundam.ZZ.S01E32_ENG.ass,Mobile Suit Gundam ZZ,Temporada Única,Mobile Suit Zeta Gundam,,BLOQUEADO,0,0,0,0,1
2026-07-26T04:14:11.441735900Z,Mobile.Suit.Gundam.ZZ.S01E33_ENG.ass,Mobile Suit Gundam ZZ,Temporada Única,Mobile Suit Zeta Gundam,,BLOQUEADO,0,0,0,0,1
2026-07-26T04:14:11.449747600Z,Mobile.Suit.Gundam.ZZ.S01E34_ENG.ass,Mobile Suit Gundam ZZ,Temporada Única,Mobile Suit Zeta Gundam,,BLOQUEADO,0,0,0,0,1
2026-07-26T04:14:11.457735800Z,Mobile.Suit.Gundam.ZZ.S01E35_ENG.ass,Mobile Suit Gundam ZZ,Temporada Única,Mobile Suit Zeta Gundam,,BLOQUEADO,0,0,0,0,1
2026-07-26T04:14:11.465748800Z,Mobile.Suit.Gundam.ZZ.S01E36_ENG.ass,Mobile Suit Gundam ZZ,Temporada Única,Mobile Suit Zeta Gundam,,BLOQUEADO,0,0,0,0,1
2026-07-26T04:14:11.490352800Z,Mobile.Suit.Gundam.ZZ.S01E37_ENG.ass,Mobile Suit Gundam ZZ,Temporada Única,Mobile Suit Zeta Gundam,,BLOQUEADO,0,0,0,0,1
2026-07-26T04:14:11.498362Z,Mobile.Suit.Gundam.ZZ.S01E38_ENG.ass,Mobile Suit Gundam ZZ,Temporada Única,Mobile Suit Zeta Gundam,,BLOQUEADO,0,0,0,0,1
2026-07-26T04:14:11.504709100Z,Mobile.Suit.Gundam.ZZ.S01E39_ENG.ass,Mobile Suit Gundam ZZ,Temporada Única,Mobile Suit Zeta Gundam,,BLOQUEADO,0,0,0,0,1
2026-07-26T04:14:11.510710800Z,Mobile.Suit.Gundam.ZZ.S01E40_ENG.ass,Mobile Suit Gundam ZZ,Temporada Única,Mobile Suit Zeta Gundam,,BLOQUEADO,0,0,0,0,1
2026-07-26T04:14:11.520869800Z,Mobile.Suit.Gundam.ZZ.S01E41_ENG.ass,Mobile Suit Gundam ZZ,Temporada Única,Mobile Suit Zeta Gundam,,BLOQUEADO,0,0,0,0,1
2026-07-26T04:14:11.528368900Z,Mobile.Suit.Gundam.ZZ.S01E42_ENG.ass,Mobile Suit Gundam ZZ,Temporada Única,Mobile Suit Zeta Gundam,,BLOQUEADO,0,0,0,0,1
2026-07-26T04:14:11.537368400Z,Mobile.Suit.Gundam.ZZ.S01E43_ENG.ass,Mobile Suit Gundam ZZ,Temporada Única,Mobile Suit Zeta Gundam,,BLOQUEADO,0,0,0,0,1
2026-07-26T04:14:11.545369100Z,Mobile.Suit.Gundam.ZZ.S01E44_ENG.ass,Mobile Suit Gundam ZZ,Temporada Única,Mobile Suit Zeta Gundam,,BLOQUEADO,0,0,0,0,1
2026-07-26T04:14:11.553369200Z,Mobile.Suit.Gundam.ZZ.S01E45_ENG.ass,Mobile Suit Gundam ZZ,Temporada Única,Mobile Suit Zeta Gundam,,BLOQUEADO,0,0,0,0,1
2026-07-26T04:14:11.560736700Z,Mobile.Suit.Gundam.ZZ.S01E46_ENG.ass,Mobile Suit Gundam ZZ,Temporada Única,Mobile Suit Zeta Gundam,,BLOQUEADO,0,0,0,0,1
2026-07-26T04:14:11.568744400Z,Mobile.Suit.Gundam.ZZ.S01E47_ENG.ass,Mobile Suit Gundam ZZ,Temporada Única,Mobile Suit Zeta Gundam,,BLOQUEADO,0,0,0,0,1
2026-07-26T04:20:03.369560100Z,Mobile.Suit.Gundam.ZZ.S01E01_ENG.ass,Mobile Suit Gundam ZZ,Temporada Única,Mobile Suit Zeta Gundam,,BLOQUEADO,0,0,0,0,1
2026-07-26T04:20:03.384559300Z,Mobile.Suit.Gundam.ZZ.S01E02_ENG.ass,Mobile Suit Gundam ZZ,Temporada Única,Mobile Suit Zeta Gundam,,BLOQUEADO,0,0,0,0,1
2026-07-26T04:20:03.393558900Z,Mobile.Suit.Gundam.ZZ.S01E03_ENG.ass,Mobile Suit Gundam ZZ,Temporada Única,Mobile Suit Zeta Gundam,,BLOQUEADO,0,0,0,0,1
2026-07-26T04:20:03.402562400Z,Mobile.Suit.Gundam.ZZ.S01E04_ENG.ass,Mobile Suit Gundam ZZ,Temporada Única,Mobile Suit Zeta Gundam,,BLOQUEADO,0,0,0,0,1
2026-07-26T04:20:03.411558700Z,Mobile.Suit.Gundam.ZZ.S01E05_ENG.ass,Mobile Suit Gundam ZZ,Temporada Única,Mobile Suit Zeta Gundam,,BLOQUEADO,0,0,0,0,1
2026-07-26T04:20:03.420566Z,Mobile.Suit.Gundam.ZZ.S01E06_ENG.ass,Mobile Suit Gundam ZZ,Temporada Única,Mobile Suit Zeta Gundam,,BLOQUEADO,0,0,0,0,1
2026-07-26T04:20:03.429566100Z,Mobile.Suit.Gundam.ZZ.S01E07_ENG.ass,Mobile Suit Gundam ZZ,Temporada Única,Mobile Suit Zeta Gundam,,BLOQUEADO,0,0,0,0,1
2026-07-26T04:20:03.434560200Z,Mobile.Suit.Gundam.ZZ.S01E08_ENG.ass,Mobile Suit Gundam ZZ,Temporada Única,Mobile Suit Zeta Gundam,,BLOQUEADO,0,0,0,0,1
2026-07-26T04:20:03.441558300Z,Mobile.Suit.Gundam.ZZ.S01E09_ENG.ass,Mobile Suit Gundam ZZ,Temporada Única,Mobile Suit Zeta Gundam,,BLOQUEADO,0,0,0,0,1
2026-07-26T04:20:03.447559700Z,Mobile.Suit.Gundam.ZZ.S01E10_ENG.ass,Mobile Suit Gundam ZZ,Temporada Única,Mobile Suit Zeta Gundam,,BLOQUEADO,0,0,0,0,1
2026-07-26T04:20:03.458907600Z,Mobile.Suit.Gundam.ZZ.S01E11_ENG.ass,Mobile Suit Gundam ZZ,Temporada Única,Mobile Suit Zeta Gundam,,BLOQUEADO,0,0,0,0,1
2026-07-26T04:20:03.466911600Z,Mobile.Suit.Gundam.ZZ.S01E12_ENG.ass,Mobile Suit Gundam ZZ,Temporada Única,Mobile Suit Zeta Gundam,,BLOQUEADO,0,0,0,0,1
2026-07-26T04:20:03.476950300Z,Mobile.Suit.Gundam.ZZ.S01E13_ENG.ass,Mobile Suit Gundam ZZ,Temporada Única,Mobile Suit Zeta Gundam,,BLOQUEADO,0,0,0,0,1
2026-07-26T04:20:03.485954200Z,Mobile.Suit.Gundam.ZZ.S01E14_ENG.ass,Mobile Suit Gundam ZZ,Temporada Única,Mobile Suit Zeta Gundam,,BLOQUEADO,0,0,0,0,1
2026-07-26T04:20:03.495396900Z,Mobile.Suit.Gundam.ZZ.S01E15_ENG.ass,Mobile Suit Gundam ZZ,Temporada Única,Mobile Suit Zeta Gundam,,BLOQUEADO,0,0,0,0,1
2026-07-26T04:20:03.501803800Z,Mobile.Suit.Gundam.ZZ.S01E16_ENG.ass,Mobile Suit Gundam ZZ,Temporada Única,Mobile Suit Zeta Gundam,,BLOQUEADO,0,0,0,0,1
2026-07-26T04:20:03.509807700Z,Mobile.Suit.Gundam.ZZ.S01E17_ENG.ass,Mobile Suit Gundam ZZ,Temporada Única,Mobile Suit Zeta Gundam,,BLOQUEADO,0,0,0,0,1
2026-07-26T04:20:03.518824400Z,Mobile.Suit.Gundam.ZZ.S01E18_ENG.ass,Mobile Suit Gundam ZZ,Temporada Única,Mobile Suit Zeta Gundam,,BLOQUEADO,0,0,0,0,1
2026-07-26T04:20:03.525275600Z,Mobile.Suit.Gundam.ZZ.S01E19_ENG.ass,Mobile Suit Gundam ZZ,Temporada Única,Mobile Suit Zeta Gundam,,BLOQUEADO,0,0,0,0,1
2026-07-26T04:20:03.531878600Z,Mobile.Suit.Gundam.ZZ.S01E20_ENG.ass,Mobile Suit Gundam ZZ,Temporada Única,Mobile Suit Zeta Gundam,,BLOQUEADO,0,0,0,0,1
2026-07-26T04:20:03.545585900Z,Mobile.Suit.Gundam.ZZ.S01E21_ENG.ass,Mobile Suit Gundam ZZ,Temporada Única,Mobile Suit Zeta Gundam,,BLOQUEADO,0,0,0,0,1
2026-07-26T04:20:03.556575100Z,Mobile.Suit.Gundam.ZZ.S01E22_ENG.ass,Mobile Suit Gundam ZZ,Temporada Única,Mobile Suit Zeta Gundam,,BLOQUEADO,0,0,0,0,1
2026-07-26T04:20:03.568575200Z,Mobile.Suit.Gundam.ZZ.S01E23_ENG.ass,Mobile Suit Gundam ZZ,Temporada Única,Mobile Suit Zeta Gundam,,BLOQUEADO,0,0,0,0,1
2026-07-26T04:20:03.579583100Z,Mobile.Suit.Gundam.ZZ.S01E24_ENG.ass,Mobile Suit Gundam ZZ,Temporada Única,Mobile Suit Zeta Gundam,,BLOQUEADO,0,0,0,0,1
2026-07-26T04:20:03.589582900Z,Mobile.Suit.Gundam.ZZ.S01E25_ENG.ass,Mobile Suit Gundam ZZ,Temporada Única,Mobile Suit Zeta Gundam,,BLOQUEADO,0,0,0,0,1
2026-07-26T04:20:03.600590900Z,Mobile.Suit.Gundam.ZZ.S01E26_ENG.ass,Mobile Suit Gundam ZZ,Temporada Única,Mobile Suit Zeta Gundam,,BLOQUEADO,0,0,0,0,1
2026-07-26T04:20:03.610575700Z,Mobile.Suit.Gundam.ZZ.S01E27_ENG.ass,Mobile Suit Gundam ZZ,Temporada Única,Mobile Suit Zeta Gundam,,BLOQUEADO,0,0,0,0,1
2026-07-26T04:20:03.619583200Z,Mobile.Suit.Gundam.ZZ.S01E28_ENG.ass,Mobile Suit Gundam ZZ,Temporada Única,Mobile Suit Zeta Gundam,,BLOQUEADO,0,0,0,0,1
2026-07-26T04:20:03.628583300Z,Mobile.Suit.Gundam.ZZ.S01E29_ENG.ass,Mobile Suit Gundam ZZ,Temporada Única,Mobile Suit Zeta Gundam,,BLOQUEADO,0,0,0,0,1
2026-07-26T04:20:03.638582500Z,Mobile.Suit.Gundam.ZZ.S01E30_ENG.ass,Mobile Suit Gundam ZZ,Temporada Única,Mobile Suit Zeta Gundam,,BLOQUEADO,0,0,0,0,1
2026-07-26T04:20:03.650574400Z,Mobile.Suit.Gundam.ZZ.S01E31_ENG.ass,Mobile Suit Gundam ZZ,Temporada Única,Mobile Suit Zeta Gundam,,BLOQUEADO,0,0,0,0,1
2026-07-26T04:20:03.664574200Z,Mobile.Suit.Gundam.ZZ.S01E32_ENG.ass,Mobile Suit Gundam ZZ,Temporada Única,Mobile Suit Zeta Gundam,,BLOQUEADO,0,0,0,0,1
2026-07-26T04:20:03.676252200Z,Mobile.Suit.Gundam.ZZ.S01E33_ENG.ass,Mobile Suit Gundam ZZ,Temporada Única,Mobile Suit Zeta Gundam,,BLOQUEADO,0,0,0,0,1
2026-07-26T04:20:03.687252300Z,Mobile.Suit.Gundam.ZZ.S01E34_ENG.ass,Mobile Suit Gundam ZZ,Temporada Única,Mobile Suit Zeta Gundam,,BLOQUEADO,0,0,0,0,1
2026-07-26T04:20:03.698252300Z,Mobile.Suit.Gundam.ZZ.S01E35_ENG.ass,Mobile Suit Gundam ZZ,Temporada Única,Mobile Suit Zeta Gundam,,BLOQUEADO,0,0,0,0,1
2026-07-26T04:20:03.706283500Z,Mobile.Suit.Gundam.ZZ.S01E36_ENG.ass,Mobile Suit Gundam ZZ,Temporada Única,Mobile Suit Zeta Gundam,,BLOQUEADO,0,0,0,0,1
2026-07-26T04:20:03.716285Z,Mobile.Suit.Gundam.ZZ.S01E37_ENG.ass,Mobile Suit Gundam ZZ,Temporada Única,Mobile Suit Zeta Gundam,,BLOQUEADO,0,0,0,0,1
2026-07-26T04:20:03.725288300Z,Mobile.Suit.Gundam.ZZ.S01E38_ENG.ass,Mobile Suit Gundam ZZ,Temporada Única,Mobile Suit Zeta Gundam,,BLOQUEADO,0,0,0,0,1
2026-07-26T04:20:03.733720Z,Mobile.Suit.Gundam.ZZ.S01E39_ENG.ass,Mobile Suit Gundam ZZ,Temporada Única,Mobile Suit Zeta Gundam,,BLOQUEADO,0,0,0,0,1
2026-07-26T04:20:03.741729200Z,Mobile.Suit.Gundam.ZZ.S01E40_ENG.ass,Mobile Suit Gundam ZZ,Temporada Única,Mobile Suit Zeta Gundam,,BLOQUEADO,0,0,0,0,1
2026-07-26T04:20:03.752813Z,Mobile.Suit.Gundam.ZZ.S01E41_ENG.ass,Mobile Suit Gundam ZZ,Temporada Única,Mobile Suit Zeta Gundam,,BLOQUEADO,0,0,0,0,1
2026-07-26T04:20:03.762817900Z,Mobile.Suit.Gundam.ZZ.S01E42_ENG.ass,Mobile Suit Gundam ZZ,Temporada Única,Mobile Suit Zeta Gundam,,BLOQUEADO,0,0,0,0,1
2026-07-26T04:20:03.770344800Z,Mobile.Suit.Gundam.ZZ.S01E43_ENG.ass,Mobile Suit Gundam ZZ,Temporada Única,Mobile Suit Zeta Gundam,,BLOQUEADO,0,0,0,0,1
2026-07-26T04:20:03.778489800Z,Mobile.Suit.Gundam.ZZ.S01E44_ENG.ass,Mobile Suit Gundam ZZ,Temporada Única,Mobile Suit Zeta Gundam,,BLOQUEADO,0,0,0,0,1
2026-07-26T04:20:03.786497Z,Mobile.Suit.Gundam.ZZ.S01E45_ENG.ass,Mobile Suit Gundam ZZ,Temporada Única,Mobile Suit Zeta Gundam,,BLOQUEADO,0,0,0,0,1
2026-07-26T04:20:03.794489600Z,Mobile.Suit.Gundam.ZZ.S01E46_ENG.ass,Mobile Suit Gundam ZZ,Temporada Única,Mobile Suit Zeta Gundam,,BLOQUEADO,0,0,0,0,1
2026-07-26T04:20:03.803488600Z,Mobile.Suit.Gundam.ZZ.S01E47_ENG.ass,Mobile Suit Gundam ZZ,Temporada Única,Mobile Suit Zeta Gundam,,BLOQUEADO,0,0,0,0,1
2026-07-26T04:22:04.303383100Z,Mobile.Suit.Gundam.ZZ.S01E01_ENG.ass,Mobile Suit Gundam ZZ,Temporada Única,Mobile Suit Zeta Gundam,,BLOQUEADO,0,0,0,0,1
2026-07-26T04:22:04.346892Z,Mobile.Suit.Gundam.ZZ.S01E02_ENG.ass,Mobile Suit Gundam ZZ,Temporada Única,Mobile Suit Zeta Gundam,,BLOQUEADO,0,0,0,0,1
2026-07-26T04:22:04.367891700Z,Mobile.Suit.Gundam.ZZ.S01E03_ENG.ass,Mobile Suit Gundam ZZ,Temporada Única,Mobile Suit Zeta Gundam,,BLOQUEADO,0,0,0,0,1
2026-07-26T04:22:04.378892400Z,Mobile.Suit.Gundam.ZZ.S01E04_ENG.ass,Mobile Suit Gundam ZZ,Temporada Única,Mobile Suit Zeta Gundam,,BLOQUEADO,0,0,0,0,1
2026-07-26T04:22:04.392891600Z,Mobile.Suit.Gundam.ZZ.S01E05_ENG.ass,Mobile Suit Gundam ZZ,Temporada Única,Mobile Suit Zeta Gundam,,BLOQUEADO,0,0,0,0,1
2026-07-26T04:22:04.409883400Z,Mobile.Suit.Gundam.ZZ.S01E06_ENG.ass,Mobile Suit Gundam ZZ,Temporada Única,Mobile Suit Zeta Gundam,,BLOQUEADO,0,0,0,0,1
2026-07-26T04:22:04.426882300Z,Mobile.Suit.Gundam.ZZ.S01E07_ENG.ass,Mobile Suit Gundam ZZ,Temporada Única,Mobile Suit Zeta Gundam,,BLOQUEADO,0,0,0,0,1
2026-07-26T04:22:04.447987900Z,Mobile.Suit.Gundam.ZZ.S01E08_ENG.ass,Mobile Suit Gundam ZZ,Temporada Única,Mobile Suit Zeta Gundam,,BLOQUEADO,0,0,0,0,1
2026-07-26T04:22:04.475902Z,Mobile.Suit.Gundam.ZZ.S01E09_ENG.ass,Mobile Suit Gundam ZZ,Temporada Única,Mobile Suit Zeta Gundam,,BLOQUEADO,0,0,0,0,1
2026-07-26T04:22:04.502137300Z,Mobile.Suit.Gundam.ZZ.S01E10_ENG.ass,Mobile Suit Gundam ZZ,Temporada Única,Mobile Suit Zeta Gundam,,BLOQUEADO,0,0,0,0,1
2026-07-26T04:22:04.524692700Z,Mobile.Suit.Gundam.ZZ.S01E11_ENG.ass,Mobile Suit Gundam ZZ,Temporada Única,Mobile Suit Zeta Gundam,,BLOQUEADO,0,0,0,0,1
2026-07-26T04:22:04.554268900Z,Mobile.Suit.Gundam.ZZ.S01E12_ENG.ass,Mobile Suit Gundam ZZ,Temporada Única,Mobile Suit Zeta Gundam,,BLOQUEADO,0,0,0,0,1
2026-07-26T04:22:04.591369100Z,Mobile.Suit.Gundam.ZZ.S01E13_ENG.ass,Mobile Suit Gundam ZZ,Temporada Única,Mobile Suit Zeta Gundam,,BLOQUEADO,0,0,0,0,1
2026-07-26T04:22:04.629234600Z,Mobile.Suit.Gundam.ZZ.S01E14_ENG.ass,Mobile Suit Gundam ZZ,Temporada Única,Mobile Suit Zeta Gundam,,BLOQUEADO,0,0,0,0,1
2026-07-26T04:22:04.667582100Z,Mobile.Suit.Gundam.ZZ.S01E15_ENG.ass,Mobile Suit Gundam ZZ,Temporada Única,Mobile Suit Zeta Gundam,,BLOQUEADO,0,0,0,0,1
2026-07-26T04:22:04.700869500Z,Mobile.Suit.Gundam.ZZ.S01E16_ENG.ass,Mobile Suit Gundam ZZ,Temporada Única,Mobile Suit Zeta Gundam,,BLOQUEADO,0,0,0,0,1
2026-07-26T04:22:04.730574800Z,Mobile.Suit.Gundam.ZZ.S01E17_ENG.ass,Mobile Suit Gundam ZZ,Temporada Única,Mobile Suit Zeta Gundam,,BLOQUEADO,0,0,0,0,1
2026-07-26T04:22:04.757783500Z,Mobile.Suit.Gundam.ZZ.S01E18_ENG.ass,Mobile Suit Gundam ZZ,Temporada Única,Mobile Suit Zeta Gundam,,BLOQUEADO,0,0,0,0,1
2026-07-26T04:22:04.798320500Z,Mobile.Suit.Gundam.ZZ.S01E19_ENG.ass,Mobile Suit Gundam ZZ,Temporada Única,Mobile Suit Zeta Gundam,,BLOQUEADO,0,0,0,0,1
2026-07-26T04:22:04.828769300Z,Mobile.Suit.Gundam.ZZ.S01E20_ENG.ass,Mobile Suit Gundam ZZ,Temporada Única,Mobile Suit Zeta Gundam,,BLOQUEADO,0,0,0,0,1
2026-07-26T04:22:04.842759600Z,Mobile.Suit.Gundam.ZZ.S01E21_ENG.ass,Mobile Suit Gundam ZZ,Temporada Única,Mobile Suit Zeta Gundam,,BLOQUEADO,0,0,0,0,1
2026-07-26T04:22:04.860405300Z,Mobile.Suit.Gundam.ZZ.S01E22_ENG.ass,Mobile Suit Gundam ZZ,Temporada Única,Mobile Suit Zeta Gundam,,BLOQUEADO,0,0,0,0,1
2026-07-26T04:22:04.881279600Z,Mobile.Suit.Gundam.ZZ.S01E23_ENG.ass,Mobile Suit Gundam ZZ,Temporada Única,Mobile Suit Zeta Gundam,,BLOQUEADO,0,0,0,0,1
2026-07-26T04:22:04.908268Z,Mobile.Suit.Gundam.ZZ.S01E24_ENG.ass,Mobile Suit Gundam ZZ,Temporada Única,Mobile Suit Zeta Gundam,,BLOQUEADO,0,0,0,0,1
2026-07-26T04:22:04.927267600Z,Mobile.Suit.Gundam.ZZ.S01E25_ENG.ass,Mobile Suit Gundam ZZ,Temporada Única,Mobile Suit Zeta Gundam,,BLOQUEADO,0,0,0,0,1
2026-07-26T04:22:04.954352700Z,Mobile.Suit.Gundam.ZZ.S01E26_ENG.ass,Mobile Suit Gundam ZZ,Temporada Única,Mobile Suit Zeta Gundam,,BLOQUEADO,0,0,0,0,1
2026-07-26T04:22:04.978252600Z,Mobile.Suit.Gundam.ZZ.S01E27_ENG.ass,Mobile Suit Gundam ZZ,Temporada Única,Mobile Suit Zeta Gundam,,BLOQUEADO,0,0,0,0,1
2026-07-26T04:22:04.999265100Z,Mobile.Suit.Gundam.ZZ.S01E28_ENG.ass,Mobile Suit Gundam ZZ,Temporada Única,Mobile Suit Zeta Gundam,,BLOQUEADO,0,0,0,0,1
2026-07-26T04:22:05.021608400Z,Mobile.Suit.Gundam.ZZ.S01E29_ENG.ass,Mobile Suit Gundam ZZ,Temporada Única,Mobile Suit Zeta Gundam,,BLOQUEADO,0,0,0,0,1
2026-07-26T04:22:05.048086400Z,Mobile.Suit.Gundam.ZZ.S01E30_ENG.ass,Mobile Suit Gundam ZZ,Temporada Única,Mobile Suit Zeta Gundam,,BLOQUEADO,0,0,0,0,1
2026-07-26T04:22:05.080128700Z,Mobile.Suit.Gundam.ZZ.S01E31_ENG.ass,Mobile Suit Gundam ZZ,Temporada Única,Mobile Suit Zeta Gundam,,BLOQUEADO,0,0,0,0,1
2026-07-26T04:22:05.108799400Z,Mobile.Suit.Gundam.ZZ.S01E32_ENG.ass,Mobile Suit Gundam ZZ,Temporada Única,Mobile Suit Zeta Gundam,,BLOQUEADO,0,0,0,0,1
2026-07-26T04:22:05.138740800Z,Mobile.Suit.Gundam.ZZ.S01E33_ENG.ass,Mobile Suit Gundam ZZ,Temporada Única,Mobile Suit Zeta Gundam,,BLOQUEADO,0,0,0,0,1
2026-07-26T04:22:05.175238800Z,Mobile.Suit.Gundam.ZZ.S01E34_ENG.ass,Mobile Suit Gundam ZZ,Temporada Única,Mobile Suit Zeta Gundam,,BLOQUEADO,0,0,0,0,1
2026-07-26T04:22:05.207628200Z,Mobile.Suit.Gundam.ZZ.S01E35_ENG.ass,Mobile Suit Gundam ZZ,Temporada Única,Mobile Suit Zeta Gundam,,BLOQUEADO,0,0,0,0,1
2026-07-26T04:22:05.236627800Z,Mobile.Suit.Gundam.ZZ.S01E36_ENG.ass,Mobile Suit Gundam ZZ,Temporada Única,Mobile Suit Zeta Gundam,,BLOQUEADO,0,0,0,0,1
2026-07-26T04:22:05.269619200Z,Mobile.Suit.Gundam.ZZ.S01E37_ENG.ass,Mobile Suit Gundam ZZ,Temporada Única,Mobile Suit Zeta Gundam,,BLOQUEADO,0,0,0,0,1
2026-07-26T04:22:05.302973500Z,Mobile.Suit.Gundam.ZZ.S01E38_ENG.ass,Mobile Suit Gundam ZZ,Temporada Única,Mobile Suit Zeta Gundam,,BLOQUEADO,0,0,0,0,1
2026-07-26T04:22:05.333876500Z,Mobile.Suit.Gundam.ZZ.S01E39_ENG.ass,Mobile Suit Gundam ZZ,Temporada Única,Mobile Suit Zeta Gundam,,BLOQUEADO,0,0,0,0,1
2026-07-26T04:22:05.365882700Z,Mobile.Suit.Gundam.ZZ.S01E40_ENG.ass,Mobile Suit Gundam ZZ,Temporada Única,Mobile Suit Zeta Gundam,,BLOQUEADO,0,0,0,0,1
2026-07-26T04:22:05.395345Z,Mobile.Suit.Gundam.ZZ.S01E41_ENG.ass,Mobile Suit Gundam ZZ,Temporada Única,Mobile Suit Zeta Gundam,,BLOQUEADO,0,0,0,0,1
2026-07-26T04:22:05.423346100Z,Mobile.Suit.Gundam.ZZ.S01E42_ENG.ass,Mobile Suit Gundam ZZ,Temporada Única,Mobile Suit Zeta Gundam,,BLOQUEADO,0,0,0,0,1
2026-07-26T04:22:05.452511100Z,Mobile.Suit.Gundam.ZZ.S01E43_ENG.ass,Mobile Suit Gundam ZZ,Temporada Única,Mobile Suit Zeta Gundam,,BLOQUEADO,0,0,0,0,1
2026-07-26T04:22:05.483520600Z,Mobile.Suit.Gundam.ZZ.S01E44_ENG.ass,Mobile Suit Gundam ZZ,Temporada Única,Mobile Suit Zeta Gundam,,BLOQUEADO,0,0,0,0,1
2026-07-26T04:22:05.517293600Z,Mobile.Suit.Gundam.ZZ.S01E45_ENG.ass,Mobile Suit Gundam ZZ,Temporada Única,Mobile Suit Zeta Gundam,,BLOQUEADO,0,0,0,0,1
2026-07-26T04:22:05.548339800Z,Mobile.Suit.Gundam.ZZ.S01E46_ENG.ass,Mobile Suit Gundam ZZ,Temporada Única,Mobile Suit Zeta Gundam,,BLOQUEADO,0,0,0,0,1
2026-07-26T04:22:05.582762700Z,Mobile.Suit.Gundam.ZZ.S01E47_ENG.ass,Mobile Suit Gundam ZZ,Temporada Única,Mobile Suit Zeta Gundam,,BLOQUEADO,0,0,0,0,1
2026-07-26T04:27:14.862690800Z,Mobile.Suit.Gundam.ZZ.S01E01_ENG.ass,Mobile Suit Gundam ZZ,Temporada Única,Mobile Suit Gundam ZZ,mistralai/mistral-nemo-instruct-2407,PARCIAL,301,294,0,285959,6
2026-07-26T04:30:52.701873600Z,Mobile.Suit.Gundam.ZZ.S01E02_ENG.ass,Mobile Suit Gundam ZZ,Temporada Única,Mobile Suit Gundam ZZ,mistralai/mistral-nemo-instruct-2407,CONCLUIDO,289,285,0,217809,2
2026-07-26T04:35:13.825025300Z,Mobile.Suit.Gundam.ZZ.S01E03_ENG.ass,Mobile Suit Gundam ZZ,Temporada Única,Mobile Suit Gundam ZZ,mistralai/mistral-nemo-instruct-2407,PARCIAL,335,325,0,261090,6
2026-07-26T04:39:55.349856100Z,Mobile.Suit.Gundam.ZZ.S01E04_ENG.ass,Mobile Suit Gundam ZZ,Temporada Única,Mobile Suit Gundam ZZ,mistralai/mistral-nemo-instruct-2407,PARCIAL,359,348,0,281504,5
2026-07-26T04:44:47.580175300Z,Mobile.Suit.Gundam.ZZ.S01E05_ENG.ass,Mobile Suit Gundam ZZ,Temporada Única,Mobile Suit Gundam ZZ,mistralai/mistral-nemo-instruct-2407,CONCLUIDO,379,361,0,292201,6
2026-07-26T04:49:11.450464300Z,Mobile.Suit.Gundam.ZZ.S01E06_ENG.ass,Mobile Suit Gundam ZZ,Temporada Única,Mobile Suit Gundam ZZ,mistralai/mistral-nemo-instruct-2407,PARCIAL,340,325,0,263847,5
2026-07-26T04:53:39.874725500Z,Mobile.Suit.Gundam.ZZ.S01E07_ENG.ass,Mobile Suit Gundam ZZ,Temporada Única,Mobile Suit Gundam ZZ,mistralai/mistral-nemo-instruct-2407,CONCLUIDO,330,319,0,268395,3
2026-07-26T04:58:36.710228Z,Mobile.Suit.Gundam.ZZ.S01E08_ENG.ass,Mobile Suit Gundam ZZ,Temporada Única,Mobile Suit Gundam ZZ,mistralai/mistral-nemo-instruct-2407,PARCIAL,363,349,0,296800,4
2026-07-26T05:03:51.429324900Z,Mobile.Suit.Gundam.ZZ.S01E09_ENG.ass,Mobile Suit Gundam ZZ,Temporada Única,Mobile Suit Gundam ZZ,mistralai/mistral-nemo-instruct-2407,PARCIAL,385,371,0,314692,3
2026-07-26T05:09:01.189881700Z,Mobile.Suit.Gundam.ZZ.S01E10_ENG.ass,Mobile Suit Gundam ZZ,Temporada Única,Mobile Suit Gundam ZZ,mistralai/mistral-nemo-instruct-2407,CONCLUIDO,378,370,0,309730,5
2026-07-26T05:13:44.002048900Z,Mobile.Suit.Gundam.ZZ.S01E11_ENG.ass,Mobile Suit Gundam ZZ,Temporada Única,Mobile Suit Gundam ZZ,mistralai/mistral-nemo-instruct-2407,PARCIAL,373,364,0,282783,7
2026-07-26T05:18:58.682731500Z,Mobile.Suit.Gundam.ZZ.S01E12_ENG.ass,Mobile Suit Gundam ZZ,Temporada Única,Mobile Suit Gundam ZZ,mistralai/mistral-nemo-instruct-2407,PARCIAL,374,361,0,314647,6
2026-07-26T05:23:59.034616800Z,Mobile.Suit.Gundam.ZZ.S01E13_ENG.ass,Mobile Suit Gundam ZZ,Temporada Única,Mobile Suit Gundam ZZ,mistralai/mistral-nemo-instruct-2407,PARCIAL,399,374,0,300324,9
2026-07-26T05:29:32.216998100Z,Mobile.Suit.Gundam.ZZ.S01E14_ENG.ass,Mobile Suit Gundam ZZ,Temporada Única,Mobile Suit Gundam ZZ,mistralai/mistral-nemo-instruct-2407,PARCIAL,408,394,0,333148,9
2026-07-26T05:34:51.681736800Z,Mobile.Suit.Gundam.ZZ.S01E15_ENG.ass,Mobile Suit Gundam ZZ,Temporada Única,Mobile Suit Gundam ZZ,mistralai/mistral-nemo-instruct-2407,PARCIAL,381,362,0,319435,12
2026-07-26T05:39:42.045086400Z,Mobile.Suit.Gundam.ZZ.S01E16_ENG.ass,Mobile Suit Gundam ZZ,Temporada Única,Mobile Suit Gundam ZZ,mistralai/mistral-nemo-instruct-2407,CONCLUIDO,403,382,0,290340,2
2026-07-26T05:44:26.176704600Z,Mobile.Suit.Gundam.ZZ.S01E17_ENG.ass,Mobile Suit Gundam ZZ,Temporada Única,Mobile Suit Gundam ZZ,mistralai/mistral-nemo-instruct-2407,CONCLUIDO,371,359,0,284113,4
2026-07-26T05:49:08.693055900Z,Mobile.Suit.Gundam.ZZ.S01E18_ENG.ass,Mobile Suit Gundam ZZ,Temporada Única,Mobile Suit Gundam ZZ,mistralai/mistral-nemo-instruct-2407,PARCIAL,356,340,0,282485,6
2026-07-26T05:54:05.462385400Z,Mobile.Suit.Gundam.ZZ.S01E19_ENG.ass,Mobile Suit Gundam ZZ,Temporada Única,Mobile Suit Gundam ZZ,mistralai/mistral-nemo-instruct-2407,CONCLUIDO,369,353,0,296742,2
2026-07-26T06:00:29.221396400Z,Mobile.Suit.Gundam.ZZ.S01E20_ENG.ass,Mobile Suit Gundam ZZ,Temporada Única,Mobile Suit Gundam ZZ,mistralai/mistral-nemo-instruct-2407,PARCIAL,480,458,0,383727,5
2026-07-26T06:05:54.588920100Z,Mobile.Suit.Gundam.ZZ.S01E21_ENG.ass,Mobile Suit Gundam ZZ,Temporada Única,Mobile Suit Gundam ZZ,mistralai/mistral-nemo-instruct-2407,PARCIAL,391,369,0,325334,9
2026-07-26T06:10:49.335625800Z,Mobile.Suit.Gundam.ZZ.S01E22_ENG.ass,Mobile Suit Gundam ZZ,Temporada Única,Mobile Suit Gundam ZZ,mistralai/mistral-nemo-instruct-2407,PARCIAL,385,365,0,294728,3
2026-07-26T06:15:46.976110900Z,Mobile.Suit.Gundam.ZZ.S01E23_ENG.ass,Mobile Suit Gundam ZZ,Temporada Única,Mobile Suit Gundam ZZ,mistralai/mistral-nemo-instruct-2407,PARCIAL,361,346,0,297609,7
2026-07-26T06:20:49.701445800Z,Mobile.Suit.Gundam.ZZ.S01E24_ENG.ass,Mobile Suit Gundam ZZ,Temporada Única,Mobile Suit Gundam ZZ,mistralai/mistral-nemo-instruct-2407,PARCIAL,381,363,0,302699,8
2026-07-26T06:24:39.334084400Z,Mobile.Suit.Gundam.ZZ.S01E25_ENG.ass,Mobile Suit Gundam ZZ,Temporada Única,Mobile Suit Gundam ZZ,mistralai/mistral-nemo-instruct-2407,PARCIAL,311,284,0,229606,4
2026-07-26T06:29:29.005510300Z,Mobile.Suit.Gundam.ZZ.S01E26_ENG.ass,Mobile Suit Gundam ZZ,Temporada Única,Mobile Suit Gundam ZZ,mistralai/mistral-nemo-instruct-2407,PARCIAL,374,347,0,289655,10
2026-07-26T06:33:18.075761100Z,Mobile.Suit.Gundam.ZZ.S01E27_ENG.ass,Mobile Suit Gundam ZZ,Temporada Única,Mobile Suit Gundam ZZ,mistralai/mistral-nemo-instruct-2407,CONCLUIDO,300,281,0,229046,3
2026-07-26T06:37:20.640062100Z,Mobile.Suit.Gundam.ZZ.S01E28_ENG.ass,Mobile Suit Gundam ZZ,Temporada Única,Mobile Suit Gundam ZZ,mistralai/mistral-nemo-instruct-2407,PARCIAL,333,306,0,242541,7
2026-07-26T06:42:07.592776300Z,Mobile.Suit.Gundam.ZZ.S01E29_ENG.ass,Mobile Suit Gundam ZZ,Temporada Única,Mobile Suit Gundam ZZ,mistralai/mistral-nemo-instruct-2407,PARCIAL,348,336,0,286917,7
2026-07-26T06:47:14.664389400Z,Mobile.Suit.Gundam.ZZ.S01E30_ENG.ass,Mobile Suit Gundam ZZ,Temporada Única,Mobile Suit Gundam ZZ,mistralai/mistral-nemo-instruct-2407,PARCIAL,387,367,0,307033,9
2026-07-26T06:51:55.142437600Z,Mobile.Suit.Gundam.ZZ.S01E31_ENG.ass,Mobile Suit Gundam ZZ,Temporada Única,Mobile Suit Gundam ZZ,mistralai/mistral-nemo-instruct-2407,PARCIAL,323,315,0,280450,9
2026-07-26T06:56:16.149878800Z,Mobile.Suit.Gundam.ZZ.S01E32_ENG.ass,Mobile Suit Gundam ZZ,Temporada Única,Mobile Suit Gundam ZZ,mistralai/mistral-nemo-instruct-2407,CONCLUIDO,316,303,0,260982,2
2026-07-26T07:01:18.134386100Z,Mobile.Suit.Gundam.ZZ.S01E33_ENG.ass,Mobile Suit Gundam ZZ,Temporada Única,Mobile Suit Gundam ZZ,mistralai/mistral-nemo-instruct-2407,CONCLUIDO,413,393,0,301949,3
2026-07-26T07:06:05.416871600Z,Mobile.Suit.Gundam.ZZ.S01E34_ENG.ass,Mobile Suit Gundam ZZ,Temporada Única,Mobile Suit Gundam ZZ,mistralai/mistral-nemo-instruct-2407,PARCIAL,378,362,0,287256,6
2026-07-26T07:10:26.831135900Z,Mobile.Suit.Gundam.ZZ.S01E35_ENG.ass,Mobile Suit Gundam ZZ,Temporada Única,Mobile Suit Gundam ZZ,mistralai/mistral-nemo-instruct-2407,PARCIAL,307,291,0,261386,10
2026-07-26T07:14:18.536768300Z,Mobile.Suit.Gundam.ZZ.S01E36_ENG.ass,Mobile Suit Gundam ZZ,Temporada Única,Mobile Suit Gundam ZZ,mistralai/mistral-nemo-instruct-2407,PARCIAL,290,281,0,231670,9
2026-07-26T07:19:24.726096800Z,Mobile.Suit.Gundam.ZZ.S01E37_ENG.ass,Mobile Suit Gundam ZZ,Temporada Única,Mobile Suit Gundam ZZ,mistralai/mistral-nemo-instruct-2407,CONCLUIDO,381,368,0,306164,7
2026-07-26T07:24:36.446213700Z,Mobile.Suit.Gundam.ZZ.S01E38_ENG.ass,Mobile Suit Gundam ZZ,Temporada Única,Mobile Suit Gundam ZZ,mistralai/mistral-nemo-instruct-2407,CONCLUIDO,389,374,0,311686,6
2026-07-26T07:29:08.937700200Z,Mobile.Suit.Gundam.ZZ.S01E39_ENG.ass,Mobile Suit Gundam ZZ,Temporada Única,Mobile Suit Gundam ZZ,mistralai/mistral-nemo-instruct-2407,PARCIAL,331,322,0,272469,7
2026-07-26T07:34:14.761935800Z,Mobile.Suit.Gundam.ZZ.S01E40_ENG.ass,Mobile Suit Gundam ZZ,Temporada Única,Mobile Suit Gundam ZZ,mistralai/mistral-nemo-instruct-2407,CONCLUIDO,411,393,0,305806,2
2026-07-26T07:37:58.922234100Z,Mobile.Suit.Gundam.ZZ.S01E41_ENG.ass,Mobile Suit Gundam ZZ,Temporada Única,Mobile Suit Gundam ZZ,mistralai/mistral-nemo-instruct-2407,PARCIAL,306,287,0,224134,3
2026-07-26T07:43:02.594269100Z,Mobile.Suit.Gundam.ZZ.S01E42_ENG.ass,Mobile Suit Gundam ZZ,Temporada Única,Mobile Suit Gundam ZZ,mistralai/mistral-nemo-instruct-2407,PARCIAL,414,385,0,303637,6
2026-07-26T07:47:51.851991700Z,Mobile.Suit.Gundam.ZZ.S01E43_ENG.ass,Mobile Suit Gundam ZZ,Temporada Única,Mobile Suit Gundam ZZ,mistralai/mistral-nemo-instruct-2407,CONCLUIDO,378,362,0,289227,3
2026-07-26T07:52:26.686698Z,Mobile.Suit.Gundam.ZZ.S01E44_ENG.ass,Mobile Suit Gundam ZZ,Temporada Única,Mobile Suit Gundam ZZ,mistralai/mistral-nemo-instruct-2407,PARCIAL,329,319,0,274801,3
2026-07-26T07:56:35.993118800Z,Mobile.Suit.Gundam.ZZ.S01E45_ENG.ass,Mobile Suit Gundam ZZ,Temporada Única,Mobile Suit Gundam ZZ,mistralai/mistral-nemo-instruct-2407,CONCLUIDO,293,284,0,249282,3
2026-07-26T08:01:02.664223800Z,Mobile.Suit.Gundam.ZZ.S01E46_ENG.ass,Mobile Suit Gundam ZZ,Temporada Única,Mobile Suit Gundam ZZ,mistralai/mistral-nemo-instruct-2407,CONCLUIDO,331,320,0,266637,8
2026-07-26T08:04:10.670333700Z,Mobile.Suit.Gundam.ZZ.S01E47_ENG.ass,Mobile Suit Gundam ZZ,Temporada Única,Mobile Suit Gundam ZZ,mistralai/mistral-nemo-instruct-2407,PARCIAL,249,231,0,187994,6
2026-07-26T12:25:24.359272700Z,Mobile Suit Zeta Gundam - S01E01_Track2.ass,Mobile Suit Zeta Gundam,Temporada Única,Mobile Suit Zeta Gundam,mistralai/mistral-nemo-instruct-2407,CONCLUIDO,207,188,0,155834,0
2026-07-26T12:29:43.799069800Z,Mobile Suit Zeta Gundam - S01E02_Track2.ass,Mobile Suit Zeta Gundam,Temporada Única,Mobile Suit Zeta Gundam,mistralai/mistral-nemo-instruct-2407,PARCIAL,301,294,0,259431,8
2026-07-26T12:35:07.075297300Z,Mobile Suit Zeta Gundam - S01E03_Track2.ass,Mobile Suit Zeta Gundam,Temporada Única,Mobile Suit Zeta Gundam,mistralai/mistral-nemo-instruct-2407,PARCIAL,356,350,0,323270,4
2026-07-26T12:40:03.548590Z,Mobile Suit Zeta Gundam - S01E04_Track2.ass,Mobile Suit Zeta Gundam,Temporada Única,Mobile Suit Zeta Gundam,mistralai/mistral-nemo-instruct-2407,CONCLUIDO,318,312,0,296465,13
2026-07-26T12:44:20.230084800Z,Mobile Suit Zeta Gundam - S01E05_Track2.ass,Mobile Suit Zeta Gundam,Temporada Única,Mobile Suit Zeta Gundam,mistralai/mistral-nemo-instruct-2407,CONCLUIDO,309,298,0,256677,1
2026-07-26T12:49:25.411658900Z,Mobile Suit Zeta Gundam - S01E06_Track2.ass,Mobile Suit Zeta Gundam,Temporada Única,Mobile Suit Zeta Gundam,mistralai/mistral-nemo-instruct-2407,PARCIAL,344,331,0,305170,13
2026-07-26T12:54:00.600262200Z,Mobile Suit Zeta Gundam - S01E07_Track2.ass,Mobile Suit Zeta Gundam,Temporada Única,Mobile Suit Zeta Gundam,mistralai/mistral-nemo-instruct-2407,PARCIAL,303,300,0,275184,5
2026-07-26T12:58:46.503244300Z,Mobile Suit Zeta Gundam - S01E08_Track2.ass,Mobile Suit Zeta Gundam,Temporada Única,Mobile Suit Zeta Gundam,mistralai/mistral-nemo-instruct-2407,PARCIAL,294,288,0,285898,11
2026-07-26T13:03:48.599769100Z,Mobile Suit Zeta Gundam - S01E09_Track2.ass,Mobile Suit Zeta Gundam,Temporada Única,Mobile Suit Zeta Gundam,mistralai/mistral-nemo-instruct-2407,CONCLUIDO,349,343,0,302087,8
2026-07-26T13:08:26.765981700Z,Mobile Suit Zeta Gundam - S01E10_Track2.ass,Mobile Suit Zeta Gundam,Temporada Única,Mobile Suit Zeta Gundam,mistralai/mistral-nemo-instruct-2407,CONCLUIDO,308,293,0,278160,12
2026-07-26T13:13:34.024500900Z,Mobile Suit Zeta Gundam - S01E11_Track2.ass,Mobile Suit Zeta Gundam,Temporada Única,Mobile Suit Zeta Gundam,mistralai/mistral-nemo-instruct-2407,PARCIAL,364,352,0,307252,9
2026-07-26T13:17:41.823869100Z,Mobile Suit Zeta Gundam - S01E12_Track2.ass,Mobile Suit Zeta Gundam,Temporada Única,Mobile Suit Zeta Gundam,mistralai/mistral-nemo-instruct-2407,CONCLUIDO,303,295,0,247791,4
2026-07-26T13:22:53.185084500Z,Mobile Suit Zeta Gundam - S01E13_Track2.ass,Mobile Suit Zeta Gundam,Temporada Única,Mobile Suit Zeta Gundam,mistralai/mistral-nemo-instruct-2407,PARCIAL,349,335,0,311339,7
2026-07-26T13:26:44.348275300Z,Mobile Suit Zeta Gundam - S01E14_Track2.ass,Mobile Suit Zeta Gundam,Temporada Única,Mobile Suit Zeta Gundam,mistralai/mistral-nemo-instruct-2407,CONCLUIDO,278,271,0,231158,8
2026-07-26T13:31:38.211012800Z,Mobile Suit Zeta Gundam - S01E15_Track2.ass,Mobile Suit Zeta Gundam,Temporada Única,Mobile Suit Zeta Gundam,mistralai/mistral-nemo-instruct-2407,PARCIAL,356,344,0,293855,9
2026-07-26T13:36:40.587994700Z,Mobile Suit Zeta Gundam - S01E16_Track2.ass,Mobile Suit Zeta Gundam,Temporada Única,Mobile Suit Zeta Gundam,mistralai/mistral-nemo-instruct-2407,PARCIAL,382,365,0,302369,4
2026-07-26T13:40:52.298618500Z,Mobile Suit Zeta Gundam - S01E17_Track2.ass,Mobile Suit Zeta Gundam,Temporada Única,Mobile Suit Zeta Gundam,mistralai/mistral-nemo-instruct-2407,PARCIAL,333,317,0,251706,2
2026-07-26T13:46:33.151669200Z,Mobile Suit Zeta Gundam - S01E18_Track2.ass,Mobile Suit Zeta Gundam,Temporada Única,Mobile Suit Zeta Gundam,mistralai/mistral-nemo-instruct-2407,PARCIAL,386,367,0,340848,21
2026-07-26T13:50:20.349679100Z,Mobile Suit Zeta Gundam - S01E19_Track2.ass,Mobile Suit Zeta Gundam,Temporada Única,Mobile Suit Zeta Gundam,mistralai/mistral-nemo-instruct-2407,PARCIAL,321,305,0,227193,3
2026-07-26T13:55:12.405364600Z,Mobile Suit Zeta Gundam - S01E20_Track2.ass,Mobile Suit Zeta Gundam,Temporada Única,Mobile Suit Zeta Gundam,mistralai/mistral-nemo-instruct-2407,CONCLUIDO,356,334,0,292048,5
2026-07-26T14:00:06.696178300Z,Mobile Suit Zeta Gundam - S01E21_Track2.ass,Mobile Suit Zeta Gundam,Temporada Única,Mobile Suit Zeta Gundam,mistralai/mistral-nemo-instruct-2407,PARCIAL,352,342,0,294285,8
2026-07-26T14:05:27.016118500Z,Mobile Suit Zeta Gundam - S01E22_Track2.ass,Mobile Suit Zeta Gundam,Temporada Única,Mobile Suit Zeta Gundam,mistralai/mistral-nemo-instruct-2407,CONCLUIDO,377,362,0,320312,7
2026-07-26T14:11:01.689988600Z,Mobile Suit Zeta Gundam - S01E23_Track2.ass,Mobile Suit Zeta Gundam,Temporada Única,Mobile Suit Zeta Gundam,mistralai/mistral-nemo-instruct-2407,CONCLUIDO,382,367,0,334662,7
2026-07-26T14:15:21.953611800Z,Mobile Suit Zeta Gundam - S01E24_Track2.ass,Mobile Suit Zeta Gundam,Temporada Única,Mobile Suit Zeta Gundam,mistralai/mistral-nemo-instruct-2407,CONCLUIDO,351,328,0,260253,4
2026-07-26T14:20:49.777005600Z,Mobile Suit Zeta Gundam - S01E25_Track2.ass,Mobile Suit Zeta Gundam,Temporada Única,Mobile Suit Zeta Gundam,mistralai/mistral-nemo-instruct-2407,PARCIAL,367,352,0,327818,10
2026-07-26T14:25:24.444048800Z,Mobile Suit Zeta Gundam - S01E26_Track2.ass,Mobile Suit Zeta Gundam,Temporada Única,Mobile Suit Zeta Gundam,mistralai/mistral-nemo-instruct-2407,PARCIAL,359,338,0,274659,7
2026-07-26T14:30:51.525188Z,Mobile Suit Zeta Gundam - S01E27_Track2.ass,Mobile Suit Zeta Gundam,Temporada Única,Mobile Suit Zeta Gundam,mistralai/mistral-nemo-instruct-2407,CONCLUIDO,378,360,0,327071,8
2026-07-26T14:35:52.318956800Z,Mobile Suit Zeta Gundam - S01E28_Track2.ass,Mobile Suit Zeta Gundam,Temporada Única,Mobile Suit Zeta Gundam,mistralai/mistral-nemo-instruct-2407,CONCLUIDO,372,356,0,300784,5
2026-07-26T14:41:18.941992600Z,Mobile Suit Zeta Gundam - S01E29_Track2.ass,Mobile Suit Zeta Gundam,Temporada Única,Mobile Suit Zeta Gundam,mistralai/mistral-nemo-instruct-2407,PARCIAL,393,376,0,326615,8
2026-07-26T14:44:59.930931900Z,Mobile Suit Zeta Gundam - S01E30_Track2.ass,Mobile Suit Zeta Gundam,Temporada Única,Mobile Suit Zeta Gundam,mistralai/mistral-nemo-instruct-2407,CONCLUIDO,295,282,0,220983,6
2026-07-26T14:49:13.407051600Z,Mobile Suit Zeta Gundam - S01E31_Track2.ass,Mobile Suit Zeta Gundam,Temporada Única,Mobile Suit Zeta Gundam,mistralai/mistral-nemo-instruct-2407,PARCIAL,342,330,0,253468,2
2026-07-26T14:53:19.376996600Z,Mobile Suit Zeta Gundam - S01E32_Track2.ass,Mobile Suit Zeta Gundam,Temporada Única,Mobile Suit Zeta Gundam,mistralai/mistral-nemo-instruct-2407,CONCLUIDO,347,329,0,245957,1
2026-07-26T14:57:26.560063600Z,Mobile Suit Zeta Gundam - S01E33_Track2.ass,Mobile Suit Zeta Gundam,Temporada Única,Mobile Suit Zeta Gundam,mistralai/mistral-nemo-instruct-2407,PARCIAL,336,316,0,247178,3
2026-07-26T15:02:00.180582300Z,Mobile Suit Zeta Gundam - S01E34_Track2.ass,Mobile Suit Zeta Gundam,Temporada Única,Mobile Suit Zeta Gundam,mistralai/mistral-nemo-instruct-2407,PARCIAL,352,336,0,273613,4
2026-07-26T15:06:16.414656800Z,Mobile Suit Zeta Gundam - S01E35_Track2.ass,Mobile Suit Zeta Gundam,Temporada Única,Mobile Suit Zeta Gundam,mistralai/mistral-nemo-instruct-2407,PARCIAL,335,320,0,256228,5
2026-07-26T15:09:50.915571700Z,Mobile Suit Zeta Gundam - S01E36_Track2.ass,Mobile Suit Zeta Gundam,Temporada Única,Mobile Suit Zeta Gundam,mistralai/mistral-nemo-instruct-2407,PARCIAL,314,287,0,214494,1
2026-07-26T15:14:57.104628300Z,Mobile Suit Zeta Gundam - S01E37_Track2.ass,Mobile Suit Zeta Gundam,Temporada Única,Mobile Suit Zeta Gundam,mistralai/mistral-nemo-instruct-2407,CONCLUIDO,376,369,0,306181,2
2026-07-26T15:19:45.894396200Z,Mobile Suit Zeta Gundam - S01E38_Track2.ass,Mobile Suit Zeta Gundam,Temporada Única,Mobile Suit Zeta Gundam,mistralai/mistral-nemo-instruct-2407,PARCIAL,381,359,0,288781,4
2026-07-26T15:24:17.832023200Z,Mobile Suit Zeta Gundam - S01E39_Track2.ass,Mobile Suit Zeta Gundam,Temporada Única,Mobile Suit Zeta Gundam,mistralai/mistral-nemo-instruct-2407,PARCIAL,391,370,0,271931,2
2026-07-26T15:28:49.372379400Z,Mobile Suit Zeta Gundam - S01E40_Track2.ass,Mobile Suit Zeta Gundam,Temporada Única,Mobile Suit Zeta Gundam,mistralai/mistral-nemo-instruct-2407,PARCIAL,378,354,0,271529,1
2026-07-26T15:33:38.710103500Z,Mobile Suit Zeta Gundam - S01E41_Track2.ass,Mobile Suit Zeta Gundam,Temporada Única,Mobile Suit Zeta Gundam,mistralai/mistral-nemo-instruct-2407,CONCLUIDO,407,395,0,289331,1
2026-07-26T15:37:32.353571800Z,Mobile Suit Zeta Gundam - S01E42_Track2.ass,Mobile Suit Zeta Gundam,Temporada Única,Mobile Suit Zeta Gundam,mistralai/mistral-nemo-instruct-2407,PARCIAL,311,292,0,233632,2
2026-07-26T15:41:41.233842300Z,Mobile Suit Zeta Gundam - S01E43_Track2.ass,Mobile Suit Zeta Gundam,Temporada Única,Mobile Suit Zeta Gundam,mistralai/mistral-nemo-instruct-2407,PARCIAL,320,296,0,248876,4
2026-07-26T15:45:56.931624400Z,Mobile Suit Zeta Gundam - S01E44_Track2.ass,Mobile Suit Zeta Gundam,Temporada Única,Mobile Suit Zeta Gundam,mistralai/mistral-nemo-instruct-2407,CONCLUIDO,373,344,0,255688,2
2026-07-26T15:49:45.993909400Z,Mobile Suit Zeta Gundam - S01E45_Track2.ass,Mobile Suit Zeta Gundam,Temporada Única,Mobile Suit Zeta Gundam,mistralai/mistral-nemo-instruct-2407,CONCLUIDO,306,292,0,229057,2
2026-07-26T15:53:56.269994900Z,Mobile Suit Zeta Gundam - S01E46_Track2.ass,Mobile Suit Zeta Gundam,Temporada Única,Mobile Suit Zeta Gundam,mistralai/mistral-nemo-instruct-2407,PARCIAL,351,323,0,250269,3
2026-07-26T15:58:10.505199200Z,Mobile Suit Zeta Gundam - S01E47_Track2.ass,Mobile Suit Zeta Gundam,Temporada Única,Mobile Suit Zeta Gundam,mistralai/mistral-nemo-instruct-2407,PARCIAL,350,335,0,254228,3
2026-07-26T16:01:38.945035500Z,Mobile Suit Zeta Gundam - S01E48_Track2.ass,Mobile Suit Zeta Gundam,Temporada Única,Mobile Suit Zeta Gundam,mistralai/mistral-nemo-instruct-2407,CONCLUIDO,308,283,0,208433,1
2026-07-26T16:04:45.118132900Z,Mobile Suit Zeta Gundam - S01E49_Track2.ass,Mobile Suit Zeta Gundam,Temporada Única,Mobile Suit Zeta Gundam,mistralai/mistral-nemo-instruct-2407,PARCIAL,286,264,0,186163,2
2026-07-26T16:08:39.885788800Z,Mobile Suit Zeta Gundam - S01E50_Track2.ass,Mobile Suit Zeta Gundam,Temporada Única,Mobile Suit Zeta Gundam,mistralai/mistral-nemo-instruct-2407,PARCIAL,329,311,0,234762,4
2026-07-26T17:38:25.380583100Z,Mobile.Suit.Gundam.ZZ.S01E01_ENG.ass,Mobile Suit Gundam ZZ,Temporada Única,Mobile Suit Gundam ZZ,mistralai/mistral-nemo-instruct-2407,PARCIAL,301,297,0,300039,2
2026-07-26T17:42:09.606387800Z,Mobile.Suit.Gundam.ZZ.S01E02_ENG.ass,Mobile Suit Gundam ZZ,Temporada Única,Mobile Suit Gundam ZZ,mistralai/mistral-nemo-instruct-2407,CONCLUIDO,289,285,0,224216,1
2026-07-26T17:46:45.697305100Z,Mobile.Suit.Gundam.ZZ.S01E03_ENG.ass,Mobile Suit Gundam ZZ,Temporada Única,Mobile Suit Gundam ZZ,mistralai/mistral-nemo-instruct-2407,CONCLUIDO,335,326,0,276086,3
2026-07-26T17:51:38.648355200Z,Mobile.Suit.Gundam.ZZ.S01E04_ENG.ass,Mobile Suit Gundam ZZ,Temporada Única,Mobile Suit Gundam ZZ,mistralai/mistral-nemo-instruct-2407,PARCIAL,359,348,0,292943,5
2026-07-26T17:56:28.735573600Z,Mobile.Suit.Gundam.ZZ.S01E05_ENG.ass,Mobile Suit Gundam ZZ,Temporada Única,Mobile Suit Gundam ZZ,mistralai/mistral-nemo-instruct-2407,PARCIAL,379,360,0,290072,7
2026-07-26T18:00:54.925619100Z,Mobile.Suit.Gundam.ZZ.S01E06_ENG.ass,Mobile Suit Gundam ZZ,Temporada Única,Mobile Suit Gundam ZZ,mistralai/mistral-nemo-instruct-2407,PARCIAL,340,325,0,266185,5
2026-07-26T18:05:28.521721700Z,Mobile.Suit.Gundam.ZZ.S01E07_ENG.ass,Mobile Suit Gundam ZZ,Temporada Única,Mobile Suit Gundam ZZ,mistralai/mistral-nemo-instruct-2407,CONCLUIDO,330,319,0,273591,4
2026-07-26T18:10:19.120042400Z,Mobile.Suit.Gundam.ZZ.S01E08_ENG.ass,Mobile Suit Gundam ZZ,Temporada Única,Mobile Suit Gundam ZZ,mistralai/mistral-nemo-instruct-2407,PARCIAL,363,348,0,290594,4
2026-07-26T18:15:33.809233300Z,Mobile.Suit.Gundam.ZZ.S01E09_ENG.ass,Mobile Suit Gundam ZZ,Temporada Única,Mobile Suit Gundam ZZ,mistralai/mistral-nemo-instruct-2407,PARCIAL,385,371,0,314678,5
2026-07-26T18:20:45.623179300Z,Mobile.Suit.Gundam.ZZ.S01E10_ENG.ass,Mobile Suit Gundam ZZ,Temporada Única,Mobile Suit Gundam ZZ,mistralai/mistral-nemo-instruct-2407,CONCLUIDO,378,370,0,311807,4
2026-07-26T18:25:38.854825100Z,Mobile.Suit.Gundam.ZZ.S01E11_ENG.ass,Mobile Suit Gundam ZZ,Temporada Única,Mobile Suit Gundam ZZ,mistralai/mistral-nemo-instruct-2407,PARCIAL,373,365,0,293221,7
2026-07-26T18:31:05.583194900Z,Mobile.Suit.Gundam.ZZ.S01E12_ENG.ass,Mobile Suit Gundam ZZ,Temporada Única,Mobile Suit Gundam ZZ,mistralai/mistral-nemo-instruct-2407,CONCLUIDO,374,362,0,326724,5
2026-07-26T18:36:11.027256700Z,Mobile.Suit.Gundam.ZZ.S01E13_ENG.ass,Mobile Suit Gundam ZZ,Temporada Única,Mobile Suit Gundam ZZ,mistralai/mistral-nemo-instruct-2407,PARCIAL,399,375,0,305435,9
2026-07-26T18:41:31.194482800Z,Mobile.Suit.Gundam.ZZ.S01E14_ENG.ass,Mobile Suit Gundam ZZ,Temporada Única,Mobile Suit Gundam ZZ,mistralai/mistral-nemo-instruct-2407,PARCIAL,408,394,0,320162,8
2026-07-26T18:46:53.804262Z,Mobile.Suit.Gundam.ZZ.S01E15_ENG.ass,Mobile Suit Gundam ZZ,Temporada Única,Mobile Suit Gundam ZZ,mistralai/mistral-nemo-instruct-2407,PARCIAL,381,363,0,322605,14
2026-07-26T18:51:45.500288300Z,Mobile.Suit.Gundam.ZZ.S01E16_ENG.ass,Mobile Suit Gundam ZZ,Temporada Única,Mobile Suit Gundam ZZ,mistralai/mistral-nemo-instruct-2407,CONCLUIDO,403,382,0,291689,3
2026-07-26T18:56:23.684476700Z,Mobile.Suit.Gundam.ZZ.S01E17_ENG.ass,Mobile Suit Gundam ZZ,Temporada Única,Mobile Suit Gundam ZZ,mistralai/mistral-nemo-instruct-2407,CONCLUIDO,371,359,0,278178,1
2026-07-26T19:01:09.938931400Z,Mobile.Suit.Gundam.ZZ.S01E18_ENG.ass,Mobile Suit Gundam ZZ,Temporada Única,Mobile Suit Gundam ZZ,mistralai/mistral-nemo-instruct-2407,PARCIAL,356,338,0,286235,9
2026-07-26T19:06:01.372585400Z,Mobile.Suit.Gundam.ZZ.S01E19_ENG.ass,Mobile Suit Gundam ZZ,Temporada Única,Mobile Suit Gundam ZZ,mistralai/mistral-nemo-instruct-2407,CONCLUIDO,369,353,0,291424,5
2026-07-26T19:12:25.261358500Z,Mobile.Suit.Gundam.ZZ.S01E20_ENG.ass,Mobile Suit Gundam ZZ,Temporada Única,Mobile Suit Gundam ZZ,mistralai/mistral-nemo-instruct-2407,PARCIAL,480,457,0,383880,8
2026-07-26T19:17:54.749695400Z,Mobile.Suit.Gundam.ZZ.S01E21_ENG.ass,Mobile Suit Gundam ZZ,Temporada Única,Mobile Suit Gundam ZZ,mistralai/mistral-nemo-instruct-2407,PARCIAL,391,370,0,329482,7
2026-07-26T19:22:45.356253400Z,Mobile.Suit.Gundam.ZZ.S01E22_ENG.ass,Mobile Suit Gundam ZZ,Temporada Única,Mobile Suit Gundam ZZ,mistralai/mistral-nemo-instruct-2407,PARCIAL,385,365,0,290598,3
2026-07-26T19:27:51.735949900Z,Mobile.Suit.Gundam.ZZ.S01E23_ENG.ass,Mobile Suit Gundam ZZ,Temporada Única,Mobile Suit Gundam ZZ,mistralai/mistral-nemo-instruct-2407,PARCIAL,361,347,0,306372,9
2026-07-26T19:33:05.558477400Z,Mobile.Suit.Gundam.ZZ.S01E24_ENG.ass,Mobile Suit Gundam ZZ,Temporada Única,Mobile Suit Gundam ZZ,mistralai/mistral-nemo-instruct-2407,PARCIAL,381,363,0,313815,5
2026-07-26T19:37:04.625233100Z,Mobile.Suit.Gundam.ZZ.S01E25_ENG.ass,Mobile Suit Gundam ZZ,Temporada Única,Mobile Suit Gundam ZZ,mistralai/mistral-nemo-instruct-2407,PARCIAL,311,282,0,239061,8
2026-07-26T19:41:58.122958900Z,Mobile.Suit.Gundam.ZZ.S01E26_ENG.ass,Mobile Suit Gundam ZZ,Temporada Única,Mobile Suit Gundam ZZ,mistralai/mistral-nemo-instruct-2407,PARCIAL,374,349,0,293487,8
2026-07-26T19:45:53.553664Z,Mobile.Suit.Gundam.ZZ.S01E27_ENG.ass,Mobile Suit Gundam ZZ,Temporada Única,Mobile Suit Gundam ZZ,mistralai/mistral-nemo-instruct-2407,CONCLUIDO,300,281,0,235422,3
2026-07-26T19:50:02.649863Z,Mobile.Suit.Gundam.ZZ.S01E28_ENG.ass,Mobile Suit Gundam ZZ,Temporada Única,Mobile Suit Gundam ZZ,mistralai/mistral-nemo-instruct-2407,PARCIAL,333,305,0,249081,12
2026-07-26T19:54:48.597345800Z,Mobile.Suit.Gundam.ZZ.S01E29_ENG.ass,Mobile Suit Gundam ZZ,Temporada Única,Mobile Suit Gundam ZZ,mistralai/mistral-nemo-instruct-2407,PARCIAL,348,336,0,285941,9
2026-07-26T19:59:52.527441300Z,Mobile.Suit.Gundam.ZZ.S01E30_ENG.ass,Mobile Suit Gundam ZZ,Temporada Única,Mobile Suit Gundam ZZ,mistralai/mistral-nemo-instruct-2407,PARCIAL,387,367,0,303922,8
2026-07-26T20:04:33.855362900Z,Mobile.Suit.Gundam.ZZ.S01E31_ENG.ass,Mobile Suit Gundam ZZ,Temporada Única,Mobile Suit Gundam ZZ,mistralai/mistral-nemo-instruct-2407,PARCIAL,323,314,0,281322,11
2026-07-26T20:08:56.955030300Z,Mobile.Suit.Gundam.ZZ.S01E32_ENG.ass,Mobile Suit Gundam ZZ,Temporada Única,Mobile Suit Gundam ZZ,mistralai/mistral-nemo-instruct-2407,CONCLUIDO,316,303,0,263094,2
2026-07-26T20:14:09.537381800Z,Mobile.Suit.Gundam.ZZ.S01E33_ENG.ass,Mobile Suit Gundam ZZ,Temporada Única,Mobile Suit Gundam ZZ,mistralai/mistral-nemo-instruct-2407,PARCIAL,413,392,0,312576,6
2026-07-26T20:19:45.372742300Z,Mobile.Suit.Gundam.ZZ.S01E34_ENG.ass,Mobile Suit Gundam ZZ,Temporada Única,Mobile Suit Gundam ZZ,mistralai/mistral-nemo-instruct-2407,PARCIAL,378,362,0,335824,7
2026-07-26T20:23:58.428564100Z,Mobile.Suit.Gundam.ZZ.S01E35_ENG.ass,Mobile Suit Gundam ZZ,Temporada Única,Mobile Suit Gundam ZZ,mistralai/mistral-nemo-instruct-2407,PARCIAL,307,291,0,253050,8
2026-07-26T20:27:42.875588500Z,Mobile.Suit.Gundam.ZZ.S01E36_ENG.ass,Mobile Suit Gundam ZZ,Temporada Única,Mobile Suit Gundam ZZ,mistralai/mistral-nemo-instruct-2407,PARCIAL,290,281,0,224441,7
2026-07-26T20:32:59.416664800Z,Mobile.Suit.Gundam.ZZ.S01E37_ENG.ass,Mobile Suit Gundam ZZ,Temporada Única,Mobile Suit Gundam ZZ,mistralai/mistral-nemo-instruct-2407,CONCLUIDO,381,368,0,316536,6
2026-07-26T20:38:13.089201500Z,Mobile.Suit.Gundam.ZZ.S01E38_ENG.ass,Mobile Suit Gundam ZZ,Temporada Única,Mobile Suit Gundam ZZ,mistralai/mistral-nemo-instruct-2407,CONCLUIDO,389,374,0,313663,4
2026-07-26T20:42:42.888271200Z,Mobile.Suit.Gundam.ZZ.S01E39_ENG.ass,Mobile Suit Gundam ZZ,Temporada Única,Mobile Suit Gundam ZZ,mistralai/mistral-nemo-instruct-2407,PARCIAL,331,323,0,269793,6
2026-07-26T20:47:58.447739800Z,Mobile.Suit.Gundam.ZZ.S01E40_ENG.ass,Mobile Suit Gundam ZZ,Temporada Única,Mobile Suit Gundam ZZ,mistralai/mistral-nemo-instruct-2407,CONCLUIDO,411,393,0,315555,2
2026-07-26T20:53:29.155379800Z,Mobile.Suit.Gundam.ZZ.S01E41_ENG.ass,Mobile Suit Gundam ZZ,Temporada Única,Mobile Suit Gundam ZZ,mistralai/mistral-nemo-instruct-2407,PARCIAL,306,284,0,330702,6
2026-07-26T21:01:08.202119400Z,Mobile.Suit.Gundam.ZZ.S01E42_ENG.ass,Mobile Suit Gundam ZZ,Temporada Única,Mobile Suit Gundam ZZ,mistralai/mistral-nemo-instruct-2407,PARCIAL,414,378,0,459038,14
2026-07-26T21:09:44.046735100Z,Mobile.Suit.Gundam.ZZ.S01E43_ENG.ass,Mobile Suit Gundam ZZ,Temporada Única,Mobile Suit Gundam ZZ,mistralai/mistral-nemo-instruct-2407,PARCIAL,378,352,0,515821,14
2026-07-26T21:16:26.550596100Z,Mobile.Suit.Gundam.ZZ.S01E44_ENG.ass,Mobile Suit Gundam ZZ,Temporada Única,Mobile Suit Gundam ZZ,mistralai/mistral-nemo-instruct-2407,PARCIAL,329,315,0,402489,9
2026-07-26T21:23:05.294016300Z,Mobile.Suit.Gundam.ZZ.S01E45_ENG.ass,Mobile Suit Gundam ZZ,Temporada Única,Mobile Suit Gundam ZZ,mistralai/mistral-nemo-instruct-2407,PARCIAL,293,281,0,398728,5
2026-07-26T21:31:12.106616400Z,Mobile.Suit.Gundam.ZZ.S01E46_ENG.ass,Mobile Suit Gundam ZZ,Temporada Única,Mobile Suit Gundam ZZ,mistralai/mistral-nemo-instruct-2407,PARCIAL,331,315,0,486797,12
2026-07-26T21:37:56.414061900Z,Mobile.Suit.Gundam.ZZ.S01E47_ENG.ass,Mobile Suit Gundam ZZ,Temporada Única,Mobile Suit Gundam ZZ,mistralai/mistral-nemo-instruct-2407,PARCIAL,249,229,0,404274,6
2026-07-28T17:52:47.541138600Z,Mobile.Suit.Gundam.The.08th.MS.Team.S00E02_Track2.ass,[Joseki] Mobile Suit Gundam The 08th MS Team COMPLETE (1996)(BD AV1 1080p Opus)[Sub Eng],Temporada Única,Mobile Suit Gundam: The 08th MS Team,mistralai/mistral-nemo-instruct-2407,CONCLUIDO,73,70,0,69063,0
2026-07-28T17:54:28.090071100Z,Mobile.Suit.Gundam.The.08th.MS.Team.S01E01_Track3.ass,[Joseki] Mobile Suit Gundam The 08th MS Team COMPLETE (1996)(BD AV1 1080p Opus)[Sub Eng],Temporada Única,Mobile Suit Gundam: The 08th MS Team,,FALHOU,0,0,0,0,1
2026-07-28T18:00:59.433218300Z,Mobile.Suit.Gundam.The.08th.MS.Team.S01E02_Track3.ass,[Joseki] Mobile Suit Gundam The 08th MS Team COMPLETE (1996)(BD AV1 1080p Opus)[Sub Eng],Temporada Única,Mobile Suit Gundam: The 08th MS Team,mistralai/mistral-nemo-instruct-2407,CONCLUIDO,267,264,0,391334,2
2026-07-28T18:10:13.198082400Z,Mobile.Suit.Gundam.The.08th.MS.Team.S01E03_Track3.ass,[Joseki] Mobile Suit Gundam The 08th MS Team COMPLETE (1996)(BD AV1 1080p Opus)[Sub Eng],Temporada Única,Mobile Suit Gundam: The 08th MS Team,mistralai/mistral-nemo-instruct-2407,PARCIAL,342,334,0,553738,4
2026-07-28T18:19:23.022777600Z,Mobile.Suit.Gundam.The.08th.MS.Team.S01E04_Track3.ass,[Joseki] Mobile Suit Gundam The 08th MS Team COMPLETE (1996)(BD AV1 1080p Opus)[Sub Eng],Temporada Única,Mobile Suit Gundam: The 08th MS Team,mistralai/mistral-nemo-instruct-2407,CONCLUIDO,341,335,0,549809,5
2026-07-28T18:27:29.918399700Z,Mobile.Suit.Gundam.The.08th.MS.Team.S01E05_Track3.ass,[Joseki] Mobile Suit Gundam The 08th MS Team COMPLETE (1996)(BD AV1 1080p Opus)[Sub Eng],Temporada Única,Mobile Suit Gundam: The 08th MS Team,mistralai/mistral-nemo-instruct-2407,CONCLUIDO,378,363,0,486884,1
2026-07-28T18:33:46.047527Z,Mobile.Suit.Gundam.The.08th.MS.Team.S01E06_Track3.ass,[Joseki] Mobile Suit Gundam The 08th MS Team COMPLETE (1996)(BD AV1 1080p Opus)[Sub Eng],Temporada Única,Mobile Suit Gundam: The 08th MS Team,mistralai/mistral-nemo-instruct-2407,PARCIAL,304,294,0,376121,4
2026-07-28T18:38:07.480304300Z,Mobile.Suit.Gundam.The.08th.MS.Team.S01E07_Track3.ass,[Joseki] Mobile Suit Gundam The 08th MS Team COMPLETE (1996)(BD AV1 1080p Opus)[Sub Eng],Temporada Única,Mobile Suit Gundam: The 08th MS Team,mistralai/mistral-nemo-instruct-2407,PARCIAL,209,203,0,261423,4
2026-07-28T18:44:54.267513900Z,Mobile.Suit.Gundam.The.08th.MS.Team.S01E08_Track3.ass,[Joseki] Mobile Suit Gundam The 08th MS Team COMPLETE (1996)(BD AV1 1080p Opus)[Sub Eng],Temporada Única,Mobile Suit Gundam: The 08th MS Team,mistralai/mistral-nemo-instruct-2407,CONCLUIDO,301,301,0,406775,1
2026-07-28T18:52:29.605970200Z,Mobile.Suit.Gundam.The.08th.MS.Team.S01E09_Track3.ass,[Joseki] Mobile Suit Gundam The 08th MS Team COMPLETE (1996)(BD AV1 1080p Opus)[Sub Eng],Temporada Única,Mobile Suit Gundam: The 08th MS Team,mistralai/mistral-nemo-instruct-2407,PARCIAL,324,315,0,455329,10
2026-07-28T18:58:38.583027500Z,Mobile.Suit.Gundam.The.08th.MS.Team.S01E10_Track3.ass,[Joseki] Mobile Suit Gundam The 08th MS Team COMPLETE (1996)(BD AV1 1080p Opus)[Sub Eng],Temporada Única,Mobile Suit Gundam: The 08th MS Team,mistralai/mistral-nemo-instruct-2407,PARCIAL,262,257,0,368966,10
2026-07-28T19:04:10.001609600Z,Mobile.Suit.Gundam.The.08th.MS.Team.S01E11_Track3.ass,[Joseki] Mobile Suit Gundam The 08th MS Team COMPLETE (1996)(BD AV1 1080p Opus)[Sub Eng],Temporada Única,Mobile Suit Gundam: The 08th MS Team,mistralai/mistral-nemo-instruct-2407,PARCIAL,247,243,0,331409,5
2026-07-28T19:09:50.546963400Z,Mobile.Suit.Gundam.The.08th.MS.Team.S01E12_Track3.ass,[Joseki] Mobile Suit Gundam The 08th MS Team COMPLETE (1996)(BD AV1 1080p Opus)[Sub Eng],Temporada Única,Mobile Suit Gundam: The 08th MS Team,mistralai/mistral-nemo-instruct-2407,PARCIAL,287,280,0,340536,5
2026-07-28T22:55:05.941063500Z,Mobile.Suit.Gundam.The.08th.MS.Team.S00E02_Track2.ass,[Joseki] Mobile Suit Gundam The 08th MS Team COMPLETE (1996)(BD AV1 1080p Opus)[Sub Eng],Temporada Única,Mobile Suit Gundam: The 08th MS Team,mistralai/mistral-nemo-instruct-2407,CONCLUIDO,73,70,0,66205,0
2026-07-28T23:00:37.019959500Z,Mobile.Suit.Gundam.The.08th.MS.Team.S01E01_Track3.ass,[Joseki] Mobile Suit Gundam The 08th MS Team COMPLETE (1996)(BD AV1 1080p Opus)[Sub Eng],Temporada Única,Mobile Suit Gundam: The 08th MS Team,mistralai/mistral-nemo-instruct-2407,CONCLUIDO,286,282,0,331067,2
2026-07-28T23:05:52.149080800Z,Mobile.Suit.Gundam.The.08th.MS.Team.S01E02_Track3.ass,[Joseki] Mobile Suit Gundam The 08th MS Team COMPLETE (1996)(BD AV1 1080p Opus)[Sub Eng],Temporada Única,Mobile Suit Gundam: The 08th MS Team,mistralai/mistral-nemo-instruct-2407,PARCIAL,267,263,0,315123,1
2026-07-28T23:12:19.652410200Z,Mobile.Suit.Gundam.The.08th.MS.Team.S01E03_Track3.ass,[Joseki] Mobile Suit Gundam The 08th MS Team COMPLETE (1996)(BD AV1 1080p Opus)[Sub Eng],Temporada Única,Mobile Suit Gundam: The 08th MS Team,mistralai/mistral-nemo-instruct-2407,PARCIAL,342,335,0,387496,2
2026-07-28T23:19:16.464086200Z,Mobile.Suit.Gundam.The.08th.MS.Team.S01E04_Track3.ass,[Joseki] Mobile Suit Gundam The 08th MS Team COMPLETE (1996)(BD AV1 1080p Opus)[Sub Eng],Temporada Única,Mobile Suit Gundam: The 08th MS Team,mistralai/mistral-nemo-instruct-2407,CONCLUIDO,341,335,0,416805,3
2026-07-28T23:26:03.832784200Z,Mobile.Suit.Gundam.The.08th.MS.Team.S01E05_Track3.ass,[Joseki] Mobile Suit Gundam The 08th MS Team COMPLETE (1996)(BD AV1 1080p Opus)[Sub Eng],Temporada Única,Mobile Suit Gundam: The 08th MS Team,mistralai/mistral-nemo-instruct-2407,CONCLUIDO,378,363,0,407362,0
2026-07-28T23:32:05.598942Z,Mobile.Suit.Gundam.The.08th.MS.Team.S01E06_Track3.ass,[Joseki] Mobile Suit Gundam The 08th MS Team COMPLETE (1996)(BD AV1 1080p Opus)[Sub Eng],Temporada Única,Mobile Suit Gundam: The 08th MS Team,mistralai/mistral-nemo-instruct-2407,PARCIAL,304,295,0,361758,5
2026-07-28T23:36:22.136157600Z,Mobile.Suit.Gundam.The.08th.MS.Team.S01E07_Track3.ass,[Joseki] Mobile Suit Gundam The 08th MS Team COMPLETE (1996)(BD AV1 1080p Opus)[Sub Eng],Temporada Única,Mobile Suit Gundam: The 08th MS Team,mistralai/mistral-nemo-instruct-2407,CONCLUIDO,209,204,0,256530,0
2026-07-28T23:42:45.451298200Z,Mobile.Suit.Gundam.The.08th.MS.Team.S01E08_Track3.ass,[Joseki] Mobile Suit Gundam The 08th MS Team COMPLETE (1996)(BD AV1 1080p Opus)[Sub Eng],Temporada Única,Mobile Suit Gundam: The 08th MS Team,mistralai/mistral-nemo-instruct-2407,CONCLUIDO,301,301,0,383309,0
2026-07-28T23:50:24.741750600Z,Mobile.Suit.Gundam.The.08th.MS.Team.S01E09_Track3.ass,[Joseki] Mobile Suit Gundam The 08th MS Team COMPLETE (1996)(BD AV1 1080p Opus)[Sub Eng],Temporada Única,Mobile Suit Gundam: The 08th MS Team,mistralai/mistral-nemo-instruct-2407,PARCIAL,324,317,0,459284,8
2026-07-28T23:55:34.968076Z,Mobile.Suit.Gundam.The.08th.MS.Team.S01E10_Track3.ass,[Joseki] Mobile Suit Gundam The 08th MS Team COMPLETE (1996)(BD AV1 1080p Opus)[Sub Eng],Temporada Única,Mobile Suit Gundam: The 08th MS Team,mistralai/mistral-nemo-instruct-2407,PARCIAL,262,260,0,310215,7
2026-07-28T23:59:47.744697500Z,Mobile.Suit.Gundam.The.08th.MS.Team.S01E11_Track3.ass,[Joseki] Mobile Suit Gundam The 08th MS Team COMPLETE (1996)(BD AV1 1080p Opus)[Sub Eng],Temporada Única,Mobile Suit Gundam: The 08th MS Team,mistralai/mistral-nemo-instruct-2407,PARCIAL,247,243,0,252771,5
2026-07-29T00:04:02.812202100Z,Mobile.Suit.Gundam.The.08th.MS.Team.S01E12_Track3.ass,[Joseki] Mobile Suit Gundam The 08th MS Team COMPLETE (1996)(BD AV1 1080p Opus)[Sub Eng],Temporada Única,Mobile Suit Gundam: The 08th MS Team,mistralai/mistral-nemo-instruct-2407,PARCIAL,287,282,0,255058,4
2026-07-29T02:17:19.107160900Z,Mobile Suit Gundam 0083 - Stardust Memory - S01E01_Track3.ass,[Joseki] Mobile Suit Gundam 0083 Stardust Memory COMPLETE (1991)(BD AV1 1080p Opus)[Sub Eng],Temporada Única,Mobile Suit Gundam 0083: Stardust Memory,mistralai/mistral-nemo-instruct-2407,PARCIAL,346,334,0,419816,4
2026-07-29T02:17:45.505701400Z,Mobile Suit Gundam 0083 - Stardust Memory - S01E02_5_Track3.ass,[Joseki] Mobile Suit Gundam 0083 Stardust Memory COMPLETE (1991)(BD AV1 1080p Opus)[Sub Eng],Temporada Única,Mobile Suit Gundam 0083: Stardust Memory,mistralai/mistral-nemo-instruct-2407,CONCLUIDO,24,21,0,26385,0
2026-07-29T02:24:33.564608300Z,Mobile Suit Gundam 0083 - Stardust Memory - S01E02_Track3.ass,[Joseki] Mobile Suit Gundam 0083 Stardust Memory COMPLETE (1991)(BD AV1 1080p Opus)[Sub Eng],Temporada Única,Mobile Suit Gundam 0083: Stardust Memory,mistralai/mistral-nemo-instruct-2407,PARCIAL,340,328,0,408047,2
2026-07-29T02:26:53.733203300Z,Mobile Suit Gundam 0083 - Stardust Memory - S01E03-5_Track2.ass,[Joseki] Mobile Suit Gundam 0083 Stardust Memory COMPLETE (1991)(BD AV1 1080p Opus)[Sub Eng],Temporada Única,Mobile Suit Gundam 0083: Stardust Memory,mistralai/mistral-nemo-instruct-2407,CONCLUIDO,78,78,0,140163,1
2026-07-29T02:32:57.009770600Z,Mobile Suit Gundam 0083 - Stardust Memory - S01E03_Track3.ass,[Joseki] Mobile Suit Gundam 0083 Stardust Memory COMPLETE (1991)(BD AV1 1080p Opus)[Sub Eng],Temporada Única,Mobile Suit Gundam 0083: Stardust Memory,mistralai/mistral-nemo-instruct-2407,PARCIAL,311,300,0,363269,3
2026-07-29T02:40:05.050345900Z,Mobile Suit Gundam 0083 - Stardust Memory - S01E04_Track3.ass,[Joseki] Mobile Suit Gundam 0083 Stardust Memory COMPLETE (1991)(BD AV1 1080p Opus)[Sub Eng],Temporada Única,Mobile Suit Gundam 0083: Stardust Memory,mistralai/mistral-nemo-instruct-2407,PARCIAL,352,338,0,428030,2
2026-07-29T02:47:24.932275800Z,Mobile Suit Gundam 0083 - Stardust Memory - S01E05_Track3.ass,[Joseki] Mobile Suit Gundam 0083 Stardust Memory COMPLETE (1991)(BD AV1 1080p Opus)[Sub Eng],Temporada Única,Mobile Suit Gundam 0083: Stardust Memory,mistralai/mistral-nemo-instruct-2407,PARCIAL,372,363,0,439874,3
2026-07-29T02:52:54.811205300Z,Mobile Suit Gundam 0083 - Stardust Memory - S01E06_Track3.ass,[Joseki] Mobile Suit Gundam 0083 Stardust Memory COMPLETE (1991)(BD AV1 1080p Opus)[Sub Eng],Temporada Única,Mobile Suit Gundam 0083: Stardust Memory,mistralai/mistral-nemo-instruct-2407,PARCIAL,285,280,0,329872,3
2026-07-29T02:59:27.023311700Z,Mobile Suit Gundam 0083 - Stardust Memory - S01E07_Track3.ass,[Joseki] Mobile Suit Gundam 0083 Stardust Memory COMPLETE (1991)(BD AV1 1080p Opus)[Sub Eng],Temporada Única,Mobile Suit Gundam 0083: Stardust Memory,mistralai/mistral-nemo-instruct-2407,PARCIAL,334,321,0,392205,11
2026-07-29T03:06:02.116229Z,Mobile Suit Gundam 0083 - Stardust Memory - S01E08_Track3.ass,[Joseki] Mobile Suit Gundam 0083 Stardust Memory COMPLETE (1991)(BD AV1 1080p Opus)[Sub Eng],Temporada Única,Mobile Suit Gundam 0083: Stardust Memory,mistralai/mistral-nemo-instruct-2407,PARCIAL,367,358,0,395086,2
2026-07-29T03:12:14.597325Z,Mobile Suit Gundam 0083 - Stardust Memory - S01E09_Track3.ass,[Joseki] Mobile Suit Gundam 0083 Stardust Memory COMPLETE (1991)(BD AV1 1080p Opus)[Sub Eng],Temporada Única,Mobile Suit Gundam 0083: Stardust Memory,mistralai/mistral-nemo-instruct-2407,CONCLUIDO,280,276,0,372473,3
2026-07-29T03:17:03.344731900Z,Mobile Suit Gundam 0083 - Stardust Memory - S01E10_Track3.ass,[Joseki] Mobile Suit Gundam 0083 Stardust Memory COMPLETE (1991)(BD AV1 1080p Opus)[Sub Eng],Temporada Única,Mobile Suit Gundam 0083: Stardust Memory,mistralai/mistral-nemo-instruct-2407,CONCLUIDO,242,238,0,288740,1
2026-07-29T03:23:01.291656100Z,Mobile Suit Gundam 0083 - Stardust Memory - S01E11_Track3.ass,[Joseki] Mobile Suit Gundam 0083 Stardust Memory COMPLETE (1991)(BD AV1 1080p Opus)[Sub Eng],Temporada Única,Mobile Suit Gundam 0083: Stardust Memory,mistralai/mistral-nemo-instruct-2407,PARCIAL,301,296,0,357938,2
2026-07-29T03:27:38.115281700Z,Mobile Suit Gundam 0083 - Stardust Memory - S01E12_Track3.ass,[Joseki] Mobile Suit Gundam 0083 Stardust Memory COMPLETE (1991)(BD AV1 1080p Opus)[Sub Eng],Temporada Única,Mobile Suit Gundam 0083: Stardust Memory,mistralai/mistral-nemo-instruct-2407,CONCLUIDO,229,227,0,276817,2
2026-07-29T03:31:34.745247Z,Mobile Suit Gundam 0083 - Stardust Memory - S01E13_Track3.ass,[Joseki] Mobile Suit Gundam 0083 Stardust Memory COMPLETE (1991)(BD AV1 1080p Opus)[Sub Eng],Temporada Única,Mobile Suit Gundam 0083: Stardust Memory,mistralai/mistral-nemo-instruct-2407,PARCIAL,218,209,0,236623,1
2026-07-29T03:51:41.062250100Z,Mobile Suit Zeta Gundam - S01E01_Track2.ass,Mobile Suit Zeta Gundam,Temporada Única,Mobile Suit Zeta Gundam,mistralai/mistral-nemo-instruct-2407,CONCLUIDO,207,188,0,160496,0
2026-07-29T03:55:57.274129900Z,Mobile Suit Zeta Gundam - S01E02_Track2.ass,Mobile Suit Zeta Gundam,Temporada Única,Mobile Suit Zeta Gundam,mistralai/mistral-nemo-instruct-2407,PARCIAL,301,294,0,256205,10
2026-07-29T04:00:55.967869500Z,Mobile Suit Zeta Gundam - S01E03_Track2.ass,Mobile Suit Zeta Gundam,Temporada Única,Mobile Suit Zeta Gundam,mistralai/mistral-nemo-instruct-2407,PARCIAL,356,350,0,298688,4
2026-07-29T04:05:35.334271500Z,Mobile Suit Zeta Gundam - S01E04_Track2.ass,Mobile Suit Zeta Gundam,Temporada Única,Mobile Suit Zeta Gundam,mistralai/mistral-nemo-instruct-2407,CONCLUIDO,318,312,0,279362,9
2026-07-29T04:09:55.382734400Z,Mobile Suit Zeta Gundam - S01E05_Track2.ass,Mobile Suit Zeta Gundam,Temporada Única,Mobile Suit Zeta Gundam,mistralai/mistral-nemo-instruct-2407,CONCLUIDO,309,298,0,260041,3
2026-07-29T04:14:56.524117600Z,Mobile Suit Zeta Gundam - S01E06_Track2.ass,Mobile Suit Zeta Gundam,Temporada Única,Mobile Suit Zeta Gundam,mistralai/mistral-nemo-instruct-2407,PARCIAL,344,332,0,301136,13
2026-07-29T04:19:29.992937400Z,Mobile Suit Zeta Gundam - S01E07_Track2.ass,Mobile Suit Zeta Gundam,Temporada Única,Mobile Suit Zeta Gundam,mistralai/mistral-nemo-instruct-2407,PARCIAL,303,300,0,273460,7
2026-07-29T04:24:09.184361700Z,Mobile Suit Zeta Gundam - S01E08_Track2.ass,Mobile Suit Zeta Gundam,Temporada Única,Mobile Suit Zeta Gundam,mistralai/mistral-nemo-instruct-2407,PARCIAL,294,288,0,279188,11
2026-07-29T04:29:14.841275600Z,Mobile Suit Zeta Gundam - S01E09_Track2.ass,Mobile Suit Zeta Gundam,Temporada Única,Mobile Suit Zeta Gundam,mistralai/mistral-nemo-instruct-2407,CONCLUIDO,349,343,0,305646,8
2026-07-29T04:33:57.149949700Z,Mobile Suit Zeta Gundam - S01E10_Track2.ass,Mobile Suit Zeta Gundam,Temporada Única,Mobile Suit Zeta Gundam,mistralai/mistral-nemo-instruct-2407,CONCLUIDO,308,293,0,282303,10
2026-07-29T04:39:03.415387800Z,Mobile Suit Zeta Gundam - S01E11_Track2.ass,Mobile Suit Zeta Gundam,Temporada Única,Mobile Suit Zeta Gundam,mistralai/mistral-nemo-instruct-2407,PARCIAL,364,352,0,306261,7
2026-07-29T04:43:04.410601500Z,Mobile Suit Zeta Gundam - S01E12_Track2.ass,Mobile Suit Zeta Gundam,Temporada Única,Mobile Suit Zeta Gundam,mistralai/mistral-nemo-instruct-2407,CONCLUIDO,303,295,0,240990,5
2026-07-29T04:47:58.834874300Z,Mobile Suit Zeta Gundam - S01E13_Track2.ass,Mobile Suit Zeta Gundam,Temporada Única,Mobile Suit Zeta Gundam,mistralai/mistral-nemo-instruct-2407,PARCIAL,349,325,0,294418,17
2026-07-29T04:51:47.843577500Z,Mobile Suit Zeta Gundam - S01E14_Track2.ass,Mobile Suit Zeta Gundam,Temporada Única,Mobile Suit Zeta Gundam,mistralai/mistral-nemo-instruct-2407,CONCLUIDO,278,271,0,229004,6
2026-07-29T04:56:40.870793300Z,Mobile Suit Zeta Gundam - S01E15_Track2.ass,Mobile Suit Zeta Gundam,Temporada Única,Mobile Suit Zeta Gundam,mistralai/mistral-nemo-instruct-2407,PARCIAL,356,343,0,293019,11
2026-07-29T05:01:31.248142500Z,Mobile Suit Zeta Gundam - S01E16_Track2.ass,Mobile Suit Zeta Gundam,Temporada Única,Mobile Suit Zeta Gundam,mistralai/mistral-nemo-instruct-2407,CONCLUIDO,382,366,0,290374,4
2026-07-29T05:05:39.020059Z,Mobile Suit Zeta Gundam - S01E17_Track2.ass,Mobile Suit Zeta Gundam,Temporada Única,Mobile Suit Zeta Gundam,mistralai/mistral-nemo-instruct-2407,PARCIAL,333,317,0,247767,2
2026-07-29T05:11:19.561426900Z,Mobile Suit Zeta Gundam - S01E18_Track2.ass,Mobile Suit Zeta Gundam,Temporada Única,Mobile Suit Zeta Gundam,mistralai/mistral-nemo-instruct-2407,PARCIAL,386,368,0,340536,18
2026-07-29T05:15:06.522448500Z,Mobile Suit Zeta Gundam - S01E19_Track2.ass,Mobile Suit Zeta Gundam,Temporada Única,Mobile Suit Zeta Gundam,mistralai/mistral-nemo-instruct-2407,PARCIAL,321,301,0,226952,6
2026-07-29T05:19:43.076096100Z,Mobile Suit Zeta Gundam - S01E20_Track2.ass,Mobile Suit Zeta Gundam,Temporada Única,Mobile Suit Zeta Gundam,mistralai/mistral-nemo-instruct-2407,PARCIAL,356,332,0,276548,5
2026-07-29T05:24:28.424027400Z,Mobile Suit Zeta Gundam - S01E21_Track2.ass,Mobile Suit Zeta Gundam,Temporada Única,Mobile Suit Zeta Gundam,mistralai/mistral-nemo-instruct-2407,CONCLUIDO,352,344,0,285339,4
2026-07-29T05:29:39.382576700Z,Mobile Suit Zeta Gundam - S01E22_Track2.ass,Mobile Suit Zeta Gundam,Temporada Única,Mobile Suit Zeta Gundam,mistralai/mistral-nemo-instruct-2407,CONCLUIDO,377,362,0,310953,7
2026-07-29T05:35:11.436847500Z,Mobile Suit Zeta Gundam - S01E23_Track2.ass,Mobile Suit Zeta Gundam,Temporada Única,Mobile Suit Zeta Gundam,mistralai/mistral-nemo-instruct-2407,CONCLUIDO,382,367,0,332049,7
2026-07-29T05:39:29.527189200Z,Mobile Suit Zeta Gundam - S01E24_Track2.ass,Mobile Suit Zeta Gundam,Temporada Única,Mobile Suit Zeta Gundam,mistralai/mistral-nemo-instruct-2407,CONCLUIDO,351,328,0,258086,3
2026-07-29T05:44:51.658178100Z,Mobile Suit Zeta Gundam - S01E25_Track2.ass,Mobile Suit Zeta Gundam,Temporada Única,Mobile Suit Zeta Gundam,mistralai/mistral-nemo-instruct-2407,CONCLUIDO,367,354,0,322126,8
2026-07-29T05:49:07.855107200Z,Mobile Suit Zeta Gundam - S01E26_Track2.ass,Mobile Suit Zeta Gundam,Temporada Única,Mobile Suit Zeta Gundam,mistralai/mistral-nemo-instruct-2407,PARCIAL,359,337,0,256192,6
2026-07-29T05:54:29.996629Z,Mobile Suit Zeta Gundam - S01E27_Track2.ass,Mobile Suit Zeta Gundam,Temporada Única,Mobile Suit Zeta Gundam,mistralai/mistral-nemo-instruct-2407,CONCLUIDO,378,360,0,322136,11
2026-07-29T05:59:14.582892700Z,Mobile Suit Zeta Gundam - S01E28_Track2.ass,Mobile Suit Zeta Gundam,Temporada Única,Mobile Suit Zeta Gundam,mistralai/mistral-nemo-instruct-2407,CONCLUIDO,372,356,0,284580,5
2026-07-29T06:04:49.340344100Z,Mobile Suit Zeta Gundam - S01E29_Track2.ass,Mobile Suit Zeta Gundam,Temporada Única,Mobile Suit Zeta Gundam,mistralai/mistral-nemo-instruct-2407,PARCIAL,393,376,0,334752,11
2026-07-29T06:08:34.493447300Z,Mobile Suit Zeta Gundam - S01E30_Track2.ass,Mobile Suit Zeta Gundam,Temporada Única,Mobile Suit Zeta Gundam,mistralai/mistral-nemo-instruct-2407,CONCLUIDO,295,282,0,225148,6
2026-07-29T06:12:45.233399500Z,Mobile Suit Zeta Gundam - S01E31_Track2.ass,Mobile Suit Zeta Gundam,Temporada Única,Mobile Suit Zeta Gundam,mistralai/mistral-nemo-instruct-2407,PARCIAL,342,330,0,250735,1
2026-07-29T06:16:53.376545700Z,Mobile Suit Zeta Gundam - S01E32_Track2.ass,Mobile Suit Zeta Gundam,Temporada Única,Mobile Suit Zeta Gundam,mistralai/mistral-nemo-instruct-2407,CONCLUIDO,347,329,0,248138,2
2026-07-29T06:20:51.810696900Z,Mobile Suit Zeta Gundam - S01E33_Track2.ass,Mobile Suit Zeta Gundam,Temporada Única,Mobile Suit Zeta Gundam,mistralai/mistral-nemo-instruct-2407,PARCIAL,336,316,0,238429,3
2026-07-29T06:25:06.033540800Z,Mobile Suit Zeta Gundam - S01E34_Track2.ass,Mobile Suit Zeta Gundam,Temporada Única,Mobile Suit Zeta Gundam,mistralai/mistral-nemo-instruct-2407,PARCIAL,352,335,0,254218,3
2026-07-29T06:29:16.789051Z,Mobile Suit Zeta Gundam - S01E35_Track2.ass,Mobile Suit Zeta Gundam,Temporada Única,Mobile Suit Zeta Gundam,mistralai/mistral-nemo-instruct-2407,PARCIAL,335,317,0,250751,5
2026-07-29T06:32:51.612391400Z,Mobile Suit Zeta Gundam - S01E36_Track2.ass,Mobile Suit Zeta Gundam,Temporada Única,Mobile Suit Zeta Gundam,mistralai/mistral-nemo-instruct-2407,PARCIAL,314,279,0,214818,10
2026-07-29T06:37:48.628546800Z,Mobile Suit Zeta Gundam - S01E37_Track2.ass,Mobile Suit Zeta Gundam,Temporada Única,Mobile Suit Zeta Gundam,mistralai/mistral-nemo-instruct-2407,CONCLUIDO,376,369,0,297012,1
2026-07-29T06:42:32.678705200Z,Mobile Suit Zeta Gundam - S01E38_Track2.ass,Mobile Suit Zeta Gundam,Temporada Única,Mobile Suit Zeta Gundam,mistralai/mistral-nemo-instruct-2407,PARCIAL,381,359,0,284045,3
2026-07-29T06:44:05.863417200Z,Mobile Suit Zeta Gundam - S01E39_Track2.ass,Mobile Suit Zeta Gundam,Temporada Única,Mobile Suit Zeta Gundam,,FALHOU,0,0,0,0,1
2026-07-29T12:36:56.419721400Z,Mobile Suit Gundam Unicorn Re0096 (2016) - S01E01 - Departure 0096_Track4.ass,texte,Temporada Única,Mobile Suit Gundam Unicorn,mistralai/mistral-nemo-instruct-2407,PARCIAL,374,365,0,407887,7
2026-07-29T12:50:05.470366600Z,Mobile Suit Gundam Unicorn Re0096 (2016) - S01E01 - Departure 0096_Track4.ass,Season 1,Temporada Única,Mobile Suit Gundam Unicorn,,FALHOU,0,0,0,0,1
2026-07-29T12:55:43.391747700Z,Mobile Suit Gundam Unicorn Re0096 (2016) - S01E01 - Departure 0096_Track4.ass,Season 1,Temporada 1,Mobile Suit Gundam Unicorn,mistralai/mistral-nemo-instruct-2407,PARCIAL,219,215,0,237874,2
2026-07-29T13:01:31.024483700Z,Mobile Suit Gundam Unicorn Re0096 (2016) - S01E02 - First Blood_Track4.ass,Season 1,Temporada 1,Mobile Suit Gundam Unicorn,mistralai/mistral-nemo-instruct-2407,CONCLUIDO,308,307,0,347626,0
2026-07-29T13:04:32.626091700Z,Mobile Suit Gundam Unicorn Re0096 (2016) - S01E03 - They Called It Gundam_Track4.ass,Season 1,Temporada 1,Mobile Suit Gundam Unicorn,mistralai/mistral-nemo-instruct-2407,CONCLUIDO,192,187,0,181597,0
2026-07-29T13:11:03.705321900Z,Mobile Suit Gundam Unicorn Re0096 (2016) - S01E04 - Full Frontal's Pursuit_Track4.ass,Season 1,Temporada 1,Mobile Suit Gundam Unicorn,mistralai/mistral-nemo-instruct-2407,CONCLUIDO,373,371,0,391074,0
2026-07-29T13:15:57.186051400Z,Mobile Suit Gundam Unicorn Re0096 (2016) - S01E05 - Clash with the Red Comet_Track4.ass,Season 1,Temporada 1,Mobile Suit Gundam Unicorn,mistralai/mistral-nemo-instruct-2407,CONCLUIDO,269,267,0,293474,0
2026-07-29T13:21:28.867763600Z,Mobile Suit Gundam Unicorn Re0096 (2016) - S01E06 - Under the Mask_Track3.ass,Season 1,Temporada 1,Mobile Suit Gundam Unicorn,mistralai/mistral-nemo-instruct-2407,CONCLUIDO,293,291,0,331674,1
2026-07-29T13:26:38.709190500Z,Mobile Suit Gundam Unicorn Re0096 (2016) - S01E07 - The Battle of Palau_Track3.ass,Season 1,Temporada 1,Mobile Suit Gundam Unicorn,mistralai/mistral-nemo-instruct-2407,PARCIAL,265,255,0,309836,9
2026-07-29T13:33:32.598903900Z,"Mobile Suit Gundam Unicorn Re0096 (2016) - S01E08 - Laplace, Where It All Began_Track3.ass",Season 1,Temporada 1,Mobile Suit Gundam Unicorn,mistralai/mistral-nemo-instruct-2407,PARCIAL,350,347,0,413884,1
2026-07-29T13:39:10.170679500Z,Mobile Suit Gundam Unicorn Re0096 (2016) - S01E09 - Retribution_Track3.ass,Season 1,Temporada 1,Mobile Suit Gundam Unicorn,mistralai/mistral-nemo-instruct-2407,PARCIAL,285,273,0,337566,11
2026-07-29T13:44:14.050660100Z,Mobile Suit Gundam Unicorn Re0096 (2016) - S01E10 - From the Scorching Earth_Track3.ass,Season 1,Temporada 1,Mobile Suit Gundam Unicorn,mistralai/mistral-nemo-instruct-2407,CONCLUIDO,249,249,0,303874,2
2026-07-29T13:49:34.677006900Z,Mobile Suit Gundam Unicorn Re0096 (2016) - S01E11 - Battle at Torrington_Track3.ass,Season 1,Temporada 1,Mobile Suit Gundam Unicorn,mistralai/mistral-nemo-instruct-2407,CONCLUIDO,269,267,0,320622,1
2026-07-29T13:54:53.898487800Z,Mobile Suit Gundam Unicorn Re0096 (2016) - S01E12 - A Private War_Track4.ass,Season 1,Temporada 1,Mobile Suit Gundam Unicorn,mistralai/mistral-nemo-instruct-2407,CONCLUIDO,235,233,0,319214,0
2026-07-29T14:00:03.699572600Z,"Mobile Suit Gundam Unicorn Re0096 (2016) - S01E13 - Banagher Links, Soldier_Track4.ass",Season 1,Temporada 1,Mobile Suit Gundam Unicorn,mistralai/mistral-nemo-instruct-2407,PARCIAL,253,251,0,309795,1
2026-07-29T14:04:09.402989800Z,Mobile Suit Gundam Unicorn Re0096 (2016) - S01E14 - Clash of the Two Unicorns_Track4.ass,Season 1,Temporada 1,Mobile Suit Gundam Unicorn,mistralai/mistral-nemo-instruct-2407,CONCLUIDO,232,227,0,245698,0
2026-07-29T14:07:56.737110700Z,Mobile Suit Gundam Unicorn Re0096 (2016) - S01E15 - Waiting in Space_Track4.ass,Season 1,Temporada 1,Mobile Suit Gundam Unicorn,mistralai/mistral-nemo-instruct-2407,PARCIAL,202,196,0,227328,2
2026-07-29T14:13:46.052880300Z,Mobile Suit Gundam Unicorn Re0096 (2016) - S01E16 - The Side Co-Prosperity Sphere_Track4.ass,Season 1,Temporada 1,Mobile Suit Gundam Unicorn,mistralai/mistral-nemo-instruct-2407,CONCLUIDO,293,293,0,349309,0
2026-07-29T14:18:57.461131300Z,Mobile Suit Gundam Unicorn Re0096 (2016) - S01E17 - Nahel Argama Recaptured_Track4.ass,Season 1,Temporada 1,Mobile Suit Gundam Unicorn,mistralai/mistral-nemo-instruct-2407,CONCLUIDO,290,279,0,311404,0
2026-07-29T14:22:42.089352Z,Mobile Suit Gundam Unicorn Re0096 (2016) - S01E18 - Fateful Battle_Track4.ass,Season 1,Temporada 1,Mobile Suit Gundam Unicorn,mistralai/mistral-nemo-instruct-2407,CONCLUIDO,201,200,0,224622,0
2026-07-29T14:25:44.095601100Z,Mobile Suit Gundam Unicorn Re0096 (2016) - S01E19 - Another Cosmic Glow_Track4.ass,Season 1,Temporada 1,Mobile Suit Gundam Unicorn,mistralai/mistral-nemo-instruct-2407,CONCLUIDO,182,180,0,182001,0
2026-07-29T14:30:40.583935600Z,Mobile Suit Gundam Unicorn Re0096 (2016) - S01E20 - Laplace's Box_Track4.ass,Season 1,Temporada 1,Mobile Suit Gundam Unicorn,mistralai/mistral-nemo-instruct-2407,CONCLUIDO,270,270,0,296480,0
2026-07-29T14:33:46.465731800Z,Mobile Suit Gundam Unicorn Re0096 (2016) - S01E21 - To the World's End_Track4.ass,Season 1,Temporada 1,Mobile Suit Gundam Unicorn,mistralai/mistral-nemo-instruct-2407,CONCLUIDO,184,179,0,185876,0
2026-07-29T14:39:32.621514600Z,Mobile Suit Gundam Unicorn Re0096 (2016) - S01E22 - Return_Track4.ass,Season 1,Temporada 1,Mobile Suit Gundam Unicorn,mistralai/mistral-nemo-instruct-2407,PARCIAL,274,266,0,346150,6
2026-07-29T17:05:03.216006800Z,Mobile Suit Gundam Unicorn Re0096 (2016) - S01E01 - Departure 0096_Track4.ass,Season 1,Temporada 1,Mobile Suit Gundam Unicorn,mistralai/mistral-nemo-instruct-2407,PARCIAL,219,215,0,236078,1
2026-07-29T17:10:53.979190400Z,Mobile Suit Gundam Unicorn Re0096 (2016) - S01E02 - First Blood_Track4.ass,Season 1,Temporada 1,Mobile Suit Gundam Unicorn,mistralai/mistral-nemo-instruct-2407,CONCLUIDO,308,307,0,350753,0
2026-07-29T17:14:00.019841200Z,Mobile Suit Gundam Unicorn Re0096 (2016) - S01E03 - They Called It Gundam_Track4.ass,Season 1,Temporada 1,Mobile Suit Gundam Unicorn,mistralai/mistral-nemo-instruct-2407,CONCLUIDO,192,187,0,186033,0
2026-07-29T17:20:27.076869Z,Mobile Suit Gundam Unicorn Re0096 (2016) - S01E04 - Full Frontal's Pursuit_Track4.ass,Season 1,Temporada 1,Mobile Suit Gundam Unicorn,mistralai/mistral-nemo-instruct-2407,PARCIAL,373,370,0,387050,1
2026-07-29T17:25:31.919247800Z,Mobile Suit Gundam Unicorn Re0096 (2016) - S01E05 - Clash with the Red Comet_Track4.ass,Season 1,Temporada 1,Mobile Suit Gundam Unicorn,mistralai/mistral-nemo-instruct-2407,PARCIAL,269,266,0,304834,1
2026-07-29T17:31:08.436868Z,Mobile Suit Gundam Unicorn Re0096 (2016) - S01E06 - Under the Mask_Track3.ass,Season 1,Temporada 1,Mobile Suit Gundam Unicorn,mistralai/mistral-nemo-instruct-2407,CONCLUIDO,293,291,0,336501,0
2026-07-29T17:35:47.275955400Z,Mobile Suit Gundam Unicorn Re0096 (2016) - S01E07 - The Battle of Palau_Track3.ass,Season 1,Temporada 1,Mobile Suit Gundam Unicorn,mistralai/mistral-nemo-instruct-2407,CONCLUIDO,245,242,0,278832,0
2026-07-29T17:42:44.720537100Z,"Mobile Suit Gundam Unicorn Re0096 (2016) - S01E08 - Laplace, Where It All Began_Track3.ass",Season 1,Temporada 1,Mobile Suit Gundam Unicorn,mistralai/mistral-nemo-instruct-2407,CONCLUIDO,350,348,0,417438,0
2026-07-29T17:48:05.744060Z,Mobile Suit Gundam Unicorn Re0096 (2016) - S01E09 - Retribution_Track3.ass,Season 1,Temporada 1,Mobile Suit Gundam Unicorn,mistralai/mistral-nemo-instruct-2407,CONCLUIDO,273,271,0,321017,0
2026-07-29T17:53:27.010211600Z,Mobile Suit Gundam Unicorn Re0096 (2016) - S01E10 - From the Scorching Earth_Track3.ass,Season 1,Temporada 1,Mobile Suit Gundam Unicorn,mistralai/mistral-nemo-instruct-2407,PARCIAL,249,248,0,321261,2
2026-07-29T17:58:48.084139500Z,Mobile Suit Gundam Unicorn Re0096 (2016) - S01E11 - Battle at Torrington_Track3.ass,Season 1,Temporada 1,Mobile Suit Gundam Unicorn,mistralai/mistral-nemo-instruct-2407,CONCLUIDO,269,267,0,321067,0
2026-07-29T18:03:16.884122800Z,Mobile Suit Gundam Unicorn Re0096 (2016) - S01E12 - A Private War_Track4.ass,Season 1,Temporada 1,Mobile Suit Gundam Unicorn,mistralai/mistral-nemo-instruct-2407,CONCLUIDO,235,233,0,268791,0
2026-07-29T18:08:15.114574500Z,"Mobile Suit Gundam Unicorn Re0096 (2016) - S01E13 - Banagher Links, Soldier_Track4.ass",Season 1,Temporada 1,Mobile Suit Gundam Unicorn,mistralai/mistral-nemo-instruct-2407,CONCLUIDO,253,252,0,298225,0
2026-07-29T18:12:05.167977900Z,Mobile Suit Gundam Unicorn Re0096 (2016) - S01E14 - Clash of the Two Unicorns_Track4.ass,Season 1,Temporada 1,Mobile Suit Gundam Unicorn,mistralai/mistral-nemo-instruct-2407,PARCIAL,232,226,0,230047,1
2026-07-29T18:15:38.490592100Z,Mobile Suit Gundam Unicorn Re0096 (2016) - S01E15 - Waiting in Space_Track4.ass,Season 1,Temporada 1,Mobile Suit Gundam Unicorn,mistralai/mistral-nemo-instruct-2407,CONCLUIDO,198,194,0,213317,0
2026-07-29T18:21:37.998954300Z,Mobile Suit Gundam Unicorn Re0096 (2016) - S01E16 - The Side Co-Prosperity Sphere_Track4.ass,Season 1,Temporada 1,Mobile Suit Gundam Unicorn,mistralai/mistral-nemo-instruct-2407,CONCLUIDO,293,293,0,359500,0
2026-07-29T18:26:50.956557200Z,Mobile Suit Gundam Unicorn Re0096 (2016) - S01E17 - Nahel Argama Recaptured_Track4.ass,Season 1,Temporada 1,Mobile Suit Gundam Unicorn,mistralai/mistral-nemo-instruct-2407,PARCIAL,290,278,0,312952,1
2026-07-29T18:30:35.674442300Z,Mobile Suit Gundam Unicorn Re0096 (2016) - S01E18 - Fateful Battle_Track4.ass,Season 1,Temporada 1,Mobile Suit Gundam Unicorn,mistralai/mistral-nemo-instruct-2407,CONCLUIDO,201,200,0,224711,0
2026-07-29T18:33:41.635424100Z,Mobile Suit Gundam Unicorn Re0096 (2016) - S01E19 - Another Cosmic Glow_Track4.ass,Season 1,Temporada 1,Mobile Suit Gundam Unicorn,mistralai/mistral-nemo-instruct-2407,CONCLUIDO,182,180,0,185955,0
2026-07-29T18:37:47.756685Z,Mobile Suit Gundam Unicorn Re0096 (2016) - S01E20 - Laplace's Box_Track4.ass,Season 1,Temporada Única,Mobile Suit Gundam Unicorn,,FALHOU,0,0,0,0,1
2026-07-29T18:41:08.157949600Z,Mobile Suit Gundam Unicorn Re0096 (2016) - S01E21 - To the World's End_Track4.ass,Season 1,Temporada 1,Mobile Suit Gundam Unicorn,mistralai/mistral-nemo-instruct-2407,CONCLUIDO,184,179,0,200391,0
2026-07-29T18:46:21.994918Z,Mobile Suit Gundam Unicorn Re0096 (2016) - S01E22 - Return_Track4.ass,Season 1,Temporada 1,Mobile Suit Gundam Unicorn,mistralai/mistral-nemo-instruct-2407,CONCLUIDO,265,261,0,313828,0
2026-07-29T22:22:36.426405200Z,Mobile Suit Gundam Unicorn Re0096 (2016) - S01E01 - Departure 0096_Track4.ass,Season 1,Temporada 1,Mobile Suit Gundam Unicorn,mistralai/mistral-nemo-instruct-2407,PARCIAL,219,214,0,250236,2
2026-07-29T23:10:35.132889200Z,Mobile Suit Gundam Unicorn Re0096 (2016) - S01E01 - Departure 0096_Track4.ass,Season 1,Temporada 1,Mobile Suit Gundam Unicorn,mistralai/mistral-nemo-instruct-2407,PARCIAL,219,215,0,236574,1
2026-07-29T23:16:20.213873100Z,Mobile Suit Gundam Unicorn Re0096 (2016) - S01E02 - First Blood_Track4.ass,Season 1,Temporada 1,Mobile Suit Gundam Unicorn,mistralai/mistral-nemo-instruct-2407,CONCLUIDO,308,307,0,345074,0
2026-07-29T23:19:22.664463100Z,Mobile Suit Gundam Unicorn Re0096 (2016) - S01E03 - They Called It Gundam_Track4.ass,Season 1,Temporada 1,Mobile Suit Gundam Unicorn,mistralai/mistral-nemo-instruct-2407,CONCLUIDO,192,187,0,182444,0
2026-07-29T23:25:53.464356800Z,Mobile Suit Gundam Unicorn Re0096 (2016) - S01E04 - Full Frontal's Pursuit_Track4.ass,Season 1,Temporada 1,Mobile Suit Gundam Unicorn,mistralai/mistral-nemo-instruct-2407,PARCIAL,373,370,0,390794,1
2026-07-29T23:30:38.972629300Z,Mobile Suit Gundam Unicorn Re0096 (2016) - S01E05 - Clash with the Red Comet_Track4.ass,Season 1,Temporada 1,Mobile Suit Gundam Unicorn,mistralai/mistral-nemo-instruct-2407,PARCIAL,269,266,0,285501,1
2026-07-29T23:36:04.166532200Z,Mobile Suit Gundam Unicorn Re0096 (2016) - S01E06 - Under the Mask_Track3.ass,Season 1,Temporada 1,Mobile Suit Gundam Unicorn,mistralai/mistral-nemo-instruct-2407,CONCLUIDO,293,291,0,325187,0
2026-07-29T23:40:30.787865800Z,Mobile Suit Gundam Unicorn Re0096 (2016) - S01E07 - The Battle of Palau_Track3.ass,Season 1,Temporada 1,Mobile Suit Gundam Unicorn,mistralai/mistral-nemo-instruct-2407,CONCLUIDO,245,242,0,266616,0
2026-07-29T23:47:37.180258400Z,"Mobile Suit Gundam Unicorn Re0096 (2016) - S01E08 - Laplace, Where It All Began_Track3.ass",Season 1,Temporada 1,Mobile Suit Gundam Unicorn,mistralai/mistral-nemo-instruct-2407,PARCIAL,350,347,0,426388,1
2026-07-29T23:53:03.104182500Z,Mobile Suit Gundam Unicorn Re0096 (2016) - S01E09 - Retribution_Track3.ass,Season 1,Temporada 1,Mobile Suit Gundam Unicorn,mistralai/mistral-nemo-instruct-2407,CONCLUIDO,273,271,0,325918,0
2026-07-29T23:58:04.466012800Z,Mobile Suit Gundam Unicorn Re0096 (2016) - S01E10 - From the Scorching Earth_Track3.ass,Season 1,Temporada 1,Mobile Suit Gundam Unicorn,mistralai/mistral-nemo-instruct-2407,PARCIAL,249,248,0,301357,1
2026-07-30T00:03:29.879139400Z,Mobile Suit Gundam Unicorn Re0096 (2016) - S01E11 - Battle at Torrington_Track3.ass,Season 1,Temporada 1,Mobile Suit Gundam Unicorn,mistralai/mistral-nemo-instruct-2407,CONCLUIDO,269,267,0,325407,0
2026-07-30T00:07:51.285852300Z,Mobile Suit Gundam Unicorn Re0096 (2016) - S01E12 - A Private War_Track4.ass,Season 1,Temporada 1,Mobile Suit Gundam Unicorn,mistralai/mistral-nemo-instruct-2407,CONCLUIDO,235,233,0,261400,0
2026-07-30T00:12:45.114550500Z,"Mobile Suit Gundam Unicorn Re0096 (2016) - S01E13 - Banagher Links, Soldier_Track4.ass",Season 1,Temporada 1,Mobile Suit Gundam Unicorn,mistralai/mistral-nemo-instruct-2407,CONCLUIDO,253,252,0,293823,0
2026-07-30T00:17:05.024784600Z,Mobile Suit Gundam Unicorn Re0096 (2016) - S01E14 - Clash of the Two Unicorns_Track4.ass,Season 1,Temporada 1,Mobile Suit Gundam Unicorn,mistralai/mistral-nemo-instruct-2407,PARCIAL,232,226,0,259905,1
2026-07-30T00:20:37.766602900Z,Mobile Suit Gundam Unicorn Re0096 (2016) - S01E15 - Waiting in Space_Track4.ass,Season 1,Temporada 1,Mobile Suit Gundam Unicorn,mistralai/mistral-nemo-instruct-2407,CONCLUIDO,198,194,0,212736,0
2026-07-30T00:26:29.280080900Z,Mobile Suit Gundam Unicorn Re0096 (2016) - S01E16 - The Side Co-Prosperity Sphere_Track4.ass,Season 1,Temporada 1,Mobile Suit Gundam Unicorn,mistralai/mistral-nemo-instruct-2407,CONCLUIDO,293,293,0,351504,0
2026-07-30T00:31:36.863065300Z,Mobile Suit Gundam Unicorn Re0096 (2016) - S01E17 - Nahel Argama Recaptured_Track4.ass,Season 1,Temporada 1,Mobile Suit Gundam Unicorn,mistralai/mistral-nemo-instruct-2407,CONCLUIDO,290,279,0,307578,0
2026-07-30T00:35:27.407921400Z,Mobile Suit Gundam Unicorn Re0096 (2016) - S01E18 - Fateful Battle_Track4.ass,Season 1,Temporada 1,Mobile Suit Gundam Unicorn,mistralai/mistral-nemo-instruct-2407,CONCLUIDO,201,200,0,230538,0
2026-07-30T00:38:32.676596300Z,Mobile Suit Gundam Unicorn Re0096 (2016) - S01E19 - Another Cosmic Glow_Track4.ass,Season 1,Temporada 1,Mobile Suit Gundam Unicorn,mistralai/mistral-nemo-instruct-2407,CONCLUIDO,182,180,0,185264,0
2026-07-30T00:43:37.131241600Z,Mobile Suit Gundam Unicorn Re0096 (2016) - S01E20 - Laplace's Box_Track4.ass,Season 1,Temporada 1,Mobile Suit Gundam Unicorn,mistralai/mistral-nemo-instruct-2407,PARCIAL,270,269,0,304450,1
2026-07-30T00:47:03.545276600Z,Mobile Suit Gundam Unicorn Re0096 (2016) - S01E21 - To the World's End_Track4.ass,Season 1,Temporada 1,Mobile Suit Gundam Unicorn,mistralai/mistral-nemo-instruct-2407,PARCIAL,184,177,0,206408,2
2026-07-30T00:51:56.983464300Z,Mobile Suit Gundam Unicorn Re0096 (2016) - S01E22 - Return_Track4.ass,Season 1,Temporada 1,Mobile Suit Gundam Unicorn,mistralai/mistral-nemo-instruct-2407,CONCLUIDO,265,261,0,293433,0
2026-07-30T12:46:01.887874Z,Mobile.Suit.Gundam.CCA_Track2.ass,[Joseki] Mobile Suit Gundam Char's Counterattack (1988)(BD AV1 Opus)[Eng Sub],Temporada Única,Mobile Suit Gundam: Char's Counterattack,mistralai/mistral-nemo-instruct-2407,PARCIAL,1886,1751,0,1529834,10
2026-07-30T14:49:34.218571800Z,Mobile.Suit.Gundam.CCA_Track2.ass,[Joseki] Mobile Suit Gundam Char's Counterattack (1988)(BD AV1 Opus)[Eng Sub],Temporada Única,Mobile Suit Gundam: Char's Counterattack,mistralai/mistral-nemo-instruct-2407,PARCIAL,1886,1752,0,1482005,12
2026-07-30T14:54:22.156142Z,Mobile.Suit.Gundam.CCA_Track2.ass,[Joseki] Mobile Suit Gundam Char's Counterattack (1988)(BD AV1 Opus)[Eng Sub],Temporada Única,Mobile Suit Gundam F91,,BLOQUEADO,0,0,0,0,1
2026-07-30T14:55:20.893719700Z,Mobile.Suit.Gundam.CCA_Track2.ass,[Joseki] Mobile Suit Gundam Char's Counterattack (1988)(BD AV1 Opus)[Eng Sub],Temporada Única,Mobile Suit Gundam F91,,BLOQUEADO,0,0,0,0,1
2026-07-30T15:53:54.811410500Z,Mobile.Suit.Gundam.F91_Track2.ass,[Joseki] Mobile Suit Gundam F91 (1991)(BD AV1 1080p Opus)[Eng Sub],Temporada Única,Mobile Suit Gundam F91,mistralai/mistral-nemo-instruct-2407,PARCIAL,2069,1889,0,1410944,7
2026-07-30T22:50:41.741067400Z,Mobile.Suit.Gundam.F91_Track2.ass,[Joseki] Mobile Suit Gundam F91 (1991)(BD AV1 1080p Opus)[Eng Sub],Temporada Única,Mobile Suit Gundam F91,mistralai/mistral-nemo-instruct-2407,PARCIAL,2069,1889,0,1951601,8
2026-07-31T02:38:51.618564100Z,Mobile Suit Zeta Gundam - S01E01_Track2.ass,Mobile Suit Zeta Gundam,Temporada Única,Mobile Suit Zeta Gundam,mistralai/mistral-nemo-instruct-2407,CONCLUIDO,207,188,0,170721,0
2026-07-31T02:44:16.759571600Z,Mobile Suit Zeta Gundam - S01E02_Track2.ass,Mobile Suit Zeta Gundam,Temporada Única,Mobile Suit Zeta Gundam,mistralai/mistral-nemo-instruct-2407,PARCIAL,301,294,0,325135,7
2026-07-31T02:50:36.001330900Z,Mobile Suit Zeta Gundam - S01E03_Track2.ass,Mobile Suit Zeta Gundam,Temporada Única,Mobile Suit Zeta Gundam,mistralai/mistral-nemo-instruct-2407,PARCIAL,356,350,0,379236,5
2026-07-31T02:56:20.347516400Z,Mobile Suit Zeta Gundam - S01E04_Track2.ass,Mobile Suit Zeta Gundam,Temporada Única,Mobile Suit Zeta Gundam,mistralai/mistral-nemo-instruct-2407,CONCLUIDO,318,312,0,344339,10
2026-07-31T03:01:44.574927500Z,Mobile Suit Zeta Gundam - S01E05_Track2.ass,Mobile Suit Zeta Gundam,Temporada Única,Mobile Suit Zeta Gundam,mistralai/mistral-nemo-instruct-2407,CONCLUIDO,309,298,0,324221,2
2026-07-31T03:08:21.418867600Z,Mobile Suit Zeta Gundam - S01E06_Track2.ass,Mobile Suit Zeta Gundam,Temporada Única,Mobile Suit Zeta Gundam,mistralai/mistral-nemo-instruct-2407,PARCIAL,344,331,0,396839,12
2026-07-31T03:13:57.392905400Z,Mobile Suit Zeta Gundam - S01E07_Track2.ass,Mobile Suit Zeta Gundam,Temporada Única,Mobile Suit Zeta Gundam,mistralai/mistral-nemo-instruct-2407,PARCIAL,303,300,0,335969,4
2026-07-31T03:19:41.222032Z,Mobile Suit Zeta Gundam - S01E08_Track2.ass,Mobile Suit Zeta Gundam,Temporada Única,Mobile Suit Zeta Gundam,mistralai/mistral-nemo-instruct-2407,PARCIAL,294,289,0,343824,9
2026-07-31T03:26:03.922129700Z,Mobile Suit Zeta Gundam - S01E09_Track2.ass,Mobile Suit Zeta Gundam,Temporada Única,Mobile Suit Zeta Gundam,mistralai/mistral-nemo-instruct-2407,CONCLUIDO,349,343,0,382694,7
2026-07-31T03:31:46.440323300Z,Mobile Suit Zeta Gundam - S01E10_Track2.ass,Mobile Suit Zeta Gundam,Temporada Única,Mobile Suit Zeta Gundam,mistralai/mistral-nemo-instruct-2407,CONCLUIDO,308,293,0,342511,9
2026-07-31T03:38:05.041424300Z,Mobile Suit Zeta Gundam - S01E11_Track2.ass,Mobile Suit Zeta Gundam,Temporada Única,Mobile Suit Zeta Gundam,mistralai/mistral-nemo-instruct-2407,PARCIAL,364,352,0,378596,6
2026-07-31T03:43:14.222088800Z,Mobile Suit Zeta Gundam - S01E12_Track2.ass,Mobile Suit Zeta Gundam,Temporada Única,Mobile Suit Zeta Gundam,mistralai/mistral-nemo-instruct-2407,CONCLUIDO,303,295,0,309176,6
2026-07-31T03:49:47.463493500Z,Mobile Suit Zeta Gundam - S01E13_Track2.ass,Mobile Suit Zeta Gundam,Temporada Única,Mobile Suit Zeta Gundam,mistralai/mistral-nemo-instruct-2407,PARCIAL,349,335,0,393236,8
2026-07-31T03:54:29.982196500Z,Mobile Suit Zeta Gundam - S01E14_Track2.ass,Mobile Suit Zeta Gundam,Temporada Única,Mobile Suit Zeta Gundam,mistralai/mistral-nemo-instruct-2407,CONCLUIDO,278,271,0,282513,5
2026-07-31T04:00:42.373636700Z,Mobile Suit Zeta Gundam - S01E15_Track2.ass,Mobile Suit Zeta Gundam,Temporada Única,Mobile Suit Zeta Gundam,mistralai/mistral-nemo-instruct-2407,PARCIAL,356,344,0,372384,12
2026-07-31T04:06:52.659275200Z,Mobile Suit Zeta Gundam - S01E16_Track2.ass,Mobile Suit Zeta Gundam,Temporada Única,Mobile Suit Zeta Gundam,mistralai/mistral-nemo-instruct-2407,CONCLUIDO,382,366,0,370280,1
2026-07-31T04:12:28.307030500Z,Mobile Suit Zeta Gundam - S01E17_Track2.ass,Mobile Suit Zeta Gundam,Temporada Única,Mobile Suit Zeta Gundam,mistralai/mistral-nemo-instruct-2407,CONCLUIDO,333,318,0,335643,1
2026-07-31T04:19:29.343204400Z,Mobile Suit Zeta Gundam - S01E18_Track2.ass,Mobile Suit Zeta Gundam,Temporada Única,Mobile Suit Zeta Gundam,mistralai/mistral-nemo-instruct-2407,PARCIAL,386,367,0,421031,21
2026-07-31T04:24:17.181004600Z,Mobile Suit Zeta Gundam - S01E19_Track2.ass,Mobile Suit Zeta Gundam,Temporada Única,Mobile Suit Zeta Gundam,mistralai/mistral-nemo-instruct-2407,PARCIAL,321,305,0,287832,2
2026-07-31T04:30:04.858981300Z,Mobile Suit Zeta Gundam - S01E20_Track2.ass,Mobile Suit Zeta Gundam,Temporada Única,Mobile Suit Zeta Gundam,mistralai/mistral-nemo-instruct-2407,CONCLUIDO,356,334,0,347672,4
2026-07-31T04:35:57.659880500Z,Mobile Suit Zeta Gundam - S01E21_Track2.ass,Mobile Suit Zeta Gundam,Temporada Única,Mobile Suit Zeta Gundam,mistralai/mistral-nemo-instruct-2407,CONCLUIDO,352,344,0,352793,3
2026-07-31T04:42:16.645911700Z,Mobile Suit Zeta Gundam - S01E22_Track2.ass,Mobile Suit Zeta Gundam,Temporada Única,Mobile Suit Zeta Gundam,mistralai/mistral-nemo-instruct-2407,CONCLUIDO,377,362,0,378979,9
2026-07-31T04:49:06.081414900Z,Mobile Suit Zeta Gundam - S01E23_Track2.ass,Mobile Suit Zeta Gundam,Temporada Única,Mobile Suit Zeta Gundam,mistralai/mistral-nemo-instruct-2407,CONCLUIDO,382,367,0,409430,10
2026-07-31T04:54:26.425474500Z,Mobile Suit Zeta Gundam - S01E24_Track2.ass,Mobile Suit Zeta Gundam,Temporada Única,Mobile Suit Zeta Gundam,mistralai/mistral-nemo-instruct-2407,CONCLUIDO,351,328,0,320339,5
2026-07-31T05:01:09.910058100Z,Mobile Suit Zeta Gundam - S01E25_Track2.ass,Mobile Suit Zeta Gundam,Temporada Única,Mobile Suit Zeta Gundam,mistralai/mistral-nemo-instruct-2407,CONCLUIDO,367,354,0,403480,7
2026-07-31T05:06:37.127626300Z,Mobile Suit Zeta Gundam - S01E26_Track2.ass,Mobile Suit Zeta Gundam,Temporada Única,Mobile Suit Zeta Gundam,mistralai/mistral-nemo-instruct-2407,PARCIAL,359,337,0,327212,6
2026-07-31T05:13:23.700436300Z,Mobile Suit Zeta Gundam - S01E27_Track2.ass,Mobile Suit Zeta Gundam,Temporada Única,Mobile Suit Zeta Gundam,mistralai/mistral-nemo-instruct-2407,CONCLUIDO,378,360,0,406566,10
2026-07-31T05:19:23.412173600Z,Mobile Suit Zeta Gundam - S01E28_Track2.ass,Mobile Suit Zeta Gundam,Temporada Única,Mobile Suit Zeta Gundam,mistralai/mistral-nemo-instruct-2407,CONCLUIDO,372,356,0,359707,5
2026-07-31T05:26:23.185028500Z,Mobile Suit Zeta Gundam - S01E29_Track2.ass,Mobile Suit Zeta Gundam,Temporada Única,Mobile Suit Zeta Gundam,mistralai/mistral-nemo-instruct-2407,PARCIAL,393,376,0,419766,11
2026-07-31T05:30:58.852953700Z,Mobile Suit Zeta Gundam - S01E30_Track2.ass,Mobile Suit Zeta Gundam,Temporada Única,Mobile Suit Zeta Gundam,mistralai/mistral-nemo-instruct-2407,CONCLUIDO,295,282,0,275662,2
2026-07-31T05:36:10.492544500Z,Mobile Suit Zeta Gundam - S01E31_Track2.ass,Mobile Suit Zeta Gundam,Temporada Única,Mobile Suit Zeta Gundam,mistralai/mistral-nemo-instruct-2407,PARCIAL,342,330,0,311635,2
2026-07-31T05:41:29.355549400Z,Mobile Suit Zeta Gundam - S01E32_Track2.ass,Mobile Suit Zeta Gundam,Temporada Única,Mobile Suit Zeta Gundam,mistralai/mistral-nemo-instruct-2407,CONCLUIDO,347,329,0,318858,1
2026-07-31T05:46:30.236290700Z,Mobile Suit Zeta Gundam - S01E33_Track2.ass,Mobile Suit Zeta Gundam,Temporada Única,Mobile Suit Zeta Gundam,mistralai/mistral-nemo-instruct-2407,CONCLUIDO,336,317,0,300876,1
2026-07-31T05:51:50.326286Z,Mobile Suit Zeta Gundam - S01E34_Track2.ass,Mobile Suit Zeta Gundam,Temporada Única,Mobile Suit Zeta Gundam,mistralai/mistral-nemo-instruct-2407,PARCIAL,352,336,0,320083,2
2026-07-31T05:57:09.027783800Z,Mobile Suit Zeta Gundam - S01E35_Track2.ass,Mobile Suit Zeta Gundam,Temporada Única,Mobile Suit Zeta Gundam,mistralai/mistral-nemo-instruct-2407,CONCLUIDO,335,321,0,318696,2
2026-07-31T06:01:35.540697100Z,Mobile Suit Zeta Gundam - S01E36_Track2.ass,Mobile Suit Zeta Gundam,Temporada Única,Mobile Suit Zeta Gundam,mistralai/mistral-nemo-instruct-2407,CONCLUIDO,314,288,0,266507,0
2026-07-31T06:08:08.566634300Z,Mobile Suit Zeta Gundam - S01E37_Track2.ass,Mobile Suit Zeta Gundam,Temporada Única,Mobile Suit Zeta Gundam,mistralai/mistral-nemo-instruct-2407,PARCIAL,376,368,0,393021,2
2026-07-31T06:14:21.040448300Z,Mobile Suit Zeta Gundam - S01E38_Track2.ass,Mobile Suit Zeta Gundam,Temporada Única,Mobile Suit Zeta Gundam,mistralai/mistral-nemo-instruct-2407,PARCIAL,381,358,0,372469,3
2026-07-31T06:20:00.455930200Z,Mobile Suit Zeta Gundam - S01E39_Track2.ass,Mobile Suit Zeta Gundam,Temporada Única,Mobile Suit Zeta Gundam,mistralai/mistral-nemo-instruct-2407,PARCIAL,391,370,0,339409,2
2026-07-31T06:25:47.130061900Z,Mobile Suit Zeta Gundam - S01E40_Track2.ass,Mobile Suit Zeta Gundam,Temporada Única,Mobile Suit Zeta Gundam,mistralai/mistral-nemo-instruct-2407,CONCLUIDO,378,355,0,346669,1
2026-07-31T06:31:57.009864300Z,Mobile Suit Zeta Gundam - S01E41_Track2.ass,Mobile Suit Zeta Gundam,Temporada Única,Mobile Suit Zeta Gundam,mistralai/mistral-nemo-instruct-2407,CONCLUIDO,407,395,0,369873,1
2026-07-31T06:36:48.380236200Z,Mobile Suit Zeta Gundam - S01E42_Track2.ass,Mobile Suit Zeta Gundam,Temporada Única,Mobile Suit Zeta Gundam,mistralai/mistral-nemo-instruct-2407,PARCIAL,311,292,0,291365,2
2026-07-31T06:41:53.325135600Z,Mobile Suit Zeta Gundam - S01E43_Track2.ass,Mobile Suit Zeta Gundam,Temporada Única,Mobile Suit Zeta Gundam,mistralai/mistral-nemo-instruct-2407,PARCIAL,320,298,0,304939,2
2026-07-31T06:47:10.390664800Z,Mobile Suit Zeta Gundam - S01E44_Track2.ass,Mobile Suit Zeta Gundam,Temporada Única,Mobile Suit Zeta Gundam,mistralai/mistral-nemo-instruct-2407,PARCIAL,373,343,0,317060,2
2026-07-31T06:52:02.528570400Z,Mobile Suit Zeta Gundam - S01E45_Track2.ass,Mobile Suit Zeta Gundam,Temporada Única,Mobile Suit Zeta Gundam,mistralai/mistral-nemo-instruct-2407,CONCLUIDO,306,292,0,292132,3
2026-07-31T06:57:07.245847600Z,Mobile Suit Zeta Gundam - S01E46_Track2.ass,Mobile Suit Zeta Gundam,Temporada Única,Mobile Suit Zeta Gundam,mistralai/mistral-nemo-instruct-2407,PARCIAL,351,324,0,304712,3
2026-07-31T07:02:21.212561200Z,Mobile Suit Zeta Gundam - S01E47_Track2.ass,Mobile Suit Zeta Gundam,Temporada Única,Mobile Suit Zeta Gundam,mistralai/mistral-nemo-instruct-2407,PARCIAL,350,335,0,313961,4
2026-07-31T07:06:54.829289500Z,Mobile Suit Zeta Gundam - S01E48_Track2.ass,Mobile Suit Zeta Gundam,Temporada Única,Mobile Suit Zeta Gundam,mistralai/mistral-nemo-instruct-2407,CONCLUIDO,308,283,0,273612,0
2026-07-31T07:10:40.918528100Z,Mobile Suit Zeta Gundam - S01E49_Track2.ass,Mobile Suit Zeta Gundam,Temporada Única,Mobile Suit Zeta Gundam,mistralai/mistral-nemo-instruct-2407,CONCLUIDO,286,265,0,226084,1
2026-07-31T07:15:23.864492900Z,Mobile Suit Zeta Gundam - S01E50_Track2.ass,Mobile Suit Zeta Gundam,Temporada Única,Mobile Suit Zeta Gundam,mistralai/mistral-nemo-instruct-2407,CONCLUIDO,329,313,0,282941,1
2026-07-31T10:38:03.091292400Z,Mobile.Suit.Gundam.ZZ.S01E01_ENG.ass,Mobile Suit Gundam ZZ,Temporada Única,Mobile Suit Gundam: The 08th MS Team,,BLOQUEADO,0,0,0,0,1
2026-07-31T10:38:03.106189900Z,Mobile.Suit.Gundam.ZZ.S01E02_ENG.ass,Mobile Suit Gundam ZZ,Temporada Única,Mobile Suit Gundam: The 08th MS Team,,BLOQUEADO,0,0,0,0,1
2026-07-31T10:38:03.114187400Z,Mobile.Suit.Gundam.ZZ.S01E03_ENG.ass,Mobile Suit Gundam ZZ,Temporada Única,Mobile Suit Gundam: The 08th MS Team,,BLOQUEADO,0,0,0,0,1
2026-07-31T10:38:03.122188300Z,Mobile.Suit.Gundam.ZZ.S01E04_ENG.ass,Mobile Suit Gundam ZZ,Temporada Única,Mobile Suit Gundam: The 08th MS Team,,BLOQUEADO,0,0,0,0,1
2026-07-31T10:38:03.129188900Z,Mobile.Suit.Gundam.ZZ.S01E05_ENG.ass,Mobile Suit Gundam ZZ,Temporada Única,Mobile Suit Gundam: The 08th MS Team,,BLOQUEADO,0,0,0,0,1
2026-07-31T10:38:03.143188200Z,Mobile.Suit.Gundam.ZZ.S01E06_ENG.ass,Mobile Suit Gundam ZZ,Temporada Única,Mobile Suit Gundam: The 08th MS Team,,BLOQUEADO,0,0,0,0,1
2026-07-31T10:38:03.151187400Z,Mobile.Suit.Gundam.ZZ.S01E07_ENG.ass,Mobile Suit Gundam ZZ,Temporada Única,Mobile Suit Gundam: The 08th MS Team,,BLOQUEADO,0,0,0,0,1
2026-07-31T10:38:03.163188700Z,Mobile.Suit.Gundam.ZZ.S01E08_ENG.ass,Mobile Suit Gundam ZZ,Temporada Única,Mobile Suit Gundam: The 08th MS Team,,BLOQUEADO,0,0,0,0,1
2026-07-31T10:38:03.171188500Z,Mobile.Suit.Gundam.ZZ.S01E09_ENG.ass,Mobile Suit Gundam ZZ,Temporada Única,Mobile Suit Gundam: The 08th MS Team,,BLOQUEADO,0,0,0,0,1
2026-07-31T10:38:03.178187700Z,Mobile.Suit.Gundam.ZZ.S01E10_ENG.ass,Mobile Suit Gundam ZZ,Temporada Única,Mobile Suit Gundam: The 08th MS Team,,BLOQUEADO,0,0,0,0,1
2026-07-31T10:38:03.185188700Z,Mobile.Suit.Gundam.ZZ.S01E11_ENG.ass,Mobile Suit Gundam ZZ,Temporada Única,Mobile Suit Gundam: The 08th MS Team,,BLOQUEADO,0,0,0,0,1
2026-07-31T10:38:03.193188600Z,Mobile.Suit.Gundam.ZZ.S01E12_ENG.ass,Mobile Suit Gundam ZZ,Temporada Única,Mobile Suit Gundam: The 08th MS Team,,BLOQUEADO,0,0,0,0,1
2026-07-31T10:38:03.201188100Z,Mobile.Suit.Gundam.ZZ.S01E13_ENG.ass,Mobile Suit Gundam ZZ,Temporada Única,Mobile Suit Gundam: The 08th MS Team,,BLOQUEADO,0,0,0,0,1
2026-07-31T10:38:03.209188400Z,Mobile.Suit.Gundam.ZZ.S01E14_ENG.ass,Mobile Suit Gundam ZZ,Temporada Única,Mobile Suit Gundam: The 08th MS Team,,BLOQUEADO,0,0,0,0,1
2026-07-31T10:38:03.216190100Z,Mobile.Suit.Gundam.ZZ.S01E15_ENG.ass,Mobile Suit Gundam ZZ,Temporada Única,Mobile Suit Gundam: The 08th MS Team,,BLOQUEADO,0,0,0,0,1
2026-07-31T10:38:03.223189300Z,Mobile.Suit.Gundam.ZZ.S01E16_ENG.ass,Mobile Suit Gundam ZZ,Temporada Única,Mobile Suit Gundam: The 08th MS Team,,BLOQUEADO,0,0,0,0,1
2026-07-31T10:38:03.230188Z,Mobile.Suit.Gundam.ZZ.S01E17_ENG.ass,Mobile Suit Gundam ZZ,Temporada Única,Mobile Suit Gundam: The 08th MS Team,,BLOQUEADO,0,0,0,0,1
2026-07-31T10:38:03.237188800Z,Mobile.Suit.Gundam.ZZ.S01E18_ENG.ass,Mobile Suit Gundam ZZ,Temporada Única,Mobile Suit Gundam: The 08th MS Team,,BLOQUEADO,0,0,0,0,1
2026-07-31T10:38:03.244188500Z,Mobile.Suit.Gundam.ZZ.S01E19_ENG.ass,Mobile Suit Gundam ZZ,Temporada Única,Mobile Suit Gundam: The 08th MS Team,,BLOQUEADO,0,0,0,0,1
2026-07-31T10:38:03.252189700Z,Mobile.Suit.Gundam.ZZ.S01E20_ENG.ass,Mobile Suit Gundam ZZ,Temporada Única,Mobile Suit Gundam: The 08th MS Team,,BLOQUEADO,0,0,0,0,1
2026-07-31T10:38:03.260188500Z,Mobile.Suit.Gundam.ZZ.S01E21_ENG.ass,Mobile Suit Gundam ZZ,Temporada Única,Mobile Suit Gundam: The 08th MS Team,,BLOQUEADO,0,0,0,0,1
2026-07-31T10:38:03.267199100Z,Mobile.Suit.Gundam.ZZ.S01E22_ENG.ass,Mobile Suit Gundam ZZ,Temporada Única,Mobile Suit Gundam: The 08th MS Team,,BLOQUEADO,0,0,0,0,1
2026-07-31T10:38:03.274188300Z,Mobile.Suit.Gundam.ZZ.S01E23_ENG.ass,Mobile Suit Gundam ZZ,Temporada Única,Mobile Suit Gundam: The 08th MS Team,,BLOQUEADO,0,0,0,0,1
2026-07-31T10:38:03.284189700Z,Mobile.Suit.Gundam.ZZ.S01E24_ENG.ass,Mobile Suit Gundam ZZ,Temporada Única,Mobile Suit Gundam: The 08th MS Team,,BLOQUEADO,0,0,0,0,1
2026-07-31T10:38:03.292188100Z,Mobile.Suit.Gundam.ZZ.S01E25_ENG.ass,Mobile Suit Gundam ZZ,Temporada Única,Mobile Suit Gundam: The 08th MS Team,,BLOQUEADO,0,0,0,0,1
2026-07-31T10:38:03.299188300Z,Mobile.Suit.Gundam.ZZ.S01E26_ENG.ass,Mobile Suit Gundam ZZ,Temporada Única,Mobile Suit Gundam: The 08th MS Team,,BLOQUEADO,0,0,0,0,1
2026-07-31T10:38:03.306188200Z,Mobile.Suit.Gundam.ZZ.S01E27_ENG.ass,Mobile Suit Gundam ZZ,Temporada Única,Mobile Suit Gundam: The 08th MS Team,,BLOQUEADO,0,0,0,0,1
2026-07-31T10:38:03.314215800Z,Mobile.Suit.Gundam.ZZ.S01E28_ENG.ass,Mobile Suit Gundam ZZ,Temporada Única,Mobile Suit Gundam: The 08th MS Team,,BLOQUEADO,0,0,0,0,1
2026-07-31T10:38:03.321208900Z,Mobile.Suit.Gundam.ZZ.S01E29_ENG.ass,Mobile Suit Gundam ZZ,Temporada Única,Mobile Suit Gundam: The 08th MS Team,,BLOQUEADO,0,0,0,0,1
2026-07-31T10:38:03.329040800Z,Mobile.Suit.Gundam.ZZ.S01E30_ENG.ass,Mobile Suit Gundam ZZ,Temporada Única,Mobile Suit Gundam: The 08th MS Team,,BLOQUEADO,0,0,0,0,1
2026-07-31T10:38:03.336043500Z,Mobile.Suit.Gundam.ZZ.S01E31_ENG.ass,Mobile Suit Gundam ZZ,Temporada Única,Mobile Suit Gundam: The 08th MS Team,,BLOQUEADO,0,0,0,0,1
2026-07-31T10:38:03.345034200Z,Mobile.Suit.Gundam.ZZ.S01E32_ENG.ass,Mobile Suit Gundam ZZ,Temporada Única,Mobile Suit Gundam: The 08th MS Team,,BLOQUEADO,0,0,0,0,1
2026-07-31T10:38:03.354037Z,Mobile.Suit.Gundam.ZZ.S01E33_ENG.ass,Mobile Suit Gundam ZZ,Temporada Única,Mobile Suit Gundam: The 08th MS Team,,BLOQUEADO,0,0,0,0,1
2026-07-31T10:38:03.362038800Z,Mobile.Suit.Gundam.ZZ.S01E34_ENG.ass,Mobile Suit Gundam ZZ,Temporada Única,Mobile Suit Gundam: The 08th MS Team,,BLOQUEADO,0,0,0,0,1
2026-07-31T10:38:03.369860600Z,Mobile.Suit.Gundam.ZZ.S01E35_ENG.ass,Mobile Suit Gundam ZZ,Temporada Única,Mobile Suit Gundam: The 08th MS Team,,BLOQUEADO,0,0,0,0,1
2026-07-31T10:38:03.378865200Z,Mobile.Suit.Gundam.ZZ.S01E36_ENG.ass,Mobile Suit Gundam ZZ,Temporada Única,Mobile Suit Gundam: The 08th MS Team,,BLOQUEADO,0,0,0,0,1
2026-07-31T10:38:03.387865900Z,Mobile.Suit.Gundam.ZZ.S01E37_ENG.ass,Mobile Suit Gundam ZZ,Temporada Única,Mobile Suit Gundam: The 08th MS Team,,BLOQUEADO,0,0,0,0,1
2026-07-31T10:38:03.395865100Z,Mobile.Suit.Gundam.ZZ.S01E38_ENG.ass,Mobile Suit Gundam ZZ,Temporada Única,Mobile Suit Gundam: The 08th MS Team,,BLOQUEADO,0,0,0,0,1
2026-07-31T10:38:03.403926700Z,Mobile.Suit.Gundam.ZZ.S01E39_ENG.ass,Mobile Suit Gundam ZZ,Temporada Única,Mobile Suit Gundam: The 08th MS Team,,BLOQUEADO,0,0,0,0,1
2026-07-31T10:38:03.411932800Z,Mobile.Suit.Gundam.ZZ.S01E40_ENG.ass,Mobile Suit Gundam ZZ,Temporada Única,Mobile Suit Gundam: The 08th MS Team,,BLOQUEADO,0,0,0,0,1
2026-07-31T10:38:03.421932800Z,Mobile.Suit.Gundam.ZZ.S01E41_ENG.ass,Mobile Suit Gundam ZZ,Temporada Única,Mobile Suit Gundam: The 08th MS Team,,BLOQUEADO,0,0,0,0,1
2026-07-31T10:38:03.427932700Z,Mobile.Suit.Gundam.ZZ.S01E42_ENG.ass,Mobile Suit Gundam ZZ,Temporada Única,Mobile Suit Gundam: The 08th MS Team,,BLOQUEADO,0,0,0,0,1
2026-07-31T10:38:03.435933100Z,Mobile.Suit.Gundam.ZZ.S01E43_ENG.ass,Mobile Suit Gundam ZZ,Temporada Única,Mobile Suit Gundam: The 08th MS Team,,BLOQUEADO,0,0,0,0,1
2026-07-31T10:38:03.446706900Z,Mobile.Suit.Gundam.ZZ.S01E44_ENG.ass,Mobile Suit Gundam ZZ,Temporada Única,Mobile Suit Gundam: The 08th MS Team,,BLOQUEADO,0,0,0,0,1
2026-07-31T10:38:03.454706900Z,Mobile.Suit.Gundam.ZZ.S01E45_ENG.ass,Mobile Suit Gundam ZZ,Temporada Única,Mobile Suit Gundam: The 08th MS Team,,BLOQUEADO,0,0,0,0,1
2026-07-31T10:38:03.461706300Z,Mobile.Suit.Gundam.ZZ.S01E46_ENG.ass,Mobile Suit Gundam ZZ,Temporada Única,Mobile Suit Gundam: The 08th MS Team,,BLOQUEADO,0,0,0,0,1
2026-07-31T10:38:03.468706200Z,Mobile.Suit.Gundam.ZZ.S01E47_ENG.ass,Mobile Suit Gundam ZZ,Temporada Única,Mobile Suit Gundam: The 08th MS Team,,BLOQUEADO,0,0,0,0,1
2026-07-31T10:39:52.340577300Z,Mobile.Suit.Gundam.The.08th.MS.Team.S00E02_Track2.ass,[Joseki] Mobile Suit Gundam The 08th MS Team COMPLETE (1996)(BD AV1 1080p Opus)[Sub Eng],Temporada Única,Mobile Suit Gundam: The 08th MS Team,mistralai/mistral-nemo-instruct-2407,CONCLUIDO,73,70,0,65004,0
2026-07-31T10:45:02.248140700Z,Mobile.Suit.Gundam.The.08th.MS.Team.S01E01_Track3.ass,[Joseki] Mobile Suit Gundam The 08th MS Team COMPLETE (1996)(BD AV1 1080p Opus)[Sub Eng],Temporada Única,Mobile Suit Gundam: The 08th MS Team,mistralai/mistral-nemo-instruct-2407,CONCLUIDO,286,282,0,309901,3
2026-07-31T10:50:10.836005500Z,Mobile.Suit.Gundam.The.08th.MS.Team.S01E02_Track3.ass,[Joseki] Mobile Suit Gundam The 08th MS Team COMPLETE (1996)(BD AV1 1080p Opus)[Sub Eng],Temporada Única,Mobile Suit Gundam: The 08th MS Team,mistralai/mistral-nemo-instruct-2407,CONCLUIDO,267,264,0,308583,1
2026-07-31T10:56:30.720549600Z,Mobile.Suit.Gundam.The.08th.MS.Team.S01E03_Track3.ass,[Joseki] Mobile Suit Gundam The 08th MS Team COMPLETE (1996)(BD AV1 1080p Opus)[Sub Eng],Temporada Única,Mobile Suit Gundam: The 08th MS Team,mistralai/mistral-nemo-instruct-2407,PARCIAL,342,335,0,379877,4
2026-07-31T11:02:58.461869200Z,Mobile.Suit.Gundam.The.08th.MS.Team.S01E04_Track3.ass,[Joseki] Mobile Suit Gundam The 08th MS Team COMPLETE (1996)(BD AV1 1080p Opus)[Sub Eng],Temporada Única,Mobile Suit Gundam: The 08th MS Team,mistralai/mistral-nemo-instruct-2407,CONCLUIDO,334,328,0,387735,1
2026-07-31T11:09:30.879162600Z,Mobile.Suit.Gundam.The.08th.MS.Team.S01E05_Track3.ass,[Joseki] Mobile Suit Gundam The 08th MS Team COMPLETE (1996)(BD AV1 1080p Opus)[Sub Eng],Temporada Única,Mobile Suit Gundam: The 08th MS Team,mistralai/mistral-nemo-instruct-2407,CONCLUIDO,378,363,0,392397,2
2026-07-31T11:14:26.348148300Z,Mobile.Suit.Gundam.The.08th.MS.Team.S01E06_Track3.ass,[Joseki] Mobile Suit Gundam The 08th MS Team COMPLETE (1996)(BD AV1 1080p Opus)[Sub Eng],Temporada Única,Mobile Suit Gundam: The 08th MS Team,mistralai/mistral-nemo-instruct-2407,PARCIAL,304,295,0,295464,1
2026-07-31T11:18:08.907394800Z,Mobile.Suit.Gundam.The.08th.MS.Team.S01E07_Track3.ass,[Joseki] Mobile Suit Gundam The 08th MS Team COMPLETE (1996)(BD AV1 1080p Opus)[Sub Eng],Temporada Única,Mobile Suit Gundam: The 08th MS Team,mistralai/mistral-nemo-instruct-2407,PARCIAL,208,202,0,222554,2
2026-07-31T11:23:47.097042300Z,Mobile.Suit.Gundam.The.08th.MS.Team.S01E08_Track3.ass,[Joseki] Mobile Suit Gundam The 08th MS Team COMPLETE (1996)(BD AV1 1080p Opus)[Sub Eng],Temporada Única,Mobile Suit Gundam: The 08th MS Team,mistralai/mistral-nemo-instruct-2407,CONCLUIDO,301,301,0,338185,1
2026-07-31T11:29:38.717142500Z,Mobile.Suit.Gundam.The.08th.MS.Team.S01E09_Track3.ass,[Joseki] Mobile Suit Gundam The 08th MS Team COMPLETE (1996)(BD AV1 1080p Opus)[Sub Eng],Temporada Única,Mobile Suit Gundam: The 08th MS Team,mistralai/mistral-nemo-instruct-2407,PARCIAL,321,315,0,351615,7
2026-07-31T11:50:41.032636700Z,Mobile.Suit.Gundam.The.08th.MS.Team.S00E02_Track2.ass,[Joseki] Mobile Suit Gundam The 08th MS Team COMPLETE (1996)(BD AV1 1080p Opus)[Sub Eng],Temporada Única,Mobile Suit Gundam: The 08th MS Team,mistralai/mistral-nemo-instruct-2407,CONCLUIDO,73,70,0,72719,0
2026-07-31T11:56:05.577890600Z,Mobile.Suit.Gundam.The.08th.MS.Team.S01E01_Track3.ass,[Joseki] Mobile Suit Gundam The 08th MS Team COMPLETE (1996)(BD AV1 1080p Opus)[Sub Eng],Temporada Única,Mobile Suit Gundam: The 08th MS Team,mistralai/mistral-nemo-instruct-2407,CONCLUIDO,286,282,0,324533,1
2026-07-31T12:01:11.904013500Z,Mobile.Suit.Gundam.The.08th.MS.Team.S01E02_Track3.ass,[Joseki] Mobile Suit Gundam The 08th MS Team COMPLETE (1996)(BD AV1 1080p Opus)[Sub Eng],Temporada Única,Mobile Suit Gundam: The 08th MS Team,mistralai/mistral-nemo-instruct-2407,CONCLUIDO,267,264,0,306319,1
2026-07-31T12:07:30.237689500Z,Mobile.Suit.Gundam.The.08th.MS.Team.S01E03_Track3.ass,[Joseki] Mobile Suit Gundam The 08th MS Team COMPLETE (1996)(BD AV1 1080p Opus)[Sub Eng],Temporada Única,Mobile Suit Gundam: The 08th MS Team,mistralai/mistral-nemo-instruct-2407,PARCIAL,342,334,0,378327,5
2026-07-31T12:14:11.855214400Z,Mobile.Suit.Gundam.The.08th.MS.Team.S01E04_Track3.ass,[Joseki] Mobile Suit Gundam The 08th MS Team COMPLETE (1996)(BD AV1 1080p Opus)[Sub Eng],Temporada Única,Mobile Suit Gundam: The 08th MS Team,mistralai/mistral-nemo-instruct-2407,CONCLUIDO,334,328,0,401607,1
2026-07-31T12:20:17.012420700Z,Mobile.Suit.Gundam.The.08th.MS.Team.S01E05_Track3.ass,[Joseki] Mobile Suit Gundam The 08th MS Team COMPLETE (1996)(BD AV1 1080p Opus)[Sub Eng],Temporada Única,Mobile Suit Gundam: The 08th MS Team,mistralai/mistral-nemo-instruct-2407,CONCLUIDO,378,363,0,365146,1
2026-07-31T12:25:49.758883800Z,Mobile.Suit.Gundam.The.08th.MS.Team.S01E06_Track3.ass,[Joseki] Mobile Suit Gundam The 08th MS Team COMPLETE (1996)(BD AV1 1080p Opus)[Sub Eng],Temporada Única,Mobile Suit Gundam: The 08th MS Team,mistralai/mistral-nemo-instruct-2407,PARCIAL,304,292,0,332739,8
2026-07-31T12:29:44.654973100Z,Mobile.Suit.Gundam.The.08th.MS.Team.S01E07_Track3.ass,[Joseki] Mobile Suit Gundam The 08th MS Team COMPLETE (1996)(BD AV1 1080p Opus)[Sub Eng],Temporada Única,Mobile Suit Gundam: The 08th MS Team,mistralai/mistral-nemo-instruct-2407,CONCLUIDO,208,203,0,234888,2
2026-07-31T12:35:54.744373800Z,Mobile.Suit.Gundam.The.08th.MS.Team.S01E08_Track3.ass,[Joseki] Mobile Suit Gundam The 08th MS Team COMPLETE (1996)(BD AV1 1080p Opus)[Sub Eng],Temporada Única,Mobile Suit Gundam: The 08th MS Team,mistralai/mistral-nemo-instruct-2407,CONCLUIDO,301,301,0,370079,0
2026-07-31T12:42:09.260295500Z,Mobile.Suit.Gundam.The.08th.MS.Team.S01E09_Track3.ass,[Joseki] Mobile Suit Gundam The 08th MS Team COMPLETE (1996)(BD AV1 1080p Opus)[Sub Eng],Temporada Única,Mobile Suit Gundam: The 08th MS Team,mistralai/mistral-nemo-instruct-2407,PARCIAL,321,314,0,374507,7
2026-07-31T12:47:16.852930500Z,Mobile.Suit.Gundam.The.08th.MS.Team.S01E10_Track3.ass,[Joseki] Mobile Suit Gundam The 08th MS Team COMPLETE (1996)(BD AV1 1080p Opus)[Sub Eng],Temporada Única,Mobile Suit Gundam: The 08th MS Team,mistralai/mistral-nemo-instruct-2407,PARCIAL,262,256,0,307575,13
2026-07-31T12:51:39.731592400Z,Mobile.Suit.Gundam.The.08th.MS.Team.S01E11_Track3.ass,[Joseki] Mobile Suit Gundam The 08th MS Team COMPLETE (1996)(BD AV1 1080p Opus)[Sub Eng],Temporada Única,Mobile Suit Gundam: The 08th MS Team,mistralai/mistral-nemo-instruct-2407,PARCIAL,245,241,0,262871,5
2026-07-31T12:56:03.466432400Z,Mobile.Suit.Gundam.The.08th.MS.Team.S01E12_Track3.ass,[Joseki] Mobile Suit Gundam The 08th MS Team COMPLETE (1996)(BD AV1 1080p Opus)[Sub Eng],Temporada Única,Mobile Suit Gundam: The 08th MS Team,mistralai/mistral-nemo-instruct-2407,PARCIAL,287,281,0,263729,4
2026-07-31T16:35:04.475696700Z,[P9] Mobile Police Patlabor - Early Days - 01 (BD 1080p HEVC FLAC) [1B38296D]_Track3.ass,[P9] Mobile Police Patlabor - Early Days (BD 1080p HEVC FLAC) [Dual-Audio],Temporada Única,Sem lore — tradução crua,mistralai/mistral-nemo-instruct-2407,PARCIAL,390,372,0,463175,2
2026-07-31T16:42:44.779727100Z,[P9] Mobile Police Patlabor - Early Days - 02 (BD 1080p HEVC FLAC) [FC70EA07]_Track3.ass,[P9] Mobile Police Patlabor - Early Days (BD 1080p HEVC FLAC) [Dual-Audio],Temporada Única,Sem lore — tradução crua,mistralai/mistral-nemo-instruct-2407,PARCIAL,408,403,0,460294,3
2026-07-31T16:49:20.098598600Z,[P9] Mobile Police Patlabor - Early Days - 03 (BD 1080p HEVC FLAC) [328C5CF5]_Track3.ass,[P9] Mobile Police Patlabor - Early Days (BD 1080p HEVC FLAC) [Dual-Audio],Temporada Única,Sem lore — tradução crua,mistralai/mistral-nemo-instruct-2407,CONCLUIDO,452,446,0,395312,2
2026-07-31T16:56:33.777392400Z,[P9] Mobile Police Patlabor - Early Days - 04 (BD 1080p HEVC FLAC) [774BCC33]_Track3.ass,[P9] Mobile Police Patlabor - Early Days (BD 1080p HEVC FLAC) [Dual-Audio],Temporada Única,Sem lore — tradução crua,mistralai/mistral-nemo-instruct-2407,CONCLUIDO,394,385,0,433672,0
2026-07-31T17:03:06.249019500Z,[P9] Mobile Police Patlabor - Early Days - 05 (BD 1080p HEVC FLAC) [F3846830]_Track3.ass,[P9] Mobile Police Patlabor - Early Days (BD 1080p HEVC FLAC) [Dual-Audio],Temporada Única,Sem lore — tradução crua,mistralai/mistral-nemo-instruct-2407,PARCIAL,342,338,0,392465,3
2026-07-31T17:11:07.025525300Z,[P9] Mobile Police Patlabor - Early Days - 06 (BD 1080p HEVC FLAC) [7435FC5E]_Track3.ass,[P9] Mobile Police Patlabor - Early Days (BD 1080p HEVC FLAC) [Dual-Audio],Temporada Única,Sem lore — tradução crua,mistralai/mistral-nemo-instruct-2407,PARCIAL,411,404,0,480766,4
2026-07-31T17:15:54.170080100Z,[P9] Mobile Police Patlabor - Early Days - 07 (BD 1080p HEVC FLAC) [5D187EE1]_Track3.ass,[P9] Mobile Police Patlabor - Early Days (BD 1080p HEVC FLAC) [Dual-Audio],Temporada Única,Sem lore — tradução crua,mistralai/mistral-nemo-instruct-2407,PARCIAL,255,248,0,287137,2
2026-08-03T00:28:35.958660Z,[Sav1or] Memories - S01E01 - Magnetic Rose [BD][1080p][AV1][OPUS][Multi Dual Audio]_Track4.ass,Memories (1995),Temporada Única,Sem lore — tradução crua,mistralai/mistral-nemo-instruct-2407,CONCLUIDO,492,471,0,380452,0
2026-08-03T00:34:35.680752900Z,[Sav1or] Memories - S01E02 - Stink Bomb [BD][1080p][AV1][OPUS][Multi Dual Audio]_Track4.ass,Memories (1995),Temporada Única,Sem lore — tradução crua,mistralai/mistral-nemo-instruct-2407,CONCLUIDO,415,402,0,359712,1
2026-08-03T00:37:04.236580Z,[Sav1or] Memories - S01E03 - Cannon Fodder [BD][1080p][AV1][OPUS][Dual Audio]_Track4.ass,Memories (1995),Temporada Única,Sem lore — tradução crua,mistralai/mistral-nemo-instruct-2407,CONCLUIDO,187,170,0,148547,0
2026-08-03T19:11:15.159020600Z,Guilty Crown - 01_Track4.ass,[Anime Time] Guilty Crown + OVA [BD][Dual Audio][1080p][HEVC 10bit x265][Opus][Eng Sub],Temporada Única,Guilty Crown,mistralai/mistral-nemo-instruct-2407,PARCIAL,188,184,0,199400,1
2026-08-03T19:16:16.325974600Z,Guilty Crown - 02_Track4.ass,[Anime Time] Guilty Crown + OVA [BD][Dual Audio][1080p][HEVC 10bit x265][Opus][Eng Sub],Temporada Única,Guilty Crown,mistralai/mistral-nemo-instruct-2407,PARCIAL,251,249,0,301158,4
2026-08-03T19:23:19.845697400Z,Guilty Crown - 03_Track4.ass,[Anime Time] Guilty Crown + OVA [BD][Dual Audio][1080p][HEVC 10bit x265][Opus][Eng Sub],Temporada Única,Guilty Crown,mistralai/mistral-nemo-instruct-2407,PARCIAL,330,318,0,423511,11
2026-08-03T19:30:05.068071500Z,Guilty Crown - 04_Track4.ass,[Anime Time] Guilty Crown + OVA [BD][Dual Audio][1080p][HEVC 10bit x265][Opus][Eng Sub],Temporada Única,Guilty Crown,mistralai/mistral-nemo-instruct-2407,CONCLUIDO,253,250,0,405216,1
2026-08-03T19:35:40.239884400Z,Guilty Crown - 05_Track4.ass,[Anime Time] Guilty Crown + OVA [BD][Dual Audio][1080p][HEVC 10bit x265][Opus][Eng Sub],Temporada Única,Guilty Crown,mistralai/mistral-nemo-instruct-2407,PARCIAL,252,245,0,335163,10
2026-08-03T19:40:13.408211100Z,Guilty Crown - 06_Track4.ass,[Anime Time] Guilty Crown + OVA [BD][Dual Audio][1080p][HEVC 10bit x265][Opus][Eng Sub],Temporada Única,Guilty Crown,mistralai/mistral-nemo-instruct-2407,CONCLUIDO,245,241,0,273163,2
2026-08-03T19:47:29.873969200Z,Guilty Crown - 07_Track4.ass,[Anime Time] Guilty Crown + OVA [BD][Dual Audio][1080p][HEVC 10bit x265][Opus][Eng Sub],Temporada Única,Guilty Crown,mistralai/mistral-nemo-instruct-2407,CONCLUIDO,293,285,0,436458,5
2026-08-03T19:53:20.200703200Z,Guilty Crown - 08_Track4.ass,[Anime Time] Guilty Crown + OVA [BD][Dual Audio][1080p][HEVC 10bit x265][Opus][Eng Sub],Temporada Única,Guilty Crown,mistralai/mistral-nemo-instruct-2407,PARCIAL,260,257,0,350321,10
2026-08-03T19:57:33.451455Z,Guilty Crown - 09_Track4.ass,[Anime Time] Guilty Crown + OVA [BD][Dual Audio][1080p][HEVC 10bit x265][Opus][Eng Sub],Temporada Única,Guilty Crown,mistralai/mistral-nemo-instruct-2407,CONCLUIDO,236,228,0,253243,2
2026-08-03T20:02:15.347946600Z,Guilty Crown - 10_Track4.ass,[Anime Time] Guilty Crown + OVA [BD][Dual Audio][1080p][HEVC 10bit x265][Opus][Eng Sub],Temporada Única,Guilty Crown,mistralai/mistral-nemo-instruct-2407,CONCLUIDO,254,241,0,281886,3
2026-08-03T20:07:26.250454400Z,Guilty Crown - 11_Track4.ass,[Anime Time] Guilty Crown + OVA [BD][Dual Audio][1080p][HEVC 10bit x265][Opus][Eng Sub],Temporada Única,Guilty Crown,mistralai/mistral-nemo-instruct-2407,PARCIAL,255,247,0,310891,4
2026-08-03T20:11:52.751058Z,Guilty Crown - 12_Track4.ass,[Anime Time] Guilty Crown + OVA [BD][Dual Audio][1080p][HEVC 10bit x265][Opus][Eng Sub],Temporada Única,Guilty Crown,mistralai/mistral-nemo-instruct-2407,PARCIAL,239,231,0,266493,8
2026-08-03T20:18:23.116007100Z,Guilty Crown - 13_Track4.ass,[Anime Time] Guilty Crown + OVA [BD][Dual Audio][1080p][HEVC 10bit x265][Opus][Eng Sub],Temporada Única,Guilty Crown,mistralai/mistral-nemo-instruct-2407,PARCIAL,326,321,0,390357,12
2026-08-03T20:26:09.207698500Z,Guilty Crown - 14_Track4.ass,[Anime Time] Guilty Crown + OVA [BD][Dual Audio][1080p][HEVC 10bit x265][Opus][Eng Sub],Temporada Única,Guilty Crown,mistralai/mistral-nemo-instruct-2407,PARCIAL,327,316,0,466084,9
2026-08-03T20:31:08.379440700Z,Guilty Crown - 15_Track4.ass,[Anime Time] Guilty Crown + OVA [BD][Dual Audio][1080p][HEVC 10bit x265][Opus][Eng Sub],Temporada Única,Guilty Crown,mistralai/mistral-nemo-instruct-2407,CONCLUIDO,274,265,0,299164,6
2026-08-03T20:36:59.914109900Z,Guilty Crown - 16_Track4.ass,[Anime Time] Guilty Crown + OVA [BD][Dual Audio][1080p][HEVC 10bit x265][Opus][Eng Sub],Temporada Única,Guilty Crown,mistralai/mistral-nemo-instruct-2407,PARCIAL,296,291,0,351528,12
2026-08-03T20:41:10.576477500Z,Guilty Crown - 17_Track4.ass,[Anime Time] Guilty Crown + OVA [BD][Dual Audio][1080p][HEVC 10bit x265][Opus][Eng Sub],Temporada Única,Guilty Crown,mistralai/mistral-nemo-instruct-2407,PARCIAL,230,223,0,250654,6
2026-08-03T20:44:24.652864Z,Guilty Crown - 18_Track4.ass,[Anime Time] Guilty Crown + OVA [BD][Dual Audio][1080p][HEVC 10bit x265][Opus][Eng Sub],Temporada Única,Guilty Crown,mistralai/mistral-nemo-instruct-2407,CONCLUIDO,204,193,0,194066,1
2026-08-03T20:49:19.261270300Z,Guilty Crown - 19_Track4.ass,[Anime Time] Guilty Crown + OVA [BD][Dual Audio][1080p][HEVC 10bit x265][Opus][Eng Sub],Temporada Única,Guilty Crown,mistralai/mistral-nemo-instruct-2407,PARCIAL,264,255,0,294603,6
2026-08-03T20:55:00.240501Z,Guilty Crown - 20_Track4.ass,[Anime Time] Guilty Crown + OVA [BD][Dual Audio][1080p][HEVC 10bit x265][Opus][Eng Sub],Temporada Única,Guilty Crown,mistralai/mistral-nemo-instruct-2407,PARCIAL,289,287,0,340972,3
2026-08-03T21:00:10.595717300Z,Guilty Crown - 21_Track4.ass,[Anime Time] Guilty Crown + OVA [BD][Dual Audio][1080p][HEVC 10bit x265][Opus][Eng Sub],Temporada Única,Guilty Crown,mistralai/mistral-nemo-instruct-2407,PARCIAL,218,216,0,310348,5
2026-08-03T21:03:42.497933500Z,Guilty Crown - 22_Track4.ass,[Anime Time] Guilty Crown + OVA [BD][Dual Audio][1080p][HEVC 10bit x265][Opus][Eng Sub],Temporada Única,Guilty Crown,mistralai/mistral-nemo-instruct-2407,CONCLUIDO,236,226,0,211893,0
2026-08-03T21:06:07.213367900Z,Guilty Crown OVA - 01_Track2.ass,[Anime Time] Guilty Crown + OVA [BD][Dual Audio][1080p][HEVC 10bit x265][Opus][Eng Sub],Temporada Única,Guilty Crown,mistralai/mistral-nemo-instruct-2407,PARCIAL,98,96,0,144708,3
2026-08-03T23:33:42.346094800Z,Mobile.Suit.Gundam.ZZ.S01E01_ENG.ass,Mobile Suit Gundam ZZ,Temporada Única,Mobile Suit Gundam ZZ,mistralai/mistral-nemo-instruct-2407,PARCIAL,301,297,0,370093,10
2026-08-03T23:38:26.013222Z,Mobile.Suit.Gundam.ZZ.S01E02_ENG.ass,Mobile Suit Gundam ZZ,Temporada Única,Mobile Suit Gundam ZZ,mistralai/mistral-nemo-instruct-2407,CONCLUIDO,289,285,0,283656,3
2026-08-03T23:44:01.521811Z,Mobile.Suit.Gundam.ZZ.S01E03_ENG.ass,Mobile Suit Gundam ZZ,Temporada Única,Mobile Suit Gundam ZZ,mistralai/mistral-nemo-instruct-2407,PARCIAL,335,325,0,335496,5
2026-08-03T23:50:17.971003400Z,Mobile.Suit.Gundam.ZZ.S01E04_ENG.ass,Mobile Suit Gundam ZZ,Temporada Única,Mobile Suit Gundam ZZ,mistralai/mistral-nemo-instruct-2407,CONCLUIDO,359,349,0,376440,4
2026-08-03T23:51:48.735610300Z,Mobile.Suit.Gundam.ZZ.S01E05_ENG.ass,Mobile Suit Gundam ZZ,Temporada Única,Mobile Suit Gundam ZZ,,FALHOU,0,0,0,0,1
2026-08-03T23:57:18.205146Z,Mobile.Suit.Gundam.ZZ.S01E06_ENG.ass,Mobile Suit Gundam ZZ,Temporada Única,Mobile Suit Gundam ZZ,mistralai/mistral-nemo-instruct-2407,CONCLUIDO,340,326,0,329454,3
2026-08-04T00:02:43.291813700Z,Mobile.Suit.Gundam.ZZ.S01E07_ENG.ass,Mobile Suit Gundam ZZ,Temporada Única,Mobile Suit Gundam ZZ,mistralai/mistral-nemo-instruct-2407,CONCLUIDO,330,319,0,325076,4
2026-08-04T00:08:48.167464800Z,Mobile.Suit.Gundam.ZZ.S01E08_ENG.ass,Mobile Suit Gundam ZZ,Temporada Única,Mobile Suit Gundam ZZ,mistralai/mistral-nemo-instruct-2407,PARCIAL,363,349,0,364867,6
2026-08-04T00:15:15.127854500Z,Mobile.Suit.Gundam.ZZ.S01E09_ENG.ass,Mobile Suit Gundam ZZ,Temporada Única,Mobile Suit Gundam ZZ,mistralai/mistral-nemo-instruct-2407,CONCLUIDO,385,372,0,386950,3
2026-08-04T00:21:57.943899700Z,Mobile.Suit.Gundam.ZZ.S01E10_ENG.ass,Mobile Suit Gundam ZZ,Temporada Única,Mobile Suit Gundam ZZ,mistralai/mistral-nemo-instruct-2407,CONCLUIDO,378,370,0,402806,2
2026-08-04T00:24:57.815076400Z,Mobile.Suit.Gundam.ZZ.S01E11_ENG.ass,Mobile Suit Gundam ZZ,Temporada Única,Mobile Suit Gundam ZZ,,FALHOU,0,0,0,0,1
2026-08-04T00:32:36.313045200Z,Mobile.Suit.Gundam.ZZ.S01E12_ENG.ass,Mobile Suit Gundam ZZ,Temporada Única,Mobile Suit Gundam ZZ,mistralai/mistral-nemo-instruct-2407,PARCIAL,374,361,0,458482,9
2026-08-04T00:41:41.193038600Z,Mobile.Suit.Gundam.ZZ.S01E13_ENG.ass,Mobile Suit Gundam ZZ,Temporada Única,Mobile Suit Gundam ZZ,mistralai/mistral-nemo-instruct-2407,PARCIAL,399,377,0,544851,5
2026-08-04T00:49:19.841480900Z,Mobile.Suit.Gundam.ZZ.S01E14_ENG.ass,Mobile Suit Gundam ZZ,Temporada Única,Mobile Suit Gundam ZZ,mistralai/mistral-nemo-instruct-2407,CONCLUIDO,408,396,0,458623,4
2026-08-04T00:57:14.085918700Z,Mobile.Suit.Gundam.ZZ.S01E15_ENG.ass,Mobile Suit Gundam ZZ,Temporada Única,Mobile Suit Gundam ZZ,mistralai/mistral-nemo-instruct-2407,PARCIAL,381,365,0,474220,10
2026-08-04T03:48:25.186798700Z,Mobile.Suit.Gundam.ZZ.S01E01_ENG.ass,Mobile Suit Gundam ZZ,Temporada Única,Mobile Suit Gundam ZZ,mistralai/mistral-nemo-instruct-2407,CONCLUIDO,301,298,0,361614,4
2026-08-04T03:52:33.242835900Z,Mobile.Suit.Gundam.ZZ.S01E02_ENG.ass,Mobile Suit Gundam ZZ,Temporada Única,Mobile Suit Gundam ZZ,mistralai/mistral-nemo-instruct-2407,CONCLUIDO,289,285,0,248047,2
2026-08-04T03:57:23.268302700Z,Mobile.Suit.Gundam.ZZ.S01E03_ENG.ass,Mobile Suit Gundam ZZ,Temporada Única,Mobile Suit Gundam ZZ,mistralai/mistral-nemo-instruct-2407,CONCLUIDO,335,326,0,290019,1
2026-08-04T04:02:43.737658100Z,Mobile.Suit.Gundam.ZZ.S01E04_ENG.ass,Mobile Suit Gundam ZZ,Temporada Única,Mobile Suit Gundam ZZ,mistralai/mistral-nemo-instruct-2407,PARCIAL,359,348,0,320462,4
2026-08-04T04:08:09.488647400Z,Mobile.Suit.Gundam.ZZ.S01E05_ENG.ass,Mobile Suit Gundam ZZ,Temporada Única,Mobile Suit Gundam ZZ,mistralai/mistral-nemo-instruct-2407,PARCIAL,379,359,0,325728,6
2026-08-04T04:12:59.531434600Z,Mobile.Suit.Gundam.ZZ.S01E06_ENG.ass,Mobile Suit Gundam ZZ,Temporada Única,Mobile Suit Gundam ZZ,mistralai/mistral-nemo-instruct-2407,CONCLUIDO,340,326,0,290037,1
2026-08-04T04:17:53.857314100Z,Mobile.Suit.Gundam.ZZ.S01E07_ENG.ass,Mobile Suit Gundam ZZ,Temporada Única,Mobile Suit Gundam ZZ,mistralai/mistral-nemo-instruct-2407,CONCLUIDO,330,319,0,294320,3
2026-08-04T04:23:15.509866400Z,Mobile.Suit.Gundam.ZZ.S01E08_ENG.ass,Mobile Suit Gundam ZZ,Temporada Única,Mobile Suit Gundam ZZ,mistralai/mistral-nemo-instruct-2407,PARCIAL,363,349,0,321646,5
2026-08-04T04:29:11.765409500Z,Mobile.Suit.Gundam.ZZ.S01E09_ENG.ass,Mobile Suit Gundam ZZ,Temporada Única,Mobile Suit Gundam ZZ,mistralai/mistral-nemo-instruct-2407,CONCLUIDO,385,372,0,356250,1
2026-08-04T04:34:56.012472500Z,Mobile.Suit.Gundam.ZZ.S01E10_ENG.ass,Mobile Suit Gundam ZZ,Temporada Única,Mobile Suit Gundam ZZ,mistralai/mistral-nemo-instruct-2407,CONCLUIDO,378,370,0,344241,2
2026-08-04T04:40:16.763317800Z,Mobile.Suit.Gundam.ZZ.S01E11_ENG.ass,Mobile Suit Gundam ZZ,Temporada Única,Mobile Suit Gundam ZZ,mistralai/mistral-nemo-instruct-2407,PARCIAL,373,365,0,320724,7
2026-08-04T04:45:51.359692Z,Mobile.Suit.Gundam.ZZ.S01E12_ENG.ass,Mobile Suit Gundam ZZ,Temporada Única,Mobile Suit Gundam ZZ,mistralai/mistral-nemo-instruct-2407,PARCIAL,374,361,0,334590,6
2026-08-04T04:51:33.483785200Z,Mobile.Suit.Gundam.ZZ.S01E13_ENG.ass,Mobile Suit Gundam ZZ,Temporada Única,Mobile Suit Gundam ZZ,mistralai/mistral-nemo-instruct-2407,PARCIAL,399,377,0,342118,5
2026-08-04T04:57:23.962348700Z,Mobile.Suit.Gundam.ZZ.S01E14_ENG.ass,Mobile Suit Gundam ZZ,Temporada Única,Mobile Suit Gundam ZZ,mistralai/mistral-nemo-instruct-2407,CONCLUIDO,408,396,0,350465,5
2026-08-04T05:03:26.834858400Z,Mobile.Suit.Gundam.ZZ.S01E15_ENG.ass,Mobile Suit Gundam ZZ,Temporada Única,Mobile Suit Gundam ZZ,mistralai/mistral-nemo-instruct-2407,PARCIAL,381,365,0,362866,8
2026-08-04T05:08:54.366959700Z,Mobile.Suit.Gundam.ZZ.S01E16_ENG.ass,Mobile Suit Gundam ZZ,Temporada Única,Mobile Suit Gundam ZZ,mistralai/mistral-nemo-instruct-2407,CONCLUIDO,403,382,0,327526,3
2026-08-04T05:14:12.550639Z,Mobile.Suit.Gundam.ZZ.S01E17_ENG.ass,Mobile Suit Gundam ZZ,Temporada Única,Mobile Suit Gundam ZZ,mistralai/mistral-nemo-instruct-2407,CONCLUIDO,371,359,0,318176,2
2026-08-04T05:19:32.201720500Z,Mobile.Suit.Gundam.ZZ.S01E18_ENG.ass,Mobile Suit Gundam ZZ,Temporada Única,Mobile Suit Gundam ZZ,mistralai/mistral-nemo-instruct-2407,PARCIAL,356,341,0,319645,5
2026-08-04T05:25:11.567372700Z,Mobile.Suit.Gundam.ZZ.S01E19_ENG.ass,Mobile Suit Gundam ZZ,Temporada Única,Mobile Suit Gundam ZZ,mistralai/mistral-nemo-instruct-2407,CONCLUIDO,369,353,0,339358,2
2026-08-04T05:32:35.990496100Z,Mobile.Suit.Gundam.ZZ.S01E20_ENG.ass,Mobile Suit Gundam ZZ,Temporada Única,Mobile Suit Gundam ZZ,mistralai/mistral-nemo-instruct-2407,CONCLUIDO,480,459,0,444416,6
2026-08-04T05:38:16.432611100Z,Mobile.Suit.Gundam.ZZ.S01E21_ENG.ass,Mobile Suit Gundam ZZ,Temporada Única,Mobile Suit Gundam ZZ,mistralai/mistral-nemo-instruct-2407,PARCIAL,391,369,0,340435,6
2026-08-04T05:43:40.101846500Z,Mobile.Suit.Gundam.ZZ.S01E22_ENG.ass,Mobile Suit Gundam ZZ,Temporada Única,Mobile Suit Gundam ZZ,mistralai/mistral-nemo-instruct-2407,PARCIAL,385,365,0,323662,3
2026-08-04T05:49:06.101557500Z,Mobile.Suit.Gundam.ZZ.S01E23_ENG.ass,Mobile Suit Gundam ZZ,Temporada Única,Mobile Suit Gundam ZZ,mistralai/mistral-nemo-instruct-2407,PARCIAL,361,348,0,325993,5
2026-08-04T05:54:49.960072400Z,Mobile.Suit.Gundam.ZZ.S01E24_ENG.ass,Mobile Suit Gundam ZZ,Temporada Única,Mobile Suit Gundam ZZ,mistralai/mistral-nemo-instruct-2407,PARCIAL,381,363,0,343852,3
2026-08-04T05:59:14.767359100Z,Mobile.Suit.Gundam.ZZ.S01E25_ENG.ass,Mobile Suit Gundam ZZ,Temporada Única,Mobile Suit Gundam ZZ,mistralai/mistral-nemo-instruct-2407,CONCLUIDO,311,285,0,264800,2
2026-08-04T06:04:35.713068700Z,Mobile.Suit.Gundam.ZZ.S01E26_ENG.ass,Mobile Suit Gundam ZZ,Temporada Única,Mobile Suit Gundam ZZ,mistralai/mistral-nemo-instruct-2407,PARCIAL,374,349,0,320939,7
2026-08-04T06:09:03.756982700Z,Mobile.Suit.Gundam.ZZ.S01E27_ENG.ass,Mobile Suit Gundam ZZ,Temporada Única,Mobile Suit Gundam ZZ,mistralai/mistral-nemo-instruct-2407,CONCLUIDO,300,281,0,268036,3
2026-08-04T06:13:36.373403300Z,Mobile.Suit.Gundam.ZZ.S01E28_ENG.ass,Mobile Suit Gundam ZZ,Temporada Única,Mobile Suit Gundam ZZ,mistralai/mistral-nemo-instruct-2407,PARCIAL,333,306,0,272609,7
2026-08-04T06:18:56.981073Z,Mobile.Suit.Gundam.ZZ.S01E29_ENG.ass,Mobile Suit Gundam ZZ,Temporada Única,Mobile Suit Gundam ZZ,mistralai/mistral-nemo-instruct-2407,PARCIAL,348,336,0,320600,8
2026-08-04T06:24:29.730113300Z,Mobile.Suit.Gundam.ZZ.S01E30_ENG.ass,Mobile Suit Gundam ZZ,Temporada Única,Mobile Suit Gundam ZZ,mistralai/mistral-nemo-instruct-2407,PARCIAL,387,368,0,332743,6
2026-08-04T06:29:43.781830300Z,Mobile.Suit.Gundam.ZZ.S01E31_ENG.ass,Mobile Suit Gundam ZZ,Temporada Única,Mobile Suit Gundam ZZ,mistralai/mistral-nemo-instruct-2407,PARCIAL,323,315,0,314044,8
2026-08-04T06:34:56.250403900Z,Mobile.Suit.Gundam.ZZ.S01E32_ENG.ass,Mobile Suit Gundam ZZ,Temporada Única,Mobile Suit Gundam ZZ,mistralai/mistral-nemo-instruct-2407,CONCLUIDO,316,303,0,312461,2
2026-08-04T06:40:43.590249200Z,Mobile.Suit.Gundam.ZZ.S01E33_ENG.ass,Mobile Suit Gundam ZZ,Temporada Única,Mobile Suit Gundam ZZ,mistralai/mistral-nemo-instruct-2407,PARCIAL,413,392,0,347334,7
2026-08-04T06:46:08.163815500Z,Mobile.Suit.Gundam.ZZ.S01E34_ENG.ass,Mobile Suit Gundam ZZ,Temporada Única,Mobile Suit Gundam ZZ,mistralai/mistral-nemo-instruct-2407,CONCLUIDO,378,364,0,324567,2
2026-08-04T06:50:59.083601200Z,Mobile.Suit.Gundam.ZZ.S01E35_ENG.ass,Mobile Suit Gundam ZZ,Temporada Única,Mobile Suit Gundam ZZ,mistralai/mistral-nemo-instruct-2407,PARCIAL,307,292,0,290913,6
2026-08-04T06:55:08.937752800Z,Mobile.Suit.Gundam.ZZ.S01E36_ENG.ass,Mobile Suit Gundam ZZ,Temporada Única,Mobile Suit Gundam ZZ,mistralai/mistral-nemo-instruct-2407,PARCIAL,290,283,0,249847,4
2026-08-04T07:00:53.341470600Z,Mobile.Suit.Gundam.ZZ.S01E37_ENG.ass,Mobile Suit Gundam ZZ,Temporada Única,Mobile Suit Gundam ZZ,mistralai/mistral-nemo-instruct-2407,CONCLUIDO,381,368,0,344398,3
2026-08-04T07:06:46.243803800Z,Mobile.Suit.Gundam.ZZ.S01E38_ENG.ass,Mobile Suit Gundam ZZ,Temporada Única,Mobile Suit Gundam ZZ,mistralai/mistral-nemo-instruct-2407,CONCLUIDO,389,374,0,352895,3
2026-08-04T07:11:47.612098400Z,Mobile.Suit.Gundam.ZZ.S01E39_ENG.ass,Mobile Suit Gundam ZZ,Temporada Única,Mobile Suit Gundam ZZ,mistralai/mistral-nemo-instruct-2407,PARCIAL,331,324,0,301362,3
2026-08-04T07:17:29.634287400Z,Mobile.Suit.Gundam.ZZ.S01E40_ENG.ass,Mobile Suit Gundam ZZ,Temporada Única,Mobile Suit Gundam ZZ,mistralai/mistral-nemo-instruct-2407,CONCLUIDO,411,393,0,342012,2
2026-08-04T07:21:41.200773900Z,Mobile.Suit.Gundam.ZZ.S01E41_ENG.ass,Mobile Suit Gundam ZZ,Temporada Única,Mobile Suit Gundam ZZ,mistralai/mistral-nemo-instruct-2407,PARCIAL,306,287,0,251554,3
2026-08-04T07:27:20.498834300Z,Mobile.Suit.Gundam.ZZ.S01E42_ENG.ass,Mobile Suit Gundam ZZ,Temporada Única,Mobile Suit Gundam ZZ,mistralai/mistral-nemo-instruct-2407,PARCIAL,414,386,0,339291,6
2026-08-04T07:32:40.753998300Z,Mobile.Suit.Gundam.ZZ.S01E43_ENG.ass,Mobile Suit Gundam ZZ,Temporada Única,Mobile Suit Gundam ZZ,mistralai/mistral-nemo-instruct-2407,CONCLUIDO,378,362,0,320247,2
2026-08-04T07:37:48.537633Z,Mobile.Suit.Gundam.ZZ.S01E44_ENG.ass,Mobile Suit Gundam ZZ,Temporada Única,Mobile Suit Gundam ZZ,mistralai/mistral-nemo-instruct-2407,PARCIAL,329,319,0,307777,5
2026-08-04T07:42:31.872330400Z,Mobile.Suit.Gundam.ZZ.S01E45_ENG.ass,Mobile Suit Gundam ZZ,Temporada Única,Mobile Suit Gundam ZZ,mistralai/mistral-nemo-instruct-2407,CONCLUIDO,293,284,0,283329,1
2026-08-04T07:47:26.798752500Z,Mobile.Suit.Gundam.ZZ.S01E46_ENG.ass,Mobile Suit Gundam ZZ,Temporada Única,Mobile Suit Gundam ZZ,mistralai/mistral-nemo-instruct-2407,CONCLUIDO,331,320,0,294919,3
2026-08-04T07:50:53.193985600Z,Mobile.Suit.Gundam.ZZ.S01E47_ENG.ass,Mobile Suit Gundam ZZ,Temporada Única,Mobile Suit Gundam ZZ,mistralai/mistral-nemo-instruct-2407,PARCIAL,249,231,0,206388,5
2026-08-05T03:16:51.443211Z,Mobile Suit Zeta Gundam - S01E01_Track2.ass,Mobile Suit Zeta Gundam,Temporada Única,Mobile Suit Zeta Gundam,mistralai/mistral-nemo-instruct-2407,CONCLUIDO,207,0,188,507,0
2026-08-05T03:16:56.111854500Z,Mobile Suit Zeta Gundam - S01E02_Track2.ass,Mobile Suit Zeta Gundam,Temporada Única,Mobile Suit Zeta Gundam,mistralai/mistral-nemo-instruct-2407,PARCIAL,301,0,294,4633,1
2026-08-05T03:17:00.756839700Z,Mobile Suit Zeta Gundam - S01E03_Track2.ass,Mobile Suit Zeta Gundam,Temporada Única,Mobile Suit Zeta Gundam,mistralai/mistral-nemo-instruct-2407,PARCIAL,356,0,350,4629,1
2026-08-05T03:17:01.482538700Z,Mobile Suit Zeta Gundam - S01E04_Track2.ass,Mobile Suit Zeta Gundam,Temporada Única,Mobile Suit Zeta Gundam,mistralai/mistral-nemo-instruct-2407,CONCLUIDO,318,0,312,708,0
2026-08-05T03:17:02.118069800Z,Mobile Suit Zeta Gundam - S01E05_Track2.ass,Mobile Suit Zeta Gundam,Temporada Única,Mobile Suit Zeta Gundam,mistralai/mistral-nemo-instruct-2407,CONCLUIDO,309,0,298,624,0
2026-08-05T03:17:13.839086800Z,Mobile Suit Zeta Gundam - S01E06_Track2.ass,Mobile Suit Zeta Gundam,Temporada Única,Mobile Suit Zeta Gundam,mistralai/mistral-nemo-instruct-2407,PARCIAL,344,1,331,11710,4
2026-08-05T03:17:18.284060500Z,Mobile Suit Zeta Gundam - S01E07_Track2.ass,Mobile Suit Zeta Gundam,Temporada Única,Mobile Suit Zeta Gundam,mistralai/mistral-nemo-instruct-2407,PARCIAL,303,0,300,4433,1
2026-08-05T03:17:21.642814300Z,Mobile Suit Zeta Gundam - S01E08_Track2.ass,Mobile Suit Zeta Gundam,Temporada Única,Mobile Suit Zeta Gundam,mistralai/mistral-nemo-instruct-2407,PARCIAL,294,0,289,3347,1
2026-08-05T03:17:22.261990Z,Mobile Suit Zeta Gundam - S01E09_Track2.ass,Mobile Suit Zeta Gundam,Temporada Única,Mobile Suit Zeta Gundam,mistralai/mistral-nemo-instruct-2407,CONCLUIDO,349,0,343,605,0
2026-08-05T03:17:22.841115700Z,Mobile Suit Zeta Gundam - S01E10_Track2.ass,Mobile Suit Zeta Gundam,Temporada Única,Mobile Suit Zeta Gundam,mistralai/mistral-nemo-instruct-2407,CONCLUIDO,308,0,293,568,0
2026-08-05T03:17:24.253046500Z,Mobile Suit Zeta Gundam - S01E11_Track2.ass,Mobile Suit Zeta Gundam,Temporada Única,Mobile Suit Zeta Gundam,mistralai/mistral-nemo-instruct-2407,CONCLUIDO,364,2,351,1401,0
2026-08-05T03:17:24.784342500Z,Mobile Suit Zeta Gundam - S01E12_Track2.ass,Mobile Suit Zeta Gundam,Temporada Única,Mobile Suit Zeta Gundam,mistralai/mistral-nemo-instruct-2407,CONCLUIDO,303,0,295,515,0
2026-08-05T03:17:28.814309900Z,Mobile Suit Zeta Gundam - S01E13_Track2.ass,Mobile Suit Zeta Gundam,Temporada Única,Mobile Suit Zeta Gundam,mistralai/mistral-nemo-instruct-2407,PARCIAL,349,0,335,4019,2
2026-08-05T03:17:29.313757600Z,Mobile Suit Zeta Gundam - S01E14_Track2.ass,Mobile Suit Zeta Gundam,Temporada Única,Mobile Suit Zeta Gundam,mistralai/mistral-nemo-instruct-2407,CONCLUIDO,278,0,271,488,0
2026-08-05T03:17:30.365230300Z,Mobile Suit Zeta Gundam - S01E15_Track2.ass,Mobile Suit Zeta Gundam,Temporada Única,Mobile Suit Zeta Gundam,mistralai/mistral-nemo-instruct-2407,CONCLUIDO,356,1,344,1041,0
2026-08-05T03:17:31.001839700Z,Mobile Suit Zeta Gundam - S01E16_Track2.ass,Mobile Suit Zeta Gundam,Temporada Única,Mobile Suit Zeta Gundam,mistralai/mistral-nemo-instruct-2407,CONCLUIDO,382,0,366,626,0
2026-08-05T03:17:31.564489900Z,Mobile Suit Zeta Gundam - S01E17_Track2.ass,Mobile Suit Zeta Gundam,Temporada Única,Mobile Suit Zeta Gundam,mistralai/mistral-nemo-instruct-2407,CONCLUIDO,333,0,318,551,0
2026-08-05T03:17:36.197965900Z,Mobile Suit Zeta Gundam - S01E18_Track2.ass,Mobile Suit Zeta Gundam,Temporada Única,Mobile Suit Zeta Gundam,mistralai/mistral-nemo-instruct-2407,PARCIAL,386,0,367,4621,2
2026-08-05T03:17:39.089194600Z,Mobile Suit Zeta Gundam - S01E19_Track2.ass,Mobile Suit Zeta Gundam,Temporada Única,Mobile Suit Zeta Gundam,mistralai/mistral-nemo-instruct-2407,PARCIAL,321,0,305,2866,1
2026-08-05T03:17:39.749097100Z,Mobile Suit Zeta Gundam - S01E20_Track2.ass,Mobile Suit Zeta Gundam,Temporada Única,Mobile Suit Zeta Gundam,mistralai/mistral-nemo-instruct-2407,CONCLUIDO,356,0,334,650,0
2026-08-05T03:17:40.383396300Z,Mobile Suit Zeta Gundam - S01E21_Track2.ass,Mobile Suit Zeta Gundam,Temporada Única,Mobile Suit Zeta Gundam,mistralai/mistral-nemo-instruct-2407,CONCLUIDO,352,0,344,622,0
2026-08-05T03:17:41.048023Z,Mobile Suit Zeta Gundam - S01E22_Track2.ass,Mobile Suit Zeta Gundam,Temporada Única,Mobile Suit Zeta Gundam,mistralai/mistral-nemo-instruct-2407,CONCLUIDO,377,0,362,653,0
2026-08-05T03:17:41.735493600Z,Mobile Suit Zeta Gundam - S01E23_Track2.ass,Mobile Suit Zeta Gundam,Temporada Única,Mobile Suit Zeta Gundam,mistralai/mistral-nemo-instruct-2407,CONCLUIDO,382,0,367,677,0
2026-08-05T03:17:42.285016400Z,Mobile Suit Zeta Gundam - S01E24_Track2.ass,Mobile Suit Zeta Gundam,Temporada Única,Mobile Suit Zeta Gundam,mistralai/mistral-nemo-instruct-2407,CONCLUIDO,351,0,328,537,0
2026-08-05T03:17:42.923201500Z,Mobile Suit Zeta Gundam - S01E25_Track2.ass,Mobile Suit Zeta Gundam,Temporada Única,Mobile Suit Zeta Gundam,mistralai/mistral-nemo-instruct-2407,CONCLUIDO,367,0,354,627,0
2026-08-05T03:17:44.531695200Z,Mobile Suit Zeta Gundam - S01E26_Track2.ass,Mobile Suit Zeta Gundam,Temporada Única,Mobile Suit Zeta Gundam,mistralai/mistral-nemo-instruct-2407,CONCLUIDO,359,2,337,1588,0
2026-08-05T03:17:45.630746800Z,Mobile Suit Zeta Gundam - S01E27_Track2.ass,Mobile Suit Zeta Gundam,Temporada Única,Mobile Suit Zeta Gundam,mistralai/mistral-nemo-instruct-2407,CONCLUIDO,378,1,359,1087,0
2026-08-05T03:17:46.204205100Z,Mobile Suit Zeta Gundam - S01E28_Track2.ass,Mobile Suit Zeta Gundam,Temporada Única,Mobile Suit Zeta Gundam,mistralai/mistral-nemo-instruct-2407,CONCLUIDO,372,0,356,565,0
2026-08-05T03:17:49.256984400Z,Mobile Suit Zeta Gundam - S01E29_Track2.ass,Mobile Suit Zeta Gundam,Temporada Única,Mobile Suit Zeta Gundam,mistralai/mistral-nemo-instruct-2407,PARCIAL,393,1,376,3042,1
2026-08-05T03:17:49.726666600Z,Mobile Suit Zeta Gundam - S01E30_Track2.ass,Mobile Suit Zeta Gundam,Temporada Única,Mobile Suit Zeta Gundam,mistralai/mistral-nemo-instruct-2407,CONCLUIDO,295,0,282,458,0
2026-08-05T03:17:50.866706400Z,Mobile Suit Zeta Gundam - S01E31_Track2.ass,Mobile Suit Zeta Gundam,Temporada Única,Mobile Suit Zeta Gundam,mistralai/mistral-nemo-instruct-2407,CONCLUIDO,342,1,330,1128,0
2026-08-05T03:17:51.427525700Z,Mobile Suit Zeta Gundam - S01E32_Track2.ass,Mobile Suit Zeta Gundam,Temporada Única,Mobile Suit Zeta Gundam,mistralai/mistral-nemo-instruct-2407,CONCLUIDO,347,0,329,551,0
2026-08-05T03:17:51.943805Z,Mobile Suit Zeta Gundam - S01E33_Track2.ass,Mobile Suit Zeta Gundam,Temporada Única,Mobile Suit Zeta Gundam,mistralai/mistral-nemo-instruct-2407,CONCLUIDO,336,0,317,503,0
2026-08-05T03:17:52.896254300Z,Mobile Suit Zeta Gundam - S01E34_Track2.ass,Mobile Suit Zeta Gundam,Temporada Única,Mobile Suit Zeta Gundam,mistralai/mistral-nemo-instruct-2407,CONCLUIDO,352,1,336,937,0
2026-08-05T03:17:53.424157800Z,Mobile Suit Zeta Gundam - S01E35_Track2.ass,Mobile Suit Zeta Gundam,Temporada Única,Mobile Suit Zeta Gundam,mistralai/mistral-nemo-instruct-2407,CONCLUIDO,335,0,321,517,0
2026-08-05T03:17:53.866744800Z,Mobile Suit Zeta Gundam - S01E36_Track2.ass,Mobile Suit Zeta Gundam,Temporada Única,Mobile Suit Zeta Gundam,mistralai/mistral-nemo-instruct-2407,CONCLUIDO,314,0,288,431,0
2026-08-05T03:17:57.669482900Z,Mobile Suit Zeta Gundam - S01E37_Track2.ass,Mobile Suit Zeta Gundam,Temporada Única,Mobile Suit Zeta Gundam,mistralai/mistral-nemo-instruct-2407,CONCLUIDO,376,1,368,3790,0
2026-08-05T03:18:00.697530600Z,Mobile Suit Zeta Gundam - S01E38_Track2.ass,Mobile Suit Zeta Gundam,Temporada Única,Mobile Suit Zeta Gundam,mistralai/mistral-nemo-instruct-2407,PARCIAL,381,1,358,3018,1
2026-08-05T03:18:02.046386900Z,Mobile Suit Zeta Gundam - S01E39_Track2.ass,Mobile Suit Zeta Gundam,Temporada Única,Mobile Suit Zeta Gundam,mistralai/mistral-nemo-instruct-2407,CONCLUIDO,391,2,369,1338,0
2026-08-05T03:18:02.665120200Z,Mobile Suit Zeta Gundam - S01E40_Track2.ass,Mobile Suit Zeta Gundam,Temporada Única,Mobile Suit Zeta Gundam,mistralai/mistral-nemo-instruct-2407,CONCLUIDO,378,0,355,608,0
2026-08-05T03:18:03.307384800Z,Mobile Suit Zeta Gundam - S01E41_Track2.ass,Mobile Suit Zeta Gundam,Temporada Única,Mobile Suit Zeta Gundam,mistralai/mistral-nemo-instruct-2407,CONCLUIDO,407,0,395,632,0
2026-08-05T03:18:04.171267100Z,Mobile Suit Zeta Gundam - S01E42_Track2.ass,Mobile Suit Zeta Gundam,Temporada Única,Mobile Suit Zeta Gundam,mistralai/mistral-nemo-instruct-2407,CONCLUIDO,311,1,292,853,0
2026-08-05T03:18:05.242084Z,Mobile Suit Zeta Gundam - S01E43_Track2.ass,Mobile Suit Zeta Gundam,Temporada Única,Mobile Suit Zeta Gundam,mistralai/mistral-nemo-instruct-2407,CONCLUIDO,320,1,298,1060,0
2026-08-05T03:18:10.019673100Z,Mobile Suit Zeta Gundam - S01E44_Track2.ass,Mobile Suit Zeta Gundam,Temporada Única,Mobile Suit Zeta Gundam,mistralai/mistral-nemo-instruct-2407,PARCIAL,373,1,342,4765,1
2026-08-05T03:18:12.033282600Z,Mobile Suit Zeta Gundam - S01E45_Track2.ass,Mobile Suit Zeta Gundam,Temporada Única,Mobile Suit Zeta Gundam,mistralai/mistral-nemo-instruct-2407,CONCLUIDO,306,1,291,2003,0
2026-08-05T03:18:13.019940300Z,Mobile Suit Zeta Gundam - S01E46_Track2.ass,Mobile Suit Zeta Gundam,Temporada Única,Mobile Suit Zeta Gundam,mistralai/mistral-nemo-instruct-2407,CONCLUIDO,351,1,324,975,0
2026-08-05T03:18:14.041433900Z,Mobile Suit Zeta Gundam - S01E47_Track2.ass,Mobile Suit Zeta Gundam,Temporada Única,Mobile Suit Zeta Gundam,mistralai/mistral-nemo-instruct-2407,CONCLUIDO,350,1,335,1009,0
2026-08-05T03:18:14.481444300Z,Mobile Suit Zeta Gundam - S01E48_Track2.ass,Mobile Suit Zeta Gundam,Temporada Única,Mobile Suit Zeta Gundam,mistralai/mistral-nemo-instruct-2407,CONCLUIDO,308,0,283,426,0
2026-08-05T03:18:14.881973400Z,Mobile Suit Zeta Gundam - S01E49_Track2.ass,Mobile Suit Zeta Gundam,Temporada Única,Mobile Suit Zeta Gundam,mistralai/mistral-nemo-instruct-2407,CONCLUIDO,286,0,265,389,0
2026-08-05T03:18:15.363768500Z,Mobile Suit Zeta Gundam - S01E50_Track2.ass,Mobile Suit Zeta Gundam,Temporada Única,Mobile Suit Zeta Gundam,mistralai/mistral-nemo-instruct-2407,CONCLUIDO,329,0,313,471,0
2026-08-05T03:34:38.571026500Z,Mobile.Suit.Gundam.ZZ.S01E01_ENG.ass,Mobile Suit Gundam ZZ,Temporada Única,Mobile Suit Gundam ZZ,mistralai/mistral-nemo-instruct-2407,CONCLUIDO,301,0,298,484,0
2026-08-05T03:34:38.968730700Z,Mobile.Suit.Gundam.ZZ.S01E02_ENG.ass,Mobile Suit Gundam ZZ,Temporada Única,Mobile Suit Gundam ZZ,mistralai/mistral-nemo-instruct-2407,CONCLUIDO,289,0,285,387,0
2026-08-05T03:34:39.421950Z,Mobile.Suit.Gundam.ZZ.S01E03_ENG.ass,Mobile Suit Gundam ZZ,Temporada Única,Mobile Suit Gundam ZZ,mistralai/mistral-nemo-instruct-2407,CONCLUIDO,335,0,326,443,0
2026-08-05T03:34:43.635789500Z,Mobile.Suit.Gundam.ZZ.S01E04_ENG.ass,Mobile Suit Gundam ZZ,Temporada Única,Mobile Suit Gundam ZZ,mistralai/mistral-nemo-instruct-2407,CONCLUIDO,359,2,347,4203,0
2026-08-05T03:34:46.737624700Z,Mobile.Suit.Gundam.ZZ.S01E05_ENG.ass,Mobile Suit Gundam ZZ,Temporada Única,Mobile Suit Gundam ZZ,mistralai/mistral-nemo-instruct-2407,CONCLUIDO,379,2,359,3091,0
2026-08-05T03:34:47.173679700Z,Mobile.Suit.Gundam.ZZ.S01E06_ENG.ass,Mobile Suit Gundam ZZ,Temporada Única,Mobile Suit Gundam ZZ,mistralai/mistral-nemo-instruct-2407,CONCLUIDO,340,0,326,425,0
2026-08-05T03:34:47.615998700Z,Mobile.Suit.Gundam.ZZ.S01E07_ENG.ass,Mobile Suit Gundam ZZ,Temporada Única,Mobile Suit Gundam ZZ,mistralai/mistral-nemo-instruct-2407,CONCLUIDO,330,0,319,432,0
2026-08-05T03:34:50.147114100Z,Mobile.Suit.Gundam.ZZ.S01E08_ENG.ass,Mobile Suit Gundam ZZ,Temporada Única,Mobile Suit Gundam ZZ,mistralai/mistral-nemo-instruct-2407,PARCIAL,363,0,349,2521,2
2026-08-05T03:34:50.708417500Z,Mobile.Suit.Gundam.ZZ.S01E09_ENG.ass,Mobile Suit Gundam ZZ,Temporada Única,Mobile Suit Gundam ZZ,mistralai/mistral-nemo-instruct-2407,CONCLUIDO,385,0,372,551,0
2026-08-05T03:34:52.375295300Z,Mobile.Suit.Gundam.ZZ.S01E10_ENG.ass,Mobile Suit Gundam ZZ,Temporada Única,Mobile Suit Gundam ZZ,mistralai/mistral-nemo-instruct-2407,CONCLUIDO,378,1,369,1656,0
2026-08-05T03:34:59.434050200Z,Mobile.Suit.Gundam.ZZ.S01E11_ENG.ass,Mobile Suit Gundam ZZ,Temporada Única,Mobile Suit Gundam ZZ,mistralai/mistral-nemo-instruct-2407,PARCIAL,373,1,365,7049,2
2026-08-05T03:35:00.467567400Z,Mobile.Suit.Gundam.ZZ.S01E12_ENG.ass,Mobile Suit Gundam ZZ,Temporada Única,Mobile Suit Gundam ZZ,mistralai/mistral-nemo-instruct-2407,PARCIAL,374,0,361,1022,1
2026-08-05T03:35:02.527976400Z,Mobile.Suit.Gundam.ZZ.S01E13_ENG.ass,Mobile Suit Gundam ZZ,Temporada Única,Mobile Suit Gundam ZZ,mistralai/mistral-nemo-instruct-2407,PARCIAL,399,0,377,2050,2
2026-08-05T03:35:03.045784500Z,Mobile.Suit.Gundam.ZZ.S01E14_ENG.ass,Mobile Suit Gundam ZZ,Temporada Única,Mobile Suit Gundam ZZ,mistralai/mistral-nemo-instruct-2407,CONCLUIDO,408,0,396,507,0
2026-08-05T03:35:08.569766600Z,Mobile.Suit.Gundam.ZZ.S01E15_ENG.ass,Mobile Suit Gundam ZZ,Temporada Única,Mobile Suit Gundam ZZ,mistralai/mistral-nemo-instruct-2407,PARCIAL,381,0,365,5512,3
2026-08-05T03:35:09.058420700Z,Mobile.Suit.Gundam.ZZ.S01E16_ENG.ass,Mobile Suit Gundam ZZ,Temporada Única,Mobile Suit Gundam ZZ,mistralai/mistral-nemo-instruct-2407,CONCLUIDO,403,0,382,478,0
2026-08-05T03:35:09.546724500Z,Mobile.Suit.Gundam.ZZ.S01E17_ENG.ass,Mobile Suit Gundam ZZ,Temporada Única,Mobile Suit Gundam ZZ,mistralai/mistral-nemo-instruct-2407,CONCLUIDO,371,0,359,477,0
2026-08-05T03:35:18.242056Z,Mobile.Suit.Gundam.ZZ.S01E18_ENG.ass,Mobile Suit Gundam ZZ,Temporada Única,Mobile Suit Gundam ZZ,mistralai/mistral-nemo-instruct-2407,PARCIAL,356,1,340,8685,4
2026-08-05T03:35:18.733611Z,Mobile.Suit.Gundam.ZZ.S01E19_ENG.ass,Mobile Suit Gundam ZZ,Temporada Única,Mobile Suit Gundam ZZ,mistralai/mistral-nemo-instruct-2407,CONCLUIDO,369,0,353,474,0
2026-08-05T03:35:19.389064500Z,Mobile.Suit.Gundam.ZZ.S01E20_ENG.ass,Mobile Suit Gundam ZZ,Temporada Única,Mobile Suit Gundam ZZ,mistralai/mistral-nemo-instruct-2407,CONCLUIDO,480,0,459,643,0
2026-08-05T03:35:28.103615500Z,Mobile.Suit.Gundam.ZZ.S01E21_ENG.ass,Mobile Suit Gundam ZZ,Temporada Única,Mobile Suit Gundam ZZ,mistralai/mistral-nemo-instruct-2407,PARCIAL,391,1,369,8701,1
2026-08-05T03:35:33.223253400Z,Mobile.Suit.Gundam.ZZ.S01E22_ENG.ass,Mobile Suit Gundam ZZ,Temporada Única,Mobile Suit Gundam ZZ,mistralai/mistral-nemo-instruct-2407,PARCIAL,385,0,365,5109,2
2026-08-05T03:35:39.192732100Z,Mobile.Suit.Gundam.ZZ.S01E23_ENG.ass,Mobile Suit Gundam ZZ,Temporada Única,Mobile Suit Gundam ZZ,mistralai/mistral-nemo-instruct-2407,PARCIAL,361,0,348,5953,2
2026-08-05T03:35:43.707633300Z,Mobile.Suit.Gundam.ZZ.S01E24_ENG.ass,Mobile Suit Gundam ZZ,Temporada Única,Mobile Suit Gundam ZZ,mistralai/mistral-nemo-instruct-2407,PARCIAL,381,0,363,4504,2
2026-08-05T03:35:44.099770400Z,Mobile.Suit.Gundam.ZZ.S01E25_ENG.ass,Mobile Suit Gundam ZZ,Temporada Única,Mobile Suit Gundam ZZ,mistralai/mistral-nemo-instruct-2407,CONCLUIDO,311,0,285,380,0
2026-08-05T03:35:46.046323900Z,Mobile.Suit.Gundam.ZZ.S01E26_ENG.ass,Mobile Suit Gundam ZZ,Temporada Única,Mobile Suit Gundam ZZ,mistralai/mistral-nemo-instruct-2407,CONCLUIDO,374,1,349,1935,0
2026-08-05T03:35:46.477110400Z,Mobile.Suit.Gundam.ZZ.S01E27_ENG.ass,Mobile Suit Gundam ZZ,Temporada Única,Mobile Suit Gundam ZZ,mistralai/mistral-nemo-instruct-2407,CONCLUIDO,300,0,281,420,0
2026-08-05T03:35:50.774513900Z,Mobile.Suit.Gundam.ZZ.S01E28_ENG.ass,Mobile Suit Gundam ZZ,Temporada Única,Mobile Suit Gundam ZZ,mistralai/mistral-nemo-instruct-2407,PARCIAL,333,0,306,4288,2
2026-08-05T03:35:58.171783200Z,Mobile.Suit.Gundam.ZZ.S01E29_ENG.ass,Mobile Suit Gundam ZZ,Temporada Única,Mobile Suit Gundam ZZ,mistralai/mistral-nemo-instruct-2407,PARCIAL,348,0,336,7385,4
2026-08-05T03:36:03.944855100Z,Mobile.Suit.Gundam.ZZ.S01E30_ENG.ass,Mobile Suit Gundam ZZ,Temporada Única,Mobile Suit Gundam ZZ,mistralai/mistral-nemo-instruct-2407,PARCIAL,387,0,368,5763,3
2026-08-05T03:36:12.246686400Z,Mobile.Suit.Gundam.ZZ.S01E31_ENG.ass,Mobile Suit Gundam ZZ,Temporada Única,Mobile Suit Gundam ZZ,mistralai/mistral-nemo-instruct-2407,PARCIAL,323,1,315,8292,3
2026-08-05T03:36:12.716644700Z,Mobile.Suit.Gundam.ZZ.S01E32_ENG.ass,Mobile Suit Gundam ZZ,Temporada Única,Mobile Suit Gundam ZZ,mistralai/mistral-nemo-instruct-2407,CONCLUIDO,316,0,303,459,0
2026-08-05T03:36:14.215604300Z,Mobile.Suit.Gundam.ZZ.S01E33_ENG.ass,Mobile Suit Gundam ZZ,Temporada Única,Mobile Suit Gundam ZZ,mistralai/mistral-nemo-instruct-2407,CONCLUIDO,413,1,392,1489,0
2026-08-05T03:36:14.729489200Z,Mobile.Suit.Gundam.ZZ.S01E34_ENG.ass,Mobile Suit Gundam ZZ,Temporada Única,Mobile Suit Gundam ZZ,mistralai/mistral-nemo-instruct-2407,CONCLUIDO,378,0,364,504,0
2026-08-05T03:36:19.891074800Z,Mobile.Suit.Gundam.ZZ.S01E35_ENG.ass,Mobile Suit Gundam ZZ,Temporada Única,Mobile Suit Gundam ZZ,mistralai/mistral-nemo-instruct-2407,PARCIAL,307,0,292,5151,3
2026-08-05T03:36:26.218999900Z,Mobile.Suit.Gundam.ZZ.S01E36_ENG.ass,Mobile Suit Gundam ZZ,Temporada Única,Mobile Suit Gundam ZZ,mistralai/mistral-nemo-instruct-2407,PARCIAL,290,0,283,6317,1
2026-08-05T03:36:26.750621500Z,Mobile.Suit.Gundam.ZZ.S01E37_ENG.ass,Mobile Suit Gundam ZZ,Temporada Única,Mobile Suit Gundam ZZ,mistralai/mistral-nemo-instruct-2407,CONCLUIDO,381,0,368,521,0
2026-08-05T03:36:27.300511500Z,Mobile.Suit.Gundam.ZZ.S01E38_ENG.ass,Mobile Suit Gundam ZZ,Temporada Única,Mobile Suit Gundam ZZ,mistralai/mistral-nemo-instruct-2407,CONCLUIDO,389,0,374,540,0
2026-08-05T03:36:30.468352900Z,Mobile.Suit.Gundam.ZZ.S01E39_ENG.ass,Mobile Suit Gundam ZZ,Temporada Única,Mobile Suit Gundam ZZ,mistralai/mistral-nemo-instruct-2407,PARCIAL,331,0,324,3157,2
2026-08-05T03:36:31.006461200Z,Mobile.Suit.Gundam.ZZ.S01E40_ENG.ass,Mobile Suit Gundam ZZ,Temporada Única,Mobile Suit Gundam ZZ,mistralai/mistral-nemo-instruct-2407,CONCLUIDO,411,0,393,526,0
2026-08-05T03:36:36.815292900Z,Mobile.Suit.Gundam.ZZ.S01E41_ENG.ass,Mobile Suit Gundam ZZ,Temporada Única,Mobile Suit Gundam ZZ,mistralai/mistral-nemo-instruct-2407,PARCIAL,306,0,287,5799,2
2026-08-05T03:36:42.265746400Z,Mobile.Suit.Gundam.ZZ.S01E42_ENG.ass,Mobile Suit Gundam ZZ,Temporada Única,Mobile Suit Gundam ZZ,mistralai/mistral-nemo-instruct-2407,PARCIAL,414,0,386,5440,2
2026-08-05T03:36:42.774339100Z,Mobile.Suit.Gundam.ZZ.S01E43_ENG.ass,Mobile Suit Gundam ZZ,Temporada Única,Mobile Suit Gundam ZZ,mistralai/mistral-nemo-instruct-2407,CONCLUIDO,378,0,362,498,0
2026-08-05T03:36:48.272339400Z,Mobile.Suit.Gundam.ZZ.S01E44_ENG.ass,Mobile Suit Gundam ZZ,Temporada Única,Mobile Suit Gundam ZZ,mistralai/mistral-nemo-instruct-2407,PARCIAL,329,1,318,5488,2
2026-08-05T03:36:48.684944100Z,Mobile.Suit.Gundam.ZZ.S01E45_ENG.ass,Mobile Suit Gundam ZZ,Temporada Única,Mobile Suit Gundam ZZ,mistralai/mistral-nemo-instruct-2407,CONCLUIDO,293,0,284,401,0
2026-08-05T03:36:49.129170400Z,Mobile.Suit.Gundam.ZZ.S01E46_ENG.ass,Mobile Suit Gundam ZZ,Temporada Única,Mobile Suit Gundam ZZ,mistralai/mistral-nemo-instruct-2407,CONCLUIDO,331,0,320,434,0
2026-08-05T03:36:53.745236100Z,Mobile.Suit.Gundam.ZZ.S01E47_ENG.ass,Mobile Suit Gundam ZZ,Temporada Única,Mobile Suit Gundam ZZ,mistralai/mistral-nemo-instruct-2407,PARCIAL,249,0,231,4606,3
2026-08-05T04:36:03.950071300Z,[DB]86 Part 2_-_01_(Dual Audio_10bit_BD1080p_x265)_Track6.ass,86 Part 1,Temporada Única,86 (Eighty-Six),mistralai/mistral-nemo-instruct-2407,CONCLUIDO,299,294,0,292237,1
2026-08-05T04:40:48.245181800Z,[DB]86 Part 2_-_02_(Dual Audio_10bit_BD1080p_x265)_Track6.ass,86 Part 1,Temporada Única,86 (Eighty-Six),mistralai/mistral-nemo-instruct-2407,CONCLUIDO,337,332,0,284287,1
2026-08-05T04:45:15.197418800Z,[DB]86 Part 2_-_03_(Dual Audio_10bit_BD1080p_x265)_Track6.ass,86 Part 1,Temporada Única,86 (Eighty-Six),mistralai/mistral-nemo-instruct-2407,CONCLUIDO,338,324,0,266945,0
2026-08-05T04:50:32.329856Z,[DB]86 Part 2_-_04_(Dual Audio_10bit_BD1080p_x265)_Track6.ass,86 Part 1,Temporada Única,86 (Eighty-Six),mistralai/mistral-nemo-instruct-2407,PARCIAL,343,335,0,317125,4
2026-08-05T04:54:06.559761400Z,[DB]86 Part 2_-_05_(Dual Audio_10bit_BD1080p_x265)_Track6.ass,86 Part 1,Temporada Única,86 (Eighty-Six),mistralai/mistral-nemo-instruct-2407,CONCLUIDO,247,242,0,214222,1
2026-08-05T04:59:03.062438500Z,[DB]86 Part 2_-_06_(Dual Audio_10bit_BD1080p_x265)_Track6.ass,86 Part 1,Temporada Única,86 (Eighty-Six),mistralai/mistral-nemo-instruct-2407,CONCLUIDO,308,301,0,296496,0
2026-08-05T05:04:14.168106100Z,[DB]86 Part 2_-_07_(Dual Audio_10bit_BD1080p_x265)_Track6.ass,86 Part 1,Temporada Única,86 (Eighty-Six),mistralai/mistral-nemo-instruct-2407,PARCIAL,341,328,0,311096,1
2026-08-05T05:08:30.867713800Z,[DB]86 Part 2_-_08_(Dual Audio_10bit_BD1080p_x265)_Track6.ass,86 Part 1,Temporada Única,86 (Eighty-Six),mistralai/mistral-nemo-instruct-2407,CONCLUIDO,297,279,0,256689,2
2026-08-05T05:13:37.676837400Z,[DB]86 Part 2_-_09_(Dual Audio_10bit_BD1080p_x265)_Track6.ass,86 Part 1,Temporada Única,86 (Eighty-Six),mistralai/mistral-nemo-instruct-2407,PARCIAL,322,318,0,306803,3
2026-08-05T05:16:18.062234900Z,[DB]86 Part 2_-_10_(Dual Audio_10bit_BD1080p_x265)_Track6.ass,86 Part 1,Temporada Única,86 (Eighty-Six),mistralai/mistral-nemo-instruct-2407,CONCLUIDO,243,215,0,160372,0
2026-08-05T05:19:51.148420200Z,[DB]86 Part 2_-_11_(Dual Audio_10bit_BD1080p_x265)_Track6.ass,86 Part 1,Temporada Única,86 (Eighty-Six),mistralai/mistral-nemo-instruct-2407,CONCLUIDO,309,280,0,213077,1
2026-08-05T05:23:46.101151700Z,[DB]86 Part 2_-_12_(Dual Audio_10bit_BD1080p_x265)_Track6.ass,86 Part 1,Temporada Única,86 (Eighty-Six),mistralai/mistral-nemo-instruct-2407,CONCLUIDO,297,278,0,234943,2
2026-08-05T05:28:23.947080300Z,[DB]86_-_01_(Dual Audio_10bit_BD1080p_x265)_Track6.ass,86 Part 1,Temporada Única,86 (Eighty-Six),mistralai/mistral-nemo-instruct-2407,PARCIAL,313,307,0,277836,1
2026-08-05T05:33:22.415387700Z,[DB]86_-_02_(Dual Audio_10bit_BD1080p_x265)_Track6.ass,86 Part 1,Temporada Única,86 (Eighty-Six),mistralai/mistral-nemo-instruct-2407,PARCIAL,320,308,0,298456,3
2026-08-05T05:39:14.282984600Z,[DB]86_-_03_(Dual Audio_10bit_BD1080p_x265)_Track6.ass,86 Part 1,Temporada Única,86 (Eighty-Six),mistralai/mistral-nemo-instruct-2407,CONCLUIDO,420,403,0,351861,1
2026-08-05T05:44:23.855726600Z,[DB]86_-_04_(Dual Audio_10bit_BD1080p_x265)_Track6.ass,86 Part 1,Temporada Única,86 (Eighty-Six),mistralai/mistral-nemo-instruct-2407,CONCLUIDO,360,354,0,309546,0
2026-08-05T05:48:46.465579900Z,[DB]86_-_05_(Dual Audio_10bit_BD1080p_x265)_Track6.ass,86 Part 1,Temporada Única,86 (Eighty-Six),mistralai/mistral-nemo-instruct-2407,PARCIAL,335,314,0,262604,2
2026-08-05T05:53:32.444944200Z,[DB]86_-_06_(Dual Audio_10bit_BD1080p_x265)_Track6.ass,86 Part 1,Temporada Única,86 (Eighty-Six),mistralai/mistral-nemo-instruct-2407,PARCIAL,360,350,0,285971,2
2026-08-05T05:58:14.055698Z,[DB]86_-_07_(Dual Audio_10bit_BD1080p_x265)_Track6.ass,86 Part 1,Temporada Única,86 (Eighty-Six),mistralai/mistral-nemo-instruct-2407,CONCLUIDO,297,291,0,281599,0
2026-08-05T06:02:48.903222900Z,[DB]86_-_08_(Dual Audio_10bit_BD1080p_x265)_Track6.ass,86 Part 1,Temporada Única,86 (Eighty-Six),mistralai/mistral-nemo-instruct-2407,CONCLUIDO,326,315,0,274833,1
2026-08-05T06:06:15.944120900Z,[DB]86_-_09_(Dual Audio_10bit_BD1080p_x265)_Track6.ass,86 Part 1,Temporada Única,86 (Eighty-Six),mistralai/mistral-nemo-instruct-2407,CONCLUIDO,288,275,0,207035,2
2026-08-05T06:09:57.412663Z,[DB]86_-_10_(Dual Audio_10bit_BD1080p_x265)_Track6.ass,86 Part 1,Temporada Única,86 (Eighty-Six),mistralai/mistral-nemo-instruct-2407,CONCLUIDO,283,276,0,221462,0
2026-08-05T06:13:14.625911800Z,[DB]86_-_11_(Dual Audio_10bit_BD1080p_x265)_Track6.ass,86 Part 1,Temporada Única,86 (Eighty-Six),mistralai/mistral-nemo-instruct-2407,PARCIAL,272,257,0,197201,2
2026-08-05T12:01:01.546307Z,[DB]86 Part 2_-_01_(Dual Audio_10bit_BD1080p_x265)_Track6.ass,86 Part 1,Temporada Única,86 (Eighty-Six),mistralai/mistral-nemo-instruct-2407,CONCLUIDO,299,0,294,264,0
2026-08-05T12:01:01.760956100Z,[DB]86 Part 2_-_02_(Dual Audio_10bit_BD1080p_x265)_Track6.ass,86 Part 1,Temporada Única,86 (Eighty-Six),mistralai/mistral-nemo-instruct-2407,CONCLUIDO,337,0,332,199,0
2026-08-05T12:01:01.942323400Z,[DB]86 Part 2_-_03_(Dual Audio_10bit_BD1080p_x265)_Track6.ass,86 Part 1,Temporada Única,86 (Eighty-Six),mistralai/mistral-nemo-instruct-2407,CONCLUIDO,338,0,324,172,0
2026-08-05T12:01:03.646911700Z,[DB]86 Part 2_-_04_(Dual Audio_10bit_BD1080p_x265)_Track6.ass,86 Part 1,Temporada Única,86 (Eighty-Six),mistralai/mistral-nemo-instruct-2407,PARCIAL,343,0,335,1690,4
2026-08-05T12:01:03.802043100Z,[DB]86 Part 2_-_05_(Dual Audio_10bit_BD1080p_x265)_Track6.ass,86 Part 1,Temporada Única,86 (Eighty-Six),mistralai/mistral-nemo-instruct-2407,CONCLUIDO,247,0,242,146,0
2026-08-05T12:01:05.652700500Z,[DB]86 Part 2_-_06_(Dual Audio_10bit_BD1080p_x265)_Track6.ass,86 Part 1,Temporada Única,86 (Eighty-Six),mistralai/mistral-nemo-instruct-2407,CONCLUIDO,308,1,300,1841,0
2026-08-05T12:01:08.778297600Z,[DB]86 Part 2_-_07_(Dual Audio_10bit_BD1080p_x265)_Track6.ass,86 Part 1,Temporada Única,86 (Eighty-Six),mistralai/mistral-nemo-instruct-2407,PARCIAL,341,0,328,3110,1
2026-08-05T12:01:08.948781700Z,[DB]86 Part 2_-_08_(Dual Audio_10bit_BD1080p_x265)_Track6.ass,86 Part 1,Temporada Única,86 (Eighty-Six),mistralai/mistral-nemo-instruct-2407,CONCLUIDO,297,0,279,161,0
2026-08-05T12:01:11.006357Z,[DB]86 Part 2_-_09_(Dual Audio_10bit_BD1080p_x265)_Track6.ass,86 Part 1,Temporada Única,86 (Eighty-Six),mistralai/mistral-nemo-instruct-2407,CONCLUIDO,322,2,318,2048,0
2026-08-05T12:01:11.146377900Z,[DB]86 Part 2_-_10_(Dual Audio_10bit_BD1080p_x265)_Track6.ass,86 Part 1,Temporada Única,86 (Eighty-Six),mistralai/mistral-nemo-instruct-2407,CONCLUIDO,243,0,215,122,0
2026-08-05T12:01:11.360174Z,[DB]86 Part 2_-_11_(Dual Audio_10bit_BD1080p_x265)_Track6.ass,86 Part 1,Temporada Única,86 (Eighty-Six),mistralai/mistral-nemo-instruct-2407,CONCLUIDO,309,0,280,204,0
2026-08-05T12:01:11.492560900Z,[DB]86 Part 2_-_12_(Dual Audio_10bit_BD1080p_x265)_Track6.ass,86 Part 1,Temporada Única,86 (Eighty-Six),mistralai/mistral-nemo-instruct-2407,CONCLUIDO,297,0,278,122,0
2026-08-05T12:01:12.810948300Z,[DB]86_-_01_(Dual Audio_10bit_BD1080p_x265)_Track6.ass,86 Part 1,Temporada Única,86 (Eighty-Six),mistralai/mistral-nemo-instruct-2407,PARCIAL,313,0,307,1309,1
2026-08-05T12:01:20.310804800Z,[DB]86_-_02_(Dual Audio_10bit_BD1080p_x265)_Track6.ass,86 Part 1,Temporada Única,86 (Eighty-Six),mistralai/mistral-nemo-instruct-2407,PARCIAL,320,1,307,7489,2
2026-08-05T12:01:22.842378100Z,[DB]86_-_03_(Dual Audio_10bit_BD1080p_x265)_Track6.ass,86 Part 1,Temporada Única,86 (Eighty-Six),mistralai/mistral-nemo-instruct-2407,CONCLUIDO,420,1,402,2522,0
2026-08-05T12:01:23.028173400Z,[DB]86_-_04_(Dual Audio_10bit_BD1080p_x265)_Track6.ass,86 Part 1,Temporada Única,86 (Eighty-Six),mistralai/mistral-nemo-instruct-2407,CONCLUIDO,360,0,354,176,0
2026-08-05T12:01:27.824349400Z,[DB]86_-_05_(Dual Audio_10bit_BD1080p_x265)_Track6.ass,86 Part 1,Temporada Única,86 (Eighty-Six),mistralai/mistral-nemo-instruct-2407,PARCIAL,335,1,313,4787,1
2026-08-05T12:01:29.612435300Z,[DB]86_-_06_(Dual Audio_10bit_BD1080p_x265)_Track6.ass,86 Part 1,Temporada Única,86 (Eighty-Six),mistralai/mistral-nemo-instruct-2407,PARCIAL,360,0,350,1780,1
2026-08-05T12:01:29.776578100Z,[DB]86_-_07_(Dual Audio_10bit_BD1080p_x265)_Track6.ass,86 Part 1,Temporada Única,86 (Eighty-Six),mistralai/mistral-nemo-instruct-2407,CONCLUIDO,297,0,291,154,0
2026-08-05T12:01:34.126190900Z,[DB]86_-_08_(Dual Audio_10bit_BD1080p_x265)_Track6.ass,86 Part 1,Temporada Única,86 (Eighty-Six),mistralai/mistral-nemo-instruct-2407,CONCLUIDO,326,2,313,4341,0
2026-08-05T12:01:34.253359300Z,[DB]86_-_09_(Dual Audio_10bit_BD1080p_x265)_Track6.ass,86 Part 1,Temporada Única,86 (Eighty-Six),mistralai/mistral-nemo-instruct-2407,CONCLUIDO,288,0,275,117,0
2026-08-05T12:01:34.416288300Z,[DB]86_-_10_(Dual Audio_10bit_BD1080p_x265)_Track6.ass,86 Part 1,Temporada Única,86 (Eighty-Six),mistralai/mistral-nemo-instruct-2407,CONCLUIDO,283,0,276,152,0
2026-08-05T12:01:36.979675500Z,[DB]86_-_11_(Dual Audio_10bit_BD1080p_x265)_Track6.ass,86 Part 1,Temporada Única,86 (Eighty-Six),mistralai/mistral-nemo-instruct-2407,PARCIAL,272,0,257,2554,2
2026-08-06T03:49:32.170914500Z,[Lulu] Break Blade - 01 [BD 1080p Hi10 FLAC][Dual-Audio]_Track4.ass,[Lulu] Break Blade Movies [BD 1080p Hi10 FLAC][Dual-Audio],Temporada Única,Sem lore — tradução crua,mistralai/mistral-nemo-instruct-2407,CONCLUIDO,3,3,0,6479,0
2026-08-06T03:49:45.219434Z,[Lulu] Break Blade - 02 [BD 1080p Hi10 FLAC][Dual-Audio]_Track4.ass,[Lulu] Break Blade Movies [BD 1080p Hi10 FLAC][Dual-Audio],Temporada Única,Sem lore — tradução crua,mistralai/mistral-nemo-instruct-2407,CONCLUIDO,3,3,0,13035,0
2026-08-06T03:49:54.260050600Z,[Lulu] Break Blade - 03 [BD 1080p Hi10 FLAC][Dual-Audio]_Track4.ass,[Lulu] Break Blade Movies [BD 1080p Hi10 FLAC][Dual-Audio],Temporada Única,Sem lore — tradução crua,mistralai/mistral-nemo-instruct-2407,CONCLUIDO,3,3,0,9035,2
2026-08-06T03:49:59.628171900Z,[Lulu] Break Blade - 04 [BD 1080p Hi10 FLAC][Dual-Audio]_Track4.ass,[Lulu] Break Blade Movies [BD 1080p Hi10 FLAC][Dual-Audio],Temporada Única,Sem lore — tradução crua,mistralai/mistral-nemo-instruct-2407,CONCLUIDO,3,3,0,5362,1
2026-08-06T03:50:06.333343700Z,[Lulu] Break Blade - 05 [BD 1080p Hi10 FLAC][Dual-Audio]_Track4.ass,[Lulu] Break Blade Movies [BD 1080p Hi10 FLAC][Dual-Audio],Temporada Única,Sem lore — tradução crua,mistralai/mistral-nemo-instruct-2407,CONCLUIDO,3,3,0,6698,1
2026-08-06T03:50:10.179457100Z,[Lulu] Break Blade - 06 [BD 1080p Hi10 FLAC][Dual-Audio]_Track4.ass,[Lulu] Break Blade Movies [BD 1080p Hi10 FLAC][Dual-Audio],Temporada Única,Sem lore — tradução crua,mistralai/mistral-nemo-instruct-2407,CONCLUIDO,1,1,0,3837,1
2026-08-06T11:49:25.250642500Z,Mobile.Suit.Gundam.0080.War.in.the.Pocket.S01E01_Track2.ass,[Joseki] Mobile Suit Gundam 0080 War in the Pocket COMPLETE (1989)(BD AV1 1080p Opus)[Sub Eng],Temporada Única,Mobile Suit Gundam 0080: War in the Pocket,mistralai/mistral-nemo-instruct-2407,PARCIAL,236,220,0,243233,4
2026-08-06T11:53:27.687138Z,Mobile.Suit.Gundam.0080.War.in.the.Pocket.S01E02_Track2.ass,[Joseki] Mobile Suit Gundam 0080 War in the Pocket COMPLETE (1989)(BD AV1 1080p Opus)[Sub Eng],Temporada Única,Mobile Suit Gundam 0080: War in the Pocket,mistralai/mistral-nemo-instruct-2407,PARCIAL,240,232,0,242428,4
2026-08-06T11:58:25.621993500Z,Mobile.Suit.Gundam.0080.War.in.the.Pocket.S01E03_Track2.ass,[Joseki] Mobile Suit Gundam 0080 War in the Pocket COMPLETE (1989)(BD AV1 1080p Opus)[Sub Eng],Temporada Única,Mobile Suit Gundam 0080: War in the Pocket,mistralai/mistral-nemo-instruct-2407,CONCLUIDO,305,305,0,297926,2
2026-08-06T12:03:13.112174800Z,Mobile.Suit.Gundam.0080.War.in.the.Pocket.S01E04_Track2.ass,[Joseki] Mobile Suit Gundam 0080 War in the Pocket COMPLETE (1989)(BD AV1 1080p Opus)[Sub Eng],Temporada Única,Mobile Suit Gundam 0080: War in the Pocket,mistralai/mistral-nemo-instruct-2407,PARCIAL,278,275,0,287482,2
2026-08-06T12:08:29.492920100Z,Mobile.Suit.Gundam.0080.War.in.the.Pocket.S01E05_Track2.ass,[Joseki] Mobile Suit Gundam 0080 War in the Pocket COMPLETE (1989)(BD AV1 1080p Opus)[Sub Eng],Temporada Única,Mobile Suit Gundam 0080: War in the Pocket,mistralai/mistral-nemo-instruct-2407,CONCLUIDO,328,317,0,316374,1
2026-08-06T12:12:15.845334600Z,Mobile.Suit.Gundam.0080.War.in.the.Pocket.S01E06_Track2.ass,[Joseki] Mobile Suit Gundam 0080 War in the Pocket COMPLETE (1989)(BD AV1 1080p Opus)[Sub Eng],Temporada Única,Mobile Suit Gundam 0080: War in the Pocket,mistralai/mistral-nemo-instruct-2407,CONCLUIDO,237,232,0,226345,1
2026-08-06T19:59:44.629353900Z,[DB]86 Part 2_-_01_(Dual Audio_10bit_BD1080p_x265)_Track6.ass,86 Part 1,Temporada Única,86 (Eighty-Six),mistralai/mistral-nemo-instruct-2407,CONCLUIDO,299,0,294,248,0
2026-08-06T19:59:44.846605200Z,[DB]86 Part 2_-_02_(Dual Audio_10bit_BD1080p_x265)_Track6.ass,86 Part 1,Temporada Única,86 (Eighty-Six),mistralai/mistral-nemo-instruct-2407,CONCLUIDO,337,0,332,190,0
2026-08-06T19:59:45.031328400Z,[DB]86 Part 2_-_03_(Dual Audio_10bit_BD1080p_x265)_Track6.ass,86 Part 1,Temporada Única,86 (Eighty-Six),mistralai/mistral-nemo-instruct-2407,CONCLUIDO,338,0,324,177,0
2026-08-06T19:59:49.690456Z,[DB]86 Part 2_-_04_(Dual Audio_10bit_BD1080p_x265)_Track6.ass,86 Part 1,Temporada Única,86 (Eighty-Six),mistralai/mistral-nemo-instruct-2407,PARCIAL,343,2,335,4650,2
2026-08-06T19:59:49.892174Z,[DB]86 Part 2_-_05_(Dual Audio_10bit_BD1080p_x265)_Track6.ass,86 Part 1,Temporada Única,86 (Eighty-Six),mistralai/mistral-nemo-instruct-2407,CONCLUIDO,247,0,242,191,0
2026-08-06T19:59:52.272004100Z,[DB]86 Part 2_-_06_(Dual Audio_10bit_BD1080p_x265)_Track6.ass,86 Part 1,Temporada Única,86 (Eighty-Six),mistralai/mistral-nemo-instruct-2407,CONCLUIDO,308,1,300,2374,0
2026-08-06T19:59:54.506812900Z,[DB]86 Part 2_-_07_(Dual Audio_10bit_BD1080p_x265)_Track6.ass,86 Part 1,Temporada Única,86 (Eighty-Six),mistralai/mistral-nemo-instruct-2407,PARCIAL,341,0,328,2223,1
2026-08-06T19:59:54.704156900Z,[DB]86 Part 2_-_08_(Dual Audio_10bit_BD1080p_x265)_Track6.ass,86 Part 1,Temporada Única,86 (Eighty-Six),mistralai/mistral-nemo-instruct-2407,CONCLUIDO,297,0,279,188,0
2026-08-06T19:59:54.968426800Z,[DB]86 Part 2_-_09_(Dual Audio_10bit_BD1080p_x265)_Track6.ass,86 Part 1,Temporada Única,86 (Eighty-Six),mistralai/mistral-nemo-instruct-2407,CONCLUIDO,322,0,320,256,0
2026-08-06T19:59:55.122305500Z,[DB]86 Part 2_-_10_(Dual Audio_10bit_BD1080p_x265)_Track6.ass,86 Part 1,Temporada Única,86 (Eighty-Six),mistralai/mistral-nemo-instruct-2407,CONCLUIDO,243,0,215,148,0
2026-08-06T19:59:55.319670900Z,[DB]86 Part 2_-_11_(Dual Audio_10bit_BD1080p_x265)_Track6.ass,86 Part 1,Temporada Única,86 (Eighty-Six),mistralai/mistral-nemo-instruct-2407,CONCLUIDO,309,0,280,191,0
2026-08-06T19:59:55.487071100Z,[DB]86 Part 2_-_12_(Dual Audio_10bit_BD1080p_x265)_Track6.ass,86 Part 1,Temporada Única,86 (Eighty-Six),mistralai/mistral-nemo-instruct-2407,CONCLUIDO,297,0,278,160,0
2026-08-06T19:59:56.779874300Z,[DB]86_-_01_(Dual Audio_10bit_BD1080p_x265)_Track6.ass,86 Part 1,Temporada Única,86 (Eighty-Six),mistralai/mistral-nemo-instruct-2407,PARCIAL,313,0,307,1284,1
2026-08-06T20:00:00.104133800Z,[DB]86_-_02_(Dual Audio_10bit_BD1080p_x265)_Track6.ass,86 Part 1,Temporada Única,86 (Eighty-Six),mistralai/mistral-nemo-instruct-2407,PARCIAL,320,0,308,3312,2
2026-08-06T20:00:00.318414100Z,[DB]86_-_03_(Dual Audio_10bit_BD1080p_x265)_Track6.ass,86 Part 1,Temporada Única,86 (Eighty-Six),mistralai/mistral-nemo-instruct-2407,CONCLUIDO,420,0,403,206,0
2026-08-06T20:00:00.516003600Z,[DB]86_-_04_(Dual Audio_10bit_BD1080p_x265)_Track6.ass,86 Part 1,Temporada Única,86 (Eighty-Six),mistralai/mistral-nemo-instruct-2407,CONCLUIDO,360,0,354,190,0
2026-08-06T20:00:01.132207300Z,[DB]86_-_05_(Dual Audio_10bit_BD1080p_x265)_Track6.ass,86 Part 1,Temporada Única,86 (Eighty-Six),mistralai/mistral-nemo-instruct-2407,CONCLUIDO,335,1,314,609,0
2026-08-06T20:00:02.952032700Z,[DB]86_-_06_(Dual Audio_10bit_BD1080p_x265)_Track6.ass,86 Part 1,Temporada Única,86 (Eighty-Six),mistralai/mistral-nemo-instruct-2407,PARCIAL,360,0,350,1806,1
2026-08-06T20:00:03.137436400Z,[DB]86_-_07_(Dual Audio_10bit_BD1080p_x265)_Track6.ass,86 Part 1,Temporada Única,86 (Eighty-Six),mistralai/mistral-nemo-instruct-2407,CONCLUIDO,297,0,291,177,0
2026-08-06T20:00:07.571329Z,[DB]86_-_08_(Dual Audio_10bit_BD1080p_x265)_Track6.ass,86 Part 1,Temporada Única,86 (Eighty-Six),mistralai/mistral-nemo-instruct-2407,CONCLUIDO,326,2,313,4427,0
2026-08-06T20:00:07.727846700Z,[DB]86_-_09_(Dual Audio_10bit_BD1080p_x265)_Track6.ass,86 Part 1,Temporada Única,86 (Eighty-Six),mistralai/mistral-nemo-instruct-2407,CONCLUIDO,288,0,275,145,0
2026-08-06T20:00:07.899459500Z,[DB]86_-_10_(Dual Audio_10bit_BD1080p_x265)_Track6.ass,86 Part 1,Temporada Única,86 (Eighty-Six),mistralai/mistral-nemo-instruct-2407,CONCLUIDO,283,0,276,165,0
2026-08-06T20:00:10.376711600Z,[DB]86_-_11_(Dual Audio_10bit_BD1080p_x265)_Track6.ass,86 Part 1,Temporada Única,86 (Eighty-Six),mistralai/mistral-nemo-instruct-2407,PARCIAL,272,0,257,2468,2
2026-08-06T20:58:25.542455800Z,[DB]86 Part 2_-_01_(Dual Audio_10bit_BD1080p_x265)_Track6.ass,86 Part 1,Temporada Única,86 (Eighty-Six),mistralai/mistral-nemo-instruct-2407,CONCLUIDO,299,0,294,250,0
2026-08-06T20:58:25.769206200Z,[DB]86 Part 2_-_02_(Dual Audio_10bit_BD1080p_x265)_Track6.ass,86 Part 1,Temporada Única,86 (Eighty-Six),mistralai/mistral-nemo-instruct-2407,CONCLUIDO,337,0,332,213,0
2026-08-06T20:58:25.999472600Z,[DB]86 Part 2_-_03_(Dual Audio_10bit_BD1080p_x265)_Track6.ass,86 Part 1,Temporada Única,86 (Eighty-Six),mistralai/mistral-nemo-instruct-2407,CONCLUIDO,338,0,324,218,0
2026-08-06T20:58:27.203103800Z,[DB]86 Part 2_-_04_(Dual Audio_10bit_BD1080p_x265)_Track6.ass,86 Part 1,Temporada Única,86 (Eighty-Six),mistralai/mistral-nemo-instruct-2407,PARCIAL,343,0,337,1193,2
2026-08-06T20:58:27.387276900Z,[DB]86 Part 2_-_05_(Dual Audio_10bit_BD1080p_x265)_Track6.ass,86 Part 1,Temporada Única,86 (Eighty-Six),mistralai/mistral-nemo-instruct-2407,CONCLUIDO,247,0,242,170,0
2026-08-06T20:58:29.637006300Z,[DB]86 Part 2_-_06_(Dual Audio_10bit_BD1080p_x265)_Track6.ass,86 Part 1,Temporada Única,86 (Eighty-Six),mistralai/mistral-nemo-instruct-2407,CONCLUIDO,308,1,300,2239,0
2026-08-06T20:58:32.000452200Z,[DB]86 Part 2_-_07_(Dual Audio_10bit_BD1080p_x265)_Track6.ass,86 Part 1,Temporada Única,86 (Eighty-Six),mistralai/mistral-nemo-instruct-2407,PARCIAL,341,0,328,2349,1
2026-08-06T20:58:32.238474600Z,[DB]86 Part 2_-_08_(Dual Audio_10bit_BD1080p_x265)_Track6.ass,86 Part 1,Temporada Única,86 (Eighty-Six),mistralai/mistral-nemo-instruct-2407,CONCLUIDO,297,0,279,227,0
2026-08-06T20:58:32.457835600Z,[DB]86 Part 2_-_09_(Dual Audio_10bit_BD1080p_x265)_Track6.ass,86 Part 1,Temporada Única,86 (Eighty-Six),mistralai/mistral-nemo-instruct-2407,CONCLUIDO,322,0,320,208,0
2026-08-06T20:58:32.595161700Z,[DB]86 Part 2_-_10_(Dual Audio_10bit_BD1080p_x265)_Track6.ass,86 Part 1,Temporada Única,86 (Eighty-Six),mistralai/mistral-nemo-instruct-2407,CONCLUIDO,243,0,215,130,0
2026-08-06T20:58:32.780325200Z,[DB]86 Part 2_-_11_(Dual Audio_10bit_BD1080p_x265)_Track6.ass,86 Part 1,Temporada Única,86 (Eighty-Six),mistralai/mistral-nemo-instruct-2407,CONCLUIDO,309,0,280,177,0
2026-08-06T20:58:32.917836900Z,[DB]86 Part 2_-_12_(Dual Audio_10bit_BD1080p_x265)_Track6.ass,86 Part 1,Temporada Única,86 (Eighty-Six),mistralai/mistral-nemo-instruct-2407,CONCLUIDO,297,0,278,128,0
2026-08-06T20:58:34.416343600Z,[DB]86_-_01_(Dual Audio_10bit_BD1080p_x265)_Track6.ass,86 Part 1,Temporada Única,86 (Eighty-Six),mistralai/mistral-nemo-instruct-2407,PARCIAL,313,0,307,1492,1
2026-08-06T20:58:38.515019800Z,[DB]86_-_02_(Dual Audio_10bit_BD1080p_x265)_Track6.ass,86 Part 1,Temporada Única,86 (Eighty-Six),mistralai/mistral-nemo-instruct-2407,PARCIAL,320,0,308,4086,2
2026-08-06T20:58:38.765447900Z,[DB]86_-_03_(Dual Audio_10bit_BD1080p_x265)_Track6.ass,86 Part 1,Temporada Única,86 (Eighty-Six),mistralai/mistral-nemo-instruct-2407,CONCLUIDO,420,0,403,243,0
2026-08-06T20:58:39.011245Z,[DB]86_-_04_(Dual Audio_10bit_BD1080p_x265)_Track6.ass,86 Part 1,Temporada Única,86 (Eighty-Six),mistralai/mistral-nemo-instruct-2407,CONCLUIDO,360,0,354,239,0
2026-08-06T20:58:39.175079700Z,[DB]86_-_05_(Dual Audio_10bit_BD1080p_x265)_Track6.ass,86 Part 1,Temporada Única,86 (Eighty-Six),mistralai/mistral-nemo-instruct-2407,CONCLUIDO,335,0,315,157,0
2026-08-06T20:58:41.144892600Z,[DB]86_-_06_(Dual Audio_10bit_BD1080p_x265)_Track6.ass,86 Part 1,Temporada Única,86 (Eighty-Six),mistralai/mistral-nemo-instruct-2407,PARCIAL,360,0,350,1963,1
2026-08-06T20:58:41.323204200Z,[DB]86_-_07_(Dual Audio_10bit_BD1080p_x265)_Track6.ass,86 Part 1,Temporada Única,86 (Eighty-Six),mistralai/mistral-nemo-instruct-2407,CONCLUIDO,297,0,291,168,0
2026-08-06T20:58:46.482241900Z,[DB]86_-_08_(Dual Audio_10bit_BD1080p_x265)_Track6.ass,86 Part 1,Temporada Única,86 (Eighty-Six),mistralai/mistral-nemo-instruct-2407,CONCLUIDO,326,2,313,5153,0
2026-08-06T20:58:46.635374100Z,[DB]86_-_09_(Dual Audio_10bit_BD1080p_x265)_Track6.ass,86 Part 1,Temporada Única,86 (Eighty-Six),mistralai/mistral-nemo-instruct-2407,CONCLUIDO,288,0,275,144,0
2026-08-06T20:58:46.787975200Z,[DB]86_-_10_(Dual Audio_10bit_BD1080p_x265)_Track6.ass,86 Part 1,Temporada Única,86 (Eighty-Six),mistralai/mistral-nemo-instruct-2407,CONCLUIDO,283,0,276,142,0
2026-08-06T20:58:49.856846800Z,[DB]86_-_11_(Dual Audio_10bit_BD1080p_x265)_Track6.ass,86 Part 1,Temporada Única,86 (Eighty-Six),mistralai/mistral-nemo-instruct-2407,PARCIAL,272,0,257,3060,2
2026-08-06T21:11:15.742601100Z,[DB]86 Part 2_-_01_(Dual Audio_10bit_BD1080p_x265)_Track6.ass,86 Part 1,Temporada Única,86 (Eighty-Six),mistralai/mistral-nemo-instruct-2407,CONCLUIDO,299,294,0,336441,1
2026-08-06T21:35:13.799471900Z,[DB]86 Part 2_-_01_(Dual Audio_10bit_BD1080p_x265)_Track6.ass,86 Part 1,Temporada Única,86 (Eighty-Six),mistralai/mistral-nemo-instruct-2407,CONCLUIDO,299,0,294,211,0
2026-08-06T21:35:15.792746500Z,[DB]86 Part 2_-_02_(Dual Audio_10bit_BD1080p_x265)_Track6.ass,86 Part 1,Temporada Única,86 (Eighty-Six),mistralai/mistral-nemo-instruct-2407,CONCLUIDO,337,2,330,1979,0
2026-08-06T21:35:17.142941900Z,[DB]86 Part 2_-_03_(Dual Audio_10bit_BD1080p_x265)_Track6.ass,86 Part 1,Temporada Única,86 (Eighty-Six),mistralai/mistral-nemo-instruct-2407,CONCLUIDO,338,2,322,1334,0
2026-08-06T21:35:18.220829600Z,[DB]86 Part 2_-_04_(Dual Audio_10bit_BD1080p_x265)_Track6.ass,86 Part 1,Temporada Única,86 (Eighty-Six),mistralai/mistral-nemo-instruct-2407,PARCIAL,343,0,337,1065,2
2026-08-06T21:35:18.442856700Z,[DB]86 Part 2_-_05_(Dual Audio_10bit_BD1080p_x265)_Track6.ass,86 Part 1,Temporada Única,86 (Eighty-Six),mistralai/mistral-nemo-instruct-2407,CONCLUIDO,247,0,242,210,0
2026-08-06T21:35:22.725253800Z,[DB]86 Part 2_-_06_(Dual Audio_10bit_BD1080p_x265)_Track6.ass,86 Part 1,Temporada Única,86 (Eighty-Six),mistralai/mistral-nemo-instruct-2407,CONCLUIDO,308,3,298,4275,0
2026-08-06T21:35:26.144066Z,[DB]86 Part 2_-_07_(Dual Audio_10bit_BD1080p_x265)_Track6.ass,86 Part 1,Temporada Única,86 (Eighty-Six),mistralai/mistral-nemo-instruct-2407,CONCLUIDO,341,3,326,3413,0
2026-08-06T21:35:26.380679600Z,[DB]86 Part 2_-_08_(Dual Audio_10bit_BD1080p_x265)_Track6.ass,86 Part 1,Temporada Única,86 (Eighty-Six),mistralai/mistral-nemo-instruct-2407,CONCLUIDO,297,0,279,228,0
2026-08-06T21:35:26.605999400Z,[DB]86 Part 2_-_09_(Dual Audio_10bit_BD1080p_x265)_Track6.ass,86 Part 1,Temporada Única,86 (Eighty-Six),mistralai/mistral-nemo-instruct-2407,CONCLUIDO,322,0,320,217,0
2026-08-06T21:35:26.782475100Z,[DB]86 Part 2_-_10_(Dual Audio_10bit_BD1080p_x265)_Track6.ass,86 Part 1,Temporada Única,86 (Eighty-Six),mistralai/mistral-nemo-instruct-2407,CONCLUIDO,243,0,215,168,0
2026-08-06T21:35:26.961586100Z,[DB]86 Part 2_-_11_(Dual Audio_10bit_BD1080p_x265)_Track6.ass,86 Part 1,Temporada Única,86 (Eighty-Six),mistralai/mistral-nemo-instruct-2407,CONCLUIDO,309,0,280,173,0
2026-08-06T21:35:28.511943Z,[DB]86 Part 2_-_12_(Dual Audio_10bit_BD1080p_x265)_Track6.ass,86 Part 1,Temporada Única,86 (Eighty-Six),mistralai/mistral-nemo-instruct-2407,CONCLUIDO,297,2,276,1542,0
2026-08-06T21:35:30.073450200Z,[DB]86_-_01_(Dual Audio_10bit_BD1080p_x265)_Track6.ass,86 Part 1,Temporada Única,86 (Eighty-Six),mistralai/mistral-nemo-instruct-2407,PARCIAL,313,0,307,1548,1
2026-08-06T21:41:24.244682900Z,[DB]86 Part 2_-_01_(Dual Audio_10bit_BD1080p_x265)_Track6.ass,86 Part 1,Temporada Única,86 (Eighty-Six),mistralai/mistral-nemo-instruct-2407,CONCLUIDO,299,294,0,333339,2
2026-08-06T21:46:45.588405Z,[DB]86 Part 2_-_02_(Dual Audio_10bit_BD1080p_x265)_Track6.ass,86 Part 1,Temporada Única,86 (Eighty-Six),mistralai/mistral-nemo-instruct-2407,CONCLUIDO,337,332,0,321335,1
2026-08-06T21:51:46.752133800Z,[DB]86 Part 2_-_03_(Dual Audio_10bit_BD1080p_x265)_Track6.ass,86 Part 1,Temporada Única,86 (Eighty-Six),mistralai/mistral-nemo-instruct-2407,PARCIAL,338,322,0,301156,2
2026-08-06T21:57:50.190577700Z,[DB]86 Part 2_-_04_(Dual Audio_10bit_BD1080p_x265)_Track6.ass,86 Part 1,Temporada Única,86 (Eighty-Six),mistralai/mistral-nemo-instruct-2407,PARCIAL,343,333,0,363431,7
2026-08-06T22:02:14.239320100Z,[DB]86 Part 2_-_05_(Dual Audio_10bit_BD1080p_x265)_Track6.ass,86 Part 1,Temporada Única,86 (Eighty-Six),mistralai/mistral-nemo-instruct-2407,CONCLUIDO,247,242,0,264041,0
2026-08-06T22:07:49.480624200Z,[DB]86 Part 2_-_06_(Dual Audio_10bit_BD1080p_x265)_Track6.ass,86 Part 1,Temporada Única,86 (Eighty-Six),mistralai/mistral-nemo-instruct-2407,PARCIAL,308,300,0,335232,3
2026-08-06T22:13:53.511503300Z,[DB]86 Part 2_-_07_(Dual Audio_10bit_BD1080p_x265)_Track6.ass,86 Part 1,Temporada Única,86 (Eighty-Six),mistralai/mistral-nemo-instruct-2407,CONCLUIDO,341,329,0,364025,2
2026-08-06T22:19:03.718495300Z,[DB]86 Part 2_-_08_(Dual Audio_10bit_BD1080p_x265)_Track6.ass,86 Part 1,Temporada Única,86 (Eighty-Six),mistralai/mistral-nemo-instruct-2407,CONCLUIDO,297,279,0,310199,6
2026-08-06T22:25:05.630808600Z,[DB]86 Part 2_-_09_(Dual Audio_10bit_BD1080p_x265)_Track6.ass,86 Part 1,Temporada Única,86 (Eighty-Six),mistralai/mistral-nemo-instruct-2407,CONCLUIDO,322,320,0,361903,0
2026-08-06T22:28:18.113678400Z,[DB]86 Part 2_-_10_(Dual Audio_10bit_BD1080p_x265)_Track6.ass,86 Part 1,Temporada Única,86 (Eighty-Six),mistralai/mistral-nemo-instruct-2407,CONCLUIDO,243,215,0,192474,2
2026-08-06T22:32:39.284301500Z,[DB]86 Part 2_-_11_(Dual Audio_10bit_BD1080p_x265)_Track6.ass,86 Part 1,Temporada Única,86 (Eighty-Six),mistralai/mistral-nemo-instruct-2407,CONCLUIDO,309,280,0,261165,0
2026-08-06T22:37:40.440501500Z,[DB]86 Part 2_-_12_(Dual Audio_10bit_BD1080p_x265)_Track6.ass,86 Part 1,Temporada Única,86 (Eighty-Six),mistralai/mistral-nemo-instruct-2407,PARCIAL,297,275,0,301149,6
2026-08-06T22:43:09.092134500Z,[DB]86_-_01_(Dual Audio_10bit_BD1080p_x265)_Track6.ass,86 Part 1,Temporada Única,86 (Eighty-Six),mistralai/mistral-nemo-instruct-2407,PARCIAL,313,307,0,328643,2
2026-08-06T22:49:05.325699400Z,[DB]86_-_02_(Dual Audio_10bit_BD1080p_x265)_Track6.ass,86 Part 1,Temporada Única,86 (Eighty-Six),mistralai/mistral-nemo-instruct-2407,PARCIAL,320,308,0,356226,3
2026-08-06T22:56:09.697376200Z,[DB]86_-_03_(Dual Audio_10bit_BD1080p_x265)_Track6.ass,86 Part 1,Temporada Única,86 (Eighty-Six),mistralai/mistral-nemo-instruct-2407,CONCLUIDO,420,403,0,424364,4
2026-08-06T23:02:24.963126900Z,[DB]86_-_04_(Dual Audio_10bit_BD1080p_x265)_Track6.ass,86 Part 1,Temporada Única,86 (Eighty-Six),mistralai/mistral-nemo-instruct-2407,CONCLUIDO,360,354,0,375260,1
2026-08-06T23:07:46.663848700Z,[DB]86_-_05_(Dual Audio_10bit_BD1080p_x265)_Track6.ass,86 Part 1,Temporada Única,86 (Eighty-Six),mistralai/mistral-nemo-instruct-2407,CONCLUIDO,335,315,0,321692,2
2026-08-06T23:13:31.113826Z,[DB]86_-_06_(Dual Audio_10bit_BD1080p_x265)_Track6.ass,86 Part 1,Temporada Única,86 (Eighty-Six),mistralai/mistral-nemo-instruct-2407,PARCIAL,360,350,0,344443,3
2026-08-06T23:18:56.233259100Z,[DB]86_-_07_(Dual Audio_10bit_BD1080p_x265)_Track6.ass,86 Part 1,Temporada Única,86 (Eighty-Six),mistralai/mistral-nemo-instruct-2407,CONCLUIDO,297,291,0,325111,0
2026-08-06T23:24:29.067890200Z,[DB]86_-_08_(Dual Audio_10bit_BD1080p_x265)_Track6.ass,86 Part 1,Temporada Única,86 (Eighty-Six),mistralai/mistral-nemo-instruct-2407,CONCLUIDO,326,315,0,332826,1
2026-08-06T23:28:44.846589600Z,[DB]86_-_09_(Dual Audio_10bit_BD1080p_x265)_Track6.ass,86 Part 1,Temporada Única,86 (Eighty-Six),mistralai/mistral-nemo-instruct-2407,CONCLUIDO,288,275,0,255772,2
2026-08-06T23:33:17.190609900Z,[DB]86_-_10_(Dual Audio_10bit_BD1080p_x265)_Track6.ass,86 Part 1,Temporada Única,86 (Eighty-Six),mistralai/mistral-nemo-instruct-2407,CONCLUIDO,283,276,0,272337,0
2026-08-06T23:37:18.772103600Z,[DB]86_-_11_(Dual Audio_10bit_BD1080p_x265)_Track6.ass,86 Part 1,Temporada Única,86 (Eighty-Six),mistralai/mistral-nemo-instruct-2407,PARCIAL,272,257,0,241574,2
2026-08-07T02:19:47.189496588Z,Mobile Suit Gundam Unicorn Re0096 (2016) - S01E18 - Fateful Battle_Track4.ass,Season 1,Temporada 1,Mobile Suit Gundam Unicorn,mistralai/mistral-nemo-instruct-2407,CONCLUIDO,201,200,0,314650,0
2026-08-07T02:43:20.804922600Z,[Sokudo] DanMachi - S00E01 Dungeon ni Deai wo Motomeru no wa Machigatteiru Darou ka - OVA [1080p BD][AV1][dual audio]_Track3.ass,[Sokudo] DanMachi,Temporada Única,DanMachi (Geral),mistralai/mistral-nemo-instruct-2407,PARCIAL,412,396,0,452769,15
2026-08-07T03:02:41.510563500Z,[Sokudo] DanMachi - S00E02 Arrow of the Orion [1080p BD][AV1][dual audio]_Track3.ass,[Sokudo] DanMachi,Temporada Única,DanMachi (Geral),mistralai/mistral-nemo-instruct-2407,PARCIAL,1113,1042,0,1160692,27
2026-08-07T03:10:55.964834Z,[Sokudo] DanMachi - S00E04 OVA [1080p BD][AV1][dual audio]_Track3.ass,[Sokudo] DanMachi,Temporada Única,DanMachi (Geral),mistralai/mistral-nemo-instruct-2407,PARCIAL,471,437,0,494440,14
2026-08-07T03:22:12.999699Z,Mobile Suit Gundam 0083 - Stardust Memory - S01E01_Track3.ass,[Joseki] Mobile Suit Gundam 0083 Stardust Memory COMPLETE (1991)(BD AV1 1080p Opus)[Sub Eng],Temporada Única,Mobile Suit Gundam 0083: Stardust Memory,mistralai/mistral-nemo-instruct-2407,CONCLUIDO,341,330,0,318752,1
2026-08-07T03:22:28.813683900Z,Mobile Suit Gundam 0083 - Stardust Memory - S01E02_5_Track3.ass,[Joseki] Mobile Suit Gundam 0083 Stardust Memory COMPLETE (1991)(BD AV1 1080p Opus)[Sub Eng],Temporada Única,Mobile Suit Gundam 0083: Stardust Memory,mistralai/mistral-nemo-instruct-2407,CONCLUIDO,23,20,0,15803,0
2026-08-07T03:27:24.216302100Z,Mobile Suit Gundam 0083 - Stardust Memory - S01E02_Track3.ass,[Joseki] Mobile Suit Gundam 0083 Stardust Memory COMPLETE (1991)(BD AV1 1080p Opus)[Sub Eng],Temporada Única,Mobile Suit Gundam 0083: Stardust Memory,mistralai/mistral-nemo-instruct-2407,CONCLUIDO,340,329,0,295388,3
2026-08-07T03:29:01.217998900Z,Mobile Suit Gundam 0083 - Stardust Memory - S01E03-5_Track2.ass,[Joseki] Mobile Suit Gundam 0083 Stardust Memory COMPLETE (1991)(BD AV1 1080p Opus)[Sub Eng],Temporada Única,Mobile Suit Gundam 0083: Stardust Memory,mistralai/mistral-nemo-instruct-2407,CONCLUIDO,78,78,0,96994,3
2026-08-07T03:33:18.410915800Z,Mobile Suit Gundam 0083 - Stardust Memory - S01E03_Track3.ass,[Joseki] Mobile Suit Gundam 0083 Stardust Memory COMPLETE (1991)(BD AV1 1080p Opus)[Sub Eng],Temporada Única,Mobile Suit Gundam 0083: Stardust Memory,mistralai/mistral-nemo-instruct-2407,CONCLUIDO,311,301,0,257165,2
2026-08-07T03:38:27.606725700Z,Mobile Suit Gundam 0083 - Stardust Memory - S01E04_Track3.ass,[Joseki] Mobile Suit Gundam 0083 Stardust Memory COMPLETE (1991)(BD AV1 1080p Opus)[Sub Eng],Temporada Única,Mobile Suit Gundam 0083: Stardust Memory,mistralai/mistral-nemo-instruct-2407,PARCIAL,352,339,0,309188,2
2026-08-07T03:44:01.501687200Z,Mobile Suit Gundam 0083 - Stardust Memory - S01E05_Track3.ass,[Joseki] Mobile Suit Gundam 0083 Stardust Memory COMPLETE (1991)(BD AV1 1080p Opus)[Sub Eng],Temporada Única,Mobile Suit Gundam 0083: Stardust Memory,mistralai/mistral-nemo-instruct-2407,CONCLUIDO,372,365,0,333877,1
2026-08-07T03:48:05.981359200Z,Mobile Suit Gundam 0083 - Stardust Memory - S01E06_Track3.ass,[Joseki] Mobile Suit Gundam 0083 Stardust Memory COMPLETE (1991)(BD AV1 1080p Opus)[Sub Eng],Temporada Única,Mobile Suit Gundam 0083: Stardust Memory,mistralai/mistral-nemo-instruct-2407,PARCIAL,285,281,0,244470,1
2026-08-07T03:52:41.524878900Z,Mobile Suit Gundam 0083 - Stardust Memory - S01E07_Track3.ass,[Joseki] Mobile Suit Gundam 0083 Stardust Memory COMPLETE (1991)(BD AV1 1080p Opus)[Sub Eng],Temporada Única,Mobile Suit Gundam 0083: Stardust Memory,mistralai/mistral-nemo-instruct-2407,PARCIAL,323,313,0,275531,4
2026-08-07T03:57:37.398554800Z,Mobile Suit Gundam 0083 - Stardust Memory - S01E08_Track3.ass,[Joseki] Mobile Suit Gundam 0083 Stardust Memory COMPLETE (1991)(BD AV1 1080p Opus)[Sub Eng],Temporada Única,Mobile Suit Gundam 0083: Stardust Memory,mistralai/mistral-nemo-instruct-2407,CONCLUIDO,367,359,0,295866,2
2026-08-07T04:02:01.685472800Z,Mobile Suit Gundam 0083 - Stardust Memory - S01E09_Track3.ass,[Joseki] Mobile Suit Gundam 0083 Stardust Memory COMPLETE (1991)(BD AV1 1080p Opus)[Sub Eng],Temporada Única,Mobile Suit Gundam 0083: Stardust Memory,mistralai/mistral-nemo-instruct-2407,CONCLUIDO,280,276,0,264274,2
2026-08-07T04:05:37.837427Z,Mobile Suit Gundam 0083 - Stardust Memory - S01E10_Track3.ass,[Joseki] Mobile Suit Gundam 0083 Stardust Memory COMPLETE (1991)(BD AV1 1080p Opus)[Sub Eng],Temporada Única,Mobile Suit Gundam 0083: Stardust Memory,mistralai/mistral-nemo-instruct-2407,CONCLUIDO,242,238,0,216140,1
2026-08-07T04:10:17.823755200Z,Mobile Suit Gundam 0083 - Stardust Memory - S01E11_Track3.ass,[Joseki] Mobile Suit Gundam 0083 Stardust Memory COMPLETE (1991)(BD AV1 1080p Opus)[Sub Eng],Temporada Única,Mobile Suit Gundam 0083: Stardust Memory,mistralai/mistral-nemo-instruct-2407,CONCLUIDO,301,297,0,279977,3
2026-08-07T04:13:43.729745500Z,Mobile Suit Gundam 0083 - Stardust Memory - S01E12_Track3.ass,[Joseki] Mobile Suit Gundam 0083 Stardust Memory COMPLETE (1991)(BD AV1 1080p Opus)[Sub Eng],Temporada Única,Mobile Suit Gundam 0083: Stardust Memory,mistralai/mistral-nemo-instruct-2407,CONCLUIDO,229,227,0,205898,0
2026-08-07T04:16:38.423950700Z,Mobile Suit Gundam 0083 - Stardust Memory - S01E13_Track3.ass,[Joseki] Mobile Suit Gundam 0083 Stardust Memory COMPLETE (1991)(BD AV1 1080p Opus)[Sub Eng],Temporada Única,Mobile Suit Gundam 0083: Stardust Memory,mistralai/mistral-nemo-instruct-2407,CONCLUIDO,217,209,0,174682,1
2026-08-07T05:57:50.748570800Z,Mobile.Suit.Gundam.The.08th.MS.Team.S00E02_Track2.ass,[Joseki] Mobile Suit Gundam The 08th MS Team COMPLETE (1996)(BD AV1 1080p Opus)[Sub Eng],Temporada Única,Mobile Suit Gundam: The 08th MS Team,mistralai/mistral-nemo-instruct-2407,CONCLUIDO,73,70,0,56256,0
2026-08-07T06:01:39.890289Z,Mobile.Suit.Gundam.The.08th.MS.Team.S01E01_Track3.ass,[Joseki] Mobile Suit Gundam The 08th MS Team COMPLETE (1996)(BD AV1 1080p Opus)[Sub Eng],Temporada Única,Mobile Suit Gundam: The 08th MS Team,mistralai/mistral-nemo-instruct-2407,CONCLUIDO,286,282,0,229128,1
2026-08-07T06:05:38.849204200Z,Mobile.Suit.Gundam.The.08th.MS.Team.S01E02_Track3.ass,[Joseki] Mobile Suit Gundam The 08th MS Team COMPLETE (1996)(BD AV1 1080p Opus)[Sub Eng],Temporada Única,Mobile Suit Gundam: The 08th MS Team,mistralai/mistral-nemo-instruct-2407,CONCLUIDO,267,264,0,238948,0
2026-08-07T06:10:34.067755300Z,Mobile.Suit.Gundam.The.08th.MS.Team.S01E03_Track3.ass,[Joseki] Mobile Suit Gundam The 08th MS Team COMPLETE (1996)(BD AV1 1080p Opus)[Sub Eng],Temporada Única,Mobile Suit Gundam: The 08th MS Team,mistralai/mistral-nemo-instruct-2407,PARCIAL,342,335,0,295211,3
2026-08-07T06:15:26.073969200Z,Mobile.Suit.Gundam.The.08th.MS.Team.S01E04_Track3.ass,[Joseki] Mobile Suit Gundam The 08th MS Team COMPLETE (1996)(BD AV1 1080p Opus)[Sub Eng],Temporada Única,Mobile Suit Gundam: The 08th MS Team,mistralai/mistral-nemo-instruct-2407,CONCLUIDO,334,328,0,291998,1
2026-08-07T06:20:20.169391Z,Mobile.Suit.Gundam.The.08th.MS.Team.S01E05_Track3.ass,[Joseki] Mobile Suit Gundam The 08th MS Team COMPLETE (1996)(BD AV1 1080p Opus)[Sub Eng],Temporada Única,Mobile Suit Gundam: The 08th MS Team,mistralai/mistral-nemo-instruct-2407,CONCLUIDO,378,363,0,294086,1
2026-08-07T06:24:36.516631500Z,Mobile.Suit.Gundam.The.08th.MS.Team.S01E06_Track3.ass,[Joseki] Mobile Suit Gundam The 08th MS Team COMPLETE (1996)(BD AV1 1080p Opus)[Sub Eng],Temporada Única,Mobile Suit Gundam: The 08th MS Team,mistralai/mistral-nemo-instruct-2407,PARCIAL,304,295,0,256340,5
2026-08-07T06:27:19.461278400Z,Mobile.Suit.Gundam.The.08th.MS.Team.S01E07_Track3.ass,[Joseki] Mobile Suit Gundam The 08th MS Team COMPLETE (1996)(BD AV1 1080p Opus)[Sub Eng],Temporada Única,Mobile Suit Gundam: The 08th MS Team,mistralai/mistral-nemo-instruct-2407,CONCLUIDO,208,203,0,162936,0
2026-08-07T06:31:42.541926100Z,Mobile.Suit.Gundam.The.08th.MS.Team.S01E08_Track3.ass,[Joseki] Mobile Suit Gundam The 08th MS Team COMPLETE (1996)(BD AV1 1080p Opus)[Sub Eng],Temporada Única,Mobile Suit Gundam: The 08th MS Team,mistralai/mistral-nemo-instruct-2407,PARCIAL,301,300,0,263071,1
2026-08-07T06:36:21.031023800Z,Mobile.Suit.Gundam.The.08th.MS.Team.S01E09_Track3.ass,[Joseki] Mobile Suit Gundam The 08th MS Team COMPLETE (1996)(BD AV1 1080p Opus)[Sub Eng],Temporada Única,Mobile Suit Gundam: The 08th MS Team,mistralai/mistral-nemo-instruct-2407,PARCIAL,321,316,0,278480,5
2026-08-07T06:40:25.672597600Z,Mobile.Suit.Gundam.The.08th.MS.Team.S01E10_Track3.ass,[Joseki] Mobile Suit Gundam The 08th MS Team COMPLETE (1996)(BD AV1 1080p Opus)[Sub Eng],Temporada Única,Mobile Suit Gundam: The 08th MS Team,mistralai/mistral-nemo-instruct-2407,PARCIAL,262,258,0,244622,12
2026-08-07T06:43:53.684828700Z,Mobile.Suit.Gundam.The.08th.MS.Team.S01E11_Track3.ass,[Joseki] Mobile Suit Gundam The 08th MS Team COMPLETE (1996)(BD AV1 1080p Opus)[Sub Eng],Temporada Única,Mobile Suit Gundam: The 08th MS Team,mistralai/mistral-nemo-instruct-2407,CONCLUIDO,245,242,0,208004,3
2026-08-07T06:47:35.876083500Z,Mobile.Suit.Gundam.The.08th.MS.Team.S01E12_Track3.ass,[Joseki] Mobile Suit Gundam The 08th MS Team COMPLETE (1996)(BD AV1 1080p Opus)[Sub Eng],Temporada Única,Mobile Suit Gundam: The 08th MS Team,mistralai/mistral-nemo-instruct-2407,PARCIAL,287,282,0,222178,3
2026-08-07T12:30:05.980753100Z,[Lulu] Break Blade - 01 [BD 1080p Hi10 FLAC][Dual-Audio]_Track3.ass,Break Blade 1,Temporada Única,Break Blade - Filme 1 - O Tempo do Despertar,mistralai/mistral-nemo-instruct-2407,PARCIAL,583,548,0,547369,4
2026-08-07T12:40:39.645286100Z,[Lulu] Break Blade - 02 [BD 1080p Hi10 FLAC][Dual-Audio]_Track3.ass,Break Blade 2,Temporada Única,Break Blade - Filme 2 - O Caminho da Separação,mistralai/mistral-nemo-instruct-2407,PARCIAL,573,550,0,614034,5
2026-08-07T12:48:52.343655600Z,[Lulu] Break Blade - 03 [BD 1080p Hi10 FLAC][Dual-Audio]_Track3.ass,Break Blade 3,Temporada Única,Break Blade - Filme 3 - Cicatrizes da Lâmina do Assassino,mistralai/mistral-nemo-instruct-2407,PARCIAL,490,463,0,490154,5
2026-08-07T12:58:40.556809800Z,[Lulu] Break Blade - 04 [BD 1080p Hi10 FLAC][Dual-Audio]_Track3.ass,Break Blade 4,Temporada Única,Break Blade - Filme 4 - A Terra da Calamidade,mistralai/mistral-nemo-instruct-2407,PARCIAL,528,516,0,572797,6
2026-08-07T13:06:30.697723Z,[Lulu] Break Blade - 05 [BD 1080p Hi10 FLAC][Dual-Audio]_Track3.ass,Break Blade 5,Temporada Única,Break Blade - Filme 5 - A Fronteira entre a Vida e a Morte,mistralai/mistral-nemo-instruct-2407,PARCIAL,436,425,0,448902,3
2026-08-07T13:14:34.045905500Z,[Lulu] Break Blade - 06 [BD 1080p Hi10 FLAC][Dual-Audio]_Track3.ass,Break Blade 6,Temporada Única,Break Blade - Filme 6 - Fortaleza do Lamentar,mistralai/mistral-nemo-instruct-2407,PARCIAL,486,451,0,470735,6
2026-08-07T13:30:54.464957800Z,[Sokudo] DanMachi - S00E02 Arrow of the Orion [1080p BD][AV1][dual audio]_ENG.ass,DanMachi Arrow of the Orion,Temporada Única,DanMachi: Arrow of the Orion (Filme),mistralai/mistral-nemo-instruct-2407,PARCIAL,1113,1038,0,967448,32
2026-08-07T13:37:58.766266400Z,[Sokudo] Dungeon ni Deai wo Motomeru no wa Machigatteiru Darou ka V - S05E01 [1080p BD AV1][Dual Audio]_ENG.ass,DanMachi Season 05,Temporada 5,DanMachi (Season 5),mistralai/mistral-nemo-instruct-2407,CONCLUIDO,400,348,46,421800,1
2026-08-07T13:46:04.680437600Z,[Sokudo] Dungeon ni Deai wo Motomeru no wa Machigatteiru Darou ka V - S05E02 [1080p BD AV1][Dual Audio]_ENG.ass,DanMachi Season 05,Temporada 5,DanMachi (Season 5),mistralai/mistral-nemo-instruct-2407,PARCIAL,398,390,0,485884,4
2026-08-07T13:51:29.735939500Z,[Sokudo] Dungeon ni Deai wo Motomeru no wa Machigatteiru Darou ka V - S05E03 [1080p BD AV1][Dual Audio]_ENG.ass,DanMachi Season 05,Temporada 5,DanMachi (Season 5),mistralai/mistral-nemo-instruct-2407,CONCLUIDO,318,309,0,325040,2
2026-08-07T13:58:32.156256500Z,[Sokudo] Dungeon ni Deai wo Motomeru no wa Machigatteiru Darou ka V - S05E04 [1080p BD AV1][Dual Audio]_ENG.ass,DanMachi Season 05,Temporada 5,DanMachi (Season 5),mistralai/mistral-nemo-instruct-2407,CONCLUIDO,393,391,0,422406,1
2026-08-07T14:05:49.093982700Z,[Sokudo] Dungeon ni Deai wo Motomeru no wa Machigatteiru Darou ka V - S05E05 [1080p BD AV1][Dual Audio]_ENG.ass,DanMachi Season 05,Temporada 5,DanMachi (Season 5),mistralai/mistral-nemo-instruct-2407,PARCIAL,379,372,0,436923,7
2026-08-07T14:12:20.779269500Z,[Sokudo] Dungeon ni Deai wo Motomeru no wa Machigatteiru Darou ka V - S05E06 [1080p BD AV1][Dual Audio]_ENG.ass,DanMachi Season 05,Temporada 5,DanMachi (Season 5),mistralai/mistral-nemo-instruct-2407,CONCLUIDO,353,350,0,391664,1
2026-08-07T14:18:46.717318900Z,[Sokudo] Dungeon ni Deai wo Motomeru no wa Machigatteiru Darou ka V - S05E07 [1080p BD AV1][Dual Audio]_ENG.ass,DanMachi Season 05,Temporada 5,DanMachi (Season 5),mistralai/mistral-nemo-instruct-2407,PARCIAL,359,341,0,385923,4
2026-08-07T14:26:17.899130300Z,[Sokudo] Dungeon ni Deai wo Motomeru no wa Machigatteiru Darou ka V - S05E08 [1080p BD AV1][Dual Audio]_ENG.ass,DanMachi Season 05,Temporada 5,DanMachi (Season 5),mistralai/mistral-nemo-instruct-2407,PARCIAL,373,370,0,451167,6
2026-08-07T14:34:07.035965500Z,[Sokudo] Dungeon ni Deai wo Motomeru no wa Machigatteiru Darou ka V - S05E09 [1080p BD AV1][Dual Audio]_ENG.ass,DanMachi Season 05,Temporada 5,DanMachi (Season 5),mistralai/mistral-nemo-instruct-2407,CONCLUIDO,386,383,0,469116,3
2026-08-07T14:42:09.905449300Z,[Sokudo] Dungeon ni Deai wo Motomeru no wa Machigatteiru Darou ka V - S05E10 [1080p BD AV1][Dual Audio]_ENG.ass,DanMachi Season 05,Temporada 5,DanMachi (Season 5),mistralai/mistral-nemo-instruct-2407,CONCLUIDO,371,366,0,482856,0
2026-08-07T14:49:33.875148Z,[Sokudo] Dungeon ni Deai wo Motomeru no wa Machigatteiru Darou ka V - S05E11 [1080p BD AV1][Dual Audio]_ENG.ass,DanMachi Season 05,Temporada 5,DanMachi (Season 5),mistralai/mistral-nemo-instruct-2407,CONCLUIDO,356,347,0,443955,2
2026-08-07T14:55:30.513180800Z,[Sokudo] Dungeon ni Deai wo Motomeru no wa Machigatteiru Darou ka V - S05E12 [1080p BD AV1][Dual Audio]_ENG.ass,DanMachi Season 05,Temporada 5,DanMachi (Season 5),mistralai/mistral-nemo-instruct-2407,CONCLUIDO,301,296,0,356623,0
2026-08-07T15:02:43.546444100Z,[Sokudo] Dungeon ni Deai wo Motomeru no wa Machigatteiru Darou ka V - S05E13 [1080p BD AV1][Dual Audio]_ENG.ass,DanMachi Season 05,Temporada 5,DanMachi (Season 5),mistralai/mistral-nemo-instruct-2407,CONCLUIDO,365,361,0,433010,0
2026-08-07T15:09:42.240578Z,[Sokudo] Dungeon ni Deai wo Motomeru no wa Machigatteiru Darou ka V - S05E14 [1080p BD AV1][Dual Audio]_ENG.ass,DanMachi Season 05,Temporada 5,DanMachi (Season 5),mistralai/mistral-nemo-instruct-2407,PARCIAL,338,331,0,418677,5
2026-08-07T15:15:03.973067200Z,[Sokudo] Dungeon ni Deai wo Motomeru no wa Machigatteiru Darou ka V - S05E15 [1080p BD AV1][Dual Audio]_ENG.ass,DanMachi Season 05,Temporada 5,DanMachi (Season 5),mistralai/mistral-nemo-instruct-2407,CONCLUIDO,319,312,0,321715,1
2026-08-07T15:22:16.722353400Z,[Sokudo] DanMachi - S00E01 Dungeon ni Deai wo Motomeru no wa Machigatteiru Darou ka - OVA [1080p BD][AV1][dual audio]_ENG.ass,DanMachi Season 00,Temporada 0,DanMachi (Geral),mistralai/mistral-nemo-instruct-2407,PARCIAL,412,401,0,427982,7
2026-08-07T15:30:17.187704300Z,[Sokudo] DanMachi - S00E04 OVA [1080p BD][AV1][dual audio]_ENG.ass,DanMachi Season 00,Temporada 0,DanMachi (Geral),mistralai/mistral-nemo-instruct-2407,PARCIAL,471,440,0,480447,9
2026-08-07T15:30:25.031022300Z,[Sokudo] DanMachi - S00E05 Dungeon ni Deai wo Motomeru no wa Machigatteiru Darou ka III - OVA [1080p BD][AV1][dual audio]_ENG.ass,DanMachi Season 00,Temporada 0,DanMachi (Geral),mistralai/mistral-nemo-instruct-2407,CONCLUIDO,22,20,0,7830,0
2026-08-07T15:32:28.722522300Z,Guilty Crown OVA - 01_Track2.ass,Guilty Crown OVA,Temporada Única,Guilty Crown,mistralai/mistral-nemo-instruct-2407,CONCLUIDO,98,97,0,115537,1
2026-08-07T15:33:41.974033Z,[Lulu] Break Blade - 01 [BD 1080p Hi10 FLAC][Dual-Audio]_Track3.ass,Break Blade 1,Temporada Única,Break Blade - Filme 1 - O Tempo do Despertar,mistralai/mistral-nemo-instruct-2407,PARCIAL,583,0,548,3706,1
2026-08-07T15:34:02.464398600Z,[Lulu] Break Blade - 02 [BD 1080p Hi10 FLAC][Dual-Audio]_Track3.ass,Break Blade 2,Temporada Única,Break Blade - Filme 2 - O Caminho da Separação,mistralai/mistral-nemo-instruct-2407,CONCLUIDO,573,4,549,5048,0
2026-08-07T15:34:21.016876Z,[Lulu] Break Blade - 03 [BD 1080p Hi10 FLAC][Dual-Audio]_Track3.ass,Break Blade 3,Temporada Única,Break Blade - Filme 3 - Cicatrizes da Lâmina do Assassino,mistralai/mistral-nemo-instruct-2407,PARCIAL,490,0,463,4435,2
2026-08-07T15:34:46.835248700Z,[Lulu] Break Blade - 04 [BD 1080p Hi10 FLAC][Dual-Audio]_Track3.ass,Break Blade 4,Temporada Única,Break Blade - Filme 4 - A Terra da Calamidade,mistralai/mistral-nemo-instruct-2407,PARCIAL,528,1,515,11123,2
2026-08-07T15:34:59.798776400Z,[Lulu] Break Blade - 05 [BD 1080p Hi10 FLAC][Dual-Audio]_Track3.ass,Break Blade 5,Temporada Única,Break Blade - Filme 5 - A Fronteira entre a Vida e a Morte,mistralai/mistral-nemo-instruct-2407,PARCIAL,436,2,424,4961,1
2026-08-07T15:35:16.439729Z,[Lulu] Break Blade - 06 [BD 1080p Hi10 FLAC][Dual-Audio]_Track3.ass,Break Blade 6,Temporada Única,Break Blade - Filme 6 - Fortaleza do Lamentar,mistralai/mistral-nemo-instruct-2407,PARCIAL,486,1,450,2439,1
2026-08-07T16:02:49.603986900Z,Guilty Crown OVA - 01_Track2.ass,Guilty Crown OVA,Temporada Única,Guilty Crown,mistralai/mistral-nemo-instruct-2407,CONCLUIDO,98,97,0,143649,2
2026-08-07T19:41:55.289524300Z,Guilty Crown OVA - 01_Track2.ass,Guilty Crown OVA,Temporada Única,Guilty Crown,mistralai/mistral-nemo-instruct-2407,PARCIAL,98,96,0,119949,2
2026-08-08T00:53:13.153299100Z,FASE0-BASE-GC05.ass,_kronos-fase0,Temporada Única,Guilty Crown,,FALHOU,0,0,0,0,1
2026-08-08T01:40:49.449104300Z,GC05-A-BASE.ass,A-BASE,Temporada Única,Guilty Crown,mistralai/mistral-nemo-instruct-2407,CONCLUIDO,252,246,0,308485,8
2026-08-08T01:47:59.634121800Z,GC05-B-PURO.ass,B-PURO,Temporada Única,Guilty Crown,mistralai/mistral-nemo-instruct-2407,CONCLUIDO,252,246,0,255335,6
2026-08-08T02:04:44.601732700Z,TP-Guilty Crown - 01_Track4.ass,_retraducao-textopuro,Temporada Única,Guilty Crown,mistralai/mistral-nemo-instruct-2407,CONCLUIDO,188,185,0,179354,0
2026-08-08T02:08:30.354025500Z,TP-Guilty Crown - 02_Track4.ass,_retraducao-textopuro,Temporada Única,Guilty Crown,mistralai/mistral-nemo-instruct-2407,PARCIAL,251,250,0,225707,4
2026-08-08T02:13:59.588935100Z,TP-Guilty Crown - 03_Track4.ass,_retraducao-textopuro,Temporada Única,Guilty Crown,mistralai/mistral-nemo-instruct-2407,PARCIAL,330,319,0,329186,9
2026-08-08T02:18:15.520959300Z,TP-Guilty Crown - 04_Track4.ass,_retraducao-textopuro,Temporada Única,Guilty Crown,mistralai/mistral-nemo-instruct-2407,CONCLUIDO,253,250,0,255881,2
2026-08-08T02:22:12.136120200Z,TP-Guilty Crown - 05_Track4.ass,_retraducao-textopuro,Temporada Única,Guilty Crown,mistralai/mistral-nemo-instruct-2407,CONCLUIDO,252,246,0,236564,7
2026-08-08T02:25:47.944926200Z,TP-Guilty Crown - 06_Track4.ass,_retraducao-textopuro,Temporada Única,Guilty Crown,mistralai/mistral-nemo-instruct-2407,CONCLUIDO,245,241,0,215754,2
2026-08-08T02:30:25.514822700Z,TP-Guilty Crown - 07_Track4.ass,_retraducao-textopuro,Temporada Única,Guilty Crown,mistralai/mistral-nemo-instruct-2407,PARCIAL,293,284,0,277520,5
2026-08-08T02:34:38.071506500Z,TP-Guilty Crown - 08_Track4.ass,_retraducao-textopuro,Temporada Única,Guilty Crown,mistralai/mistral-nemo-instruct-2407,PARCIAL,260,258,0,252509,9
2026-08-08T02:38:13.112983700Z,TP-Guilty Crown - 09_Track4.ass,_retraducao-textopuro,Temporada Única,Guilty Crown,mistralai/mistral-nemo-instruct-2407,CONCLUIDO,236,228,0,214989,2
2026-08-08T02:41:38.779716Z,TP-Guilty Crown - 10_Track4.ass,_retraducao-textopuro,Temporada Única,Guilty Crown,mistralai/mistral-nemo-instruct-2407,CONCLUIDO,254,241,0,205619,2
2026-08-08T02:45:10.668880100Z,TP-Guilty Crown - 11_Track4.ass,_retraducao-textopuro,Temporada Única,Guilty Crown,mistralai/mistral-nemo-instruct-2407,PARCIAL,255,247,0,211835,3
2026-08-08T02:48:38.834489600Z,TP-Guilty Crown - 12_Track4.ass,_retraducao-textopuro,Temporada Única,Guilty Crown,mistralai/mistral-nemo-instruct-2407,PARCIAL,239,231,0,208118,6
2026-08-08T02:53:38.565557500Z,TP-Guilty Crown - 13_Track4.ass,_retraducao-textopuro,Temporada Única,Guilty Crown,mistralai/mistral-nemo-instruct-2407,PARCIAL,326,319,0,299675,16
2026-08-08T02:59:18.727245Z,TP-Guilty Crown - 14_Track4.ass,_retraducao-textopuro,Temporada Única,Guilty Crown,mistralai/mistral-nemo-instruct-2407,PARCIAL,327,318,0,340106,7
2026-08-08T03:03:21.455867Z,TP-Guilty Crown - 15_Track4.ass,_retraducao-textopuro,Temporada Única,Guilty Crown,mistralai/mistral-nemo-instruct-2407,CONCLUIDO,274,265,0,242679,6
2026-08-08T03:08:06.712619900Z,TP-Guilty Crown - 16_Track4.ass,_retraducao-textopuro,Temporada Única,Guilty Crown,mistralai/mistral-nemo-instruct-2407,PARCIAL,296,291,0,285206,10
2026-08-08T03:11:35.965945100Z,TP-Guilty Crown - 17_Track4.ass,_retraducao-textopuro,Temporada Única,Guilty Crown,mistralai/mistral-nemo-instruct-2407,PARCIAL,230,224,0,209187,4
2026-08-08T03:14:13.908000400Z,TP-Guilty Crown - 18_Track4.ass,_retraducao-textopuro,Temporada Única,Guilty Crown,mistralai/mistral-nemo-instruct-2407,CONCLUIDO,204,193,0,157894,0
2026-08-08T03:18:03.750924800Z,TP-Guilty Crown - 19_Track4.ass,_retraducao-textopuro,Temporada Única,Guilty Crown,mistralai/mistral-nemo-instruct-2407,PARCIAL,264,255,0,229786,5
2026-08-08T03:22:25.205255Z,TP-Guilty Crown - 20_Track4.ass,_retraducao-textopuro,Temporada Única,Guilty Crown,mistralai/mistral-nemo-instruct-2407,PARCIAL,289,287,0,261400,2
2026-08-08T03:25:54.694553200Z,TP-Guilty Crown - 21_Track4.ass,_retraducao-textopuro,Temporada Única,Guilty Crown,mistralai/mistral-nemo-instruct-2407,PARCIAL,218,216,0,209437,4
2026-08-08T03:29:04.285690Z,TP-Guilty Crown - 22_Track4.ass,_retraducao-textopuro,Temporada Única,Guilty Crown,mistralai/mistral-nemo-instruct-2407,CONCLUIDO,236,226,0,189545,0
2026-08-08T03:31:00.752376300Z,TP-Guilty Crown OVA - 01_Track2.ass,_retraducao-textopuro,Temporada Única,Guilty Crown,mistralai/mistral-nemo-instruct-2407,CONCLUIDO,98,97,0,116432,1
2026-08-08T04:09:21.502011500Z,Guilty Crown - 01_Track4.ass,[Anime Time] Guilty Crown + OVA [BD][Dual Audio][1080p][HEVC 10bit x265][Opus][Eng Sub],Temporada Única,Guilty Crown,mistralai/mistral-nemo-instruct-2407,CONCLUIDO,188,185,0,156125,0
2026-08-08T04:13:03.275808600Z,Guilty Crown - 02_Track4.ass,[Anime Time] Guilty Crown + OVA [BD][Dual Audio][1080p][HEVC 10bit x265][Opus][Eng Sub],Temporada Única,Guilty Crown,mistralai/mistral-nemo-instruct-2407,PARCIAL,251,250,0,221702,4
2026-08-08T04:18:23.203380500Z,Guilty Crown - 03_Track4.ass,[Anime Time] Guilty Crown + OVA [BD][Dual Audio][1080p][HEVC 10bit x265][Opus][Eng Sub],Temporada Única,Guilty Crown,mistralai/mistral-nemo-instruct-2407,PARCIAL,330,320,0,319868,7
2026-08-08T04:22:32.797924200Z,Guilty Crown - 04_Track4.ass,[Anime Time] Guilty Crown + OVA [BD][Dual Audio][1080p][HEVC 10bit x265][Opus][Eng Sub],Temporada Única,Guilty Crown,mistralai/mistral-nemo-instruct-2407,PARCIAL,253,249,0,249517,1
2026-08-08T04:26:28.366212300Z,Guilty Crown - 05_Track4.ass,[Anime Time] Guilty Crown + OVA [BD][Dual Audio][1080p][HEVC 10bit x265][Opus][Eng Sub],Temporada Única,Guilty Crown,mistralai/mistral-nemo-instruct-2407,CONCLUIDO,252,246,0,235536,8
2026-08-08T04:30:06.338934400Z,Guilty Crown - 06_Track4.ass,[Anime Time] Guilty Crown + OVA [BD][Dual Audio][1080p][HEVC 10bit x265][Opus][Eng Sub],Temporada Única,Guilty Crown,mistralai/mistral-nemo-instruct-2407,CONCLUIDO,245,241,0,217907,2
2026-08-08T04:34:48.403140500Z,Guilty Crown - 07_Track4.ass,[Anime Time] Guilty Crown + OVA [BD][Dual Audio][1080p][HEVC 10bit x265][Opus][Eng Sub],Temporada Única,Guilty Crown,mistralai/mistral-nemo-instruct-2407,PARCIAL,293,284,0,281991,5
2026-08-08T04:38:57.602398500Z,Guilty Crown - 08_Track4.ass,[Anime Time] Guilty Crown + OVA [BD][Dual Audio][1080p][HEVC 10bit x265][Opus][Eng Sub],Temporada Única,Guilty Crown,mistralai/mistral-nemo-instruct-2407,PARCIAL,260,258,0,249144,8
2026-08-08T04:42:30.132823600Z,Guilty Crown - 09_Track4.ass,[Anime Time] Guilty Crown + OVA [BD][Dual Audio][1080p][HEVC 10bit x265][Opus][Eng Sub],Temporada Única,Guilty Crown,mistralai/mistral-nemo-instruct-2407,PARCIAL,236,227,0,212462,3
2026-08-08T04:46:03.636615800Z,Guilty Crown - 10_Track4.ass,[Anime Time] Guilty Crown + OVA [BD][Dual Audio][1080p][HEVC 10bit x265][Opus][Eng Sub],Temporada Única,Guilty Crown,mistralai/mistral-nemo-instruct-2407,CONCLUIDO,254,241,0,213441,3
2026-08-08T04:49:52.742598200Z,Guilty Crown - 11_Track4.ass,[Anime Time] Guilty Crown + OVA [BD][Dual Audio][1080p][HEVC 10bit x265][Opus][Eng Sub],Temporada Única,Guilty Crown,mistralai/mistral-nemo-instruct-2407,PARCIAL,255,247,0,229059,4
2026-08-08T04:53:12.535500900Z,Guilty Crown - 12_Track4.ass,[Anime Time] Guilty Crown + OVA [BD][Dual Audio][1080p][HEVC 10bit x265][Opus][Eng Sub],Temporada Única,Guilty Crown,mistralai/mistral-nemo-instruct-2407,PARCIAL,239,231,0,199740,5
2026-08-08T04:58:25.443488600Z,Guilty Crown - 13_Track4.ass,[Anime Time] Guilty Crown + OVA [BD][Dual Audio][1080p][HEVC 10bit x265][Opus][Eng Sub],Temporada Única,Guilty Crown,mistralai/mistral-nemo-instruct-2407,PARCIAL,326,319,0,312866,16
2026-08-08T05:04:28.811644100Z,Guilty Crown - 14_Track4.ass,[Anime Time] Guilty Crown + OVA [BD][Dual Audio][1080p][HEVC 10bit x265][Opus][Eng Sub],Temporada Única,Guilty Crown,mistralai/mistral-nemo-instruct-2407,PARCIAL,327,318,0,363317,6
2026-08-08T05:08:28.464702100Z,Guilty Crown - 15_Track4.ass,[Anime Time] Guilty Crown + OVA [BD][Dual Audio][1080p][HEVC 10bit x265][Opus][Eng Sub],Temporada Única,Guilty Crown,mistralai/mistral-nemo-instruct-2407,CONCLUIDO,274,265,0,239591,6
2026-08-08T05:13:13.206052200Z,Guilty Crown - 16_Track4.ass,[Anime Time] Guilty Crown + OVA [BD][Dual Audio][1080p][HEVC 10bit x265][Opus][Eng Sub],Temporada Única,Guilty Crown,mistralai/mistral-nemo-instruct-2407,CONCLUIDO,296,292,0,284685,9
2026-08-08T05:16:31.920941400Z,Guilty Crown - 17_Track4.ass,[Anime Time] Guilty Crown + OVA [BD][Dual Audio][1080p][HEVC 10bit x265][Opus][Eng Sub],Temporada Única,Guilty Crown,mistralai/mistral-nemo-instruct-2407,PARCIAL,230,224,0,198646,5
2026-08-08T05:19:08.411756Z,Guilty Crown - 18_Track4.ass,[Anime Time] Guilty Crown + OVA [BD][Dual Audio][1080p][HEVC 10bit x265][Opus][Eng Sub],Temporada Única,Guilty Crown,mistralai/mistral-nemo-instruct-2407,CONCLUIDO,204,193,0,156425,0
2026-08-08T05:22:50.934335800Z,Guilty Crown - 19_Track4.ass,[Anime Time] Guilty Crown + OVA [BD][Dual Audio][1080p][HEVC 10bit x265][Opus][Eng Sub],Temporada Única,Guilty Crown,mistralai/mistral-nemo-instruct-2407,PARCIAL,264,255,0,222470,6
2026-08-08T05:27:35.483187900Z,Guilty Crown - 20_Track4.ass,[Anime Time] Guilty Crown + OVA [BD][Dual Audio][1080p][HEVC 10bit x265][Opus][Eng Sub],Temporada Única,Guilty Crown,mistralai/mistral-nemo-instruct-2407,PARCIAL,289,287,0,284472,1
2026-08-08T05:31:07.902598900Z,Guilty Crown - 21_Track4.ass,[Anime Time] Guilty Crown + OVA [BD][Dual Audio][1080p][HEVC 10bit x265][Opus][Eng Sub],Temporada Única,Guilty Crown,mistralai/mistral-nemo-instruct-2407,PARCIAL,218,216,0,212352,5
2026-08-08T05:33:45.588649500Z,Guilty Crown - 22_Track4.ass,[Anime Time] Guilty Crown + OVA [BD][Dual Audio][1080p][HEVC 10bit x265][Opus][Eng Sub],Temporada Única,Guilty Crown,mistralai/mistral-nemo-instruct-2407,CONCLUIDO,236,226,0,157611,0
2026-08-08T05:35:16.950779200Z,Guilty Crown OVA - 01_Track2.ass,[Anime Time] Guilty Crown + OVA [BD][Dual Audio][1080p][HEVC 10bit x265][Opus][Eng Sub],Temporada Única,Guilty Crown,mistralai/mistral-nemo-instruct-2407,CONCLUIDO,98,97,0,91308,1
2026-08-08T06:40:15.016564300Z,Mobile Suit Gundam 0083 - Stardust Memory - S01E01_Track3.ass,[Joseki] Mobile Suit Gundam 0083 Stardust Memory COMPLETE (1991)(BD AV1 1080p Opus)[Sub Eng],Temporada Única,Mobile Suit Gundam 0083: Stardust Memory,mistralai/mistral-nemo-instruct-2407,CONCLUIDO,341,330,0,319015,2
2026-08-08T06:40:32.085632200Z,Mobile Suit Gundam 0083 - Stardust Memory - S01E02_5_Track3.ass,[Joseki] Mobile Suit Gundam 0083 Stardust Memory COMPLETE (1991)(BD AV1 1080p Opus)[Sub Eng],Temporada Única,Mobile Suit Gundam 0083: Stardust Memory,mistralai/mistral-nemo-instruct-2407,CONCLUIDO,23,20,0,17014,0
2026-08-08T06:46:16.471199Z,Mobile Suit Gundam 0083 - Stardust Memory - S01E02_Track3.ass,[Joseki] Mobile Suit Gundam 0083 Stardust Memory COMPLETE (1991)(BD AV1 1080p Opus)[Sub Eng],Temporada Única,Mobile Suit Gundam 0083: Stardust Memory,mistralai/mistral-nemo-instruct-2407,PARCIAL,340,325,0,344323,5
2026-08-08T06:47:49.620103800Z,Mobile Suit Gundam 0083 - Stardust Memory - S01E03-5_Track2.ass,[Joseki] Mobile Suit Gundam 0083 Stardust Memory COMPLETE (1991)(BD AV1 1080p Opus)[Sub Eng],Temporada Única,Mobile Suit Gundam 0083: Stardust Memory,mistralai/mistral-nemo-instruct-2407,CONCLUIDO,78,78,0,93087,0
2026-08-08T06:52:44.929961700Z,Mobile Suit Gundam 0083 - Stardust Memory - S01E03_Track3.ass,[Joseki] Mobile Suit Gundam 0083 Stardust Memory COMPLETE (1991)(BD AV1 1080p Opus)[Sub Eng],Temporada Única,Mobile Suit Gundam 0083: Stardust Memory,mistralai/mistral-nemo-instruct-2407,PARCIAL,311,299,0,295252,2
2026-08-08T06:58:44.747443900Z,Mobile Suit Gundam 0083 - Stardust Memory - S01E04_Track3.ass,[Joseki] Mobile Suit Gundam 0083 Stardust Memory COMPLETE (1991)(BD AV1 1080p Opus)[Sub Eng],Temporada Única,Mobile Suit Gundam 0083: Stardust Memory,mistralai/mistral-nemo-instruct-2407,PARCIAL,352,338,0,359754,4
2026-08-08T07:05:07.325256Z,Mobile Suit Gundam 0083 - Stardust Memory - S01E05_Track3.ass,[Joseki] Mobile Suit Gundam 0083 Stardust Memory COMPLETE (1991)(BD AV1 1080p Opus)[Sub Eng],Temporada Única,Mobile Suit Gundam 0083: Stardust Memory,mistralai/mistral-nemo-instruct-2407,PARCIAL,372,364,0,382515,1
2026-08-08T07:09:36.374630700Z,Mobile Suit Gundam 0083 - Stardust Memory - S01E06_Track3.ass,[Joseki] Mobile Suit Gundam 0083 Stardust Memory COMPLETE (1991)(BD AV1 1080p Opus)[Sub Eng],Temporada Única,Mobile Suit Gundam 0083: Stardust Memory,mistralai/mistral-nemo-instruct-2407,PARCIAL,285,281,0,268984,1
2026-08-08T07:14:45.290963900Z,Mobile Suit Gundam 0083 - Stardust Memory - S01E07_Track3.ass,[Joseki] Mobile Suit Gundam 0083 Stardust Memory COMPLETE (1991)(BD AV1 1080p Opus)[Sub Eng],Temporada Única,Mobile Suit Gundam 0083: Stardust Memory,mistralai/mistral-nemo-instruct-2407,PARCIAL,323,313,0,308862,3
2026-08-08T07:20:17.493753300Z,Mobile Suit Gundam 0083 - Stardust Memory - S01E08_Track3.ass,[Joseki] Mobile Suit Gundam 0083 Stardust Memory COMPLETE (1991)(BD AV1 1080p Opus)[Sub Eng],Temporada Única,Mobile Suit Gundam 0083: Stardust Memory,mistralai/mistral-nemo-instruct-2407,PARCIAL,367,357,0,332128,3
2026-08-08T07:25:26.122242700Z,Mobile Suit Gundam 0083 - Stardust Memory - S01E09_Track3.ass,[Joseki] Mobile Suit Gundam 0083 Stardust Memory COMPLETE (1991)(BD AV1 1080p Opus)[Sub Eng],Temporada Única,Mobile Suit Gundam 0083: Stardust Memory,mistralai/mistral-nemo-instruct-2407,PARCIAL,280,271,0,308583,6
2026-08-08T07:29:34.225606700Z,Mobile Suit Gundam 0083 - Stardust Memory - S01E10_Track3.ass,[Joseki] Mobile Suit Gundam 0083 Stardust Memory COMPLETE (1991)(BD AV1 1080p Opus)[Sub Eng],Temporada Única,Mobile Suit Gundam 0083: Stardust Memory,mistralai/mistral-nemo-instruct-2407,PARCIAL,242,236,0,248030,2
2026-08-08T07:34:43.457344200Z,Mobile Suit Gundam 0083 - Stardust Memory - S01E11_Track3.ass,[Joseki] Mobile Suit Gundam 0083 Stardust Memory COMPLETE (1991)(BD AV1 1080p Opus)[Sub Eng],Temporada Única,Mobile Suit Gundam 0083: Stardust Memory,mistralai/mistral-nemo-instruct-2407,PARCIAL,301,295,0,309165,4
2026-08-08T07:38:32.387255300Z,Mobile Suit Gundam 0083 - Stardust Memory - S01E12_Track3.ass,[Joseki] Mobile Suit Gundam 0083 Stardust Memory COMPLETE (1991)(BD AV1 1080p Opus)[Sub Eng],Temporada Única,Mobile Suit Gundam 0083: Stardust Memory,mistralai/mistral-nemo-instruct-2407,CONCLUIDO,229,227,0,228872,3
2026-08-08T07:41:56.108011300Z,Mobile Suit Gundam 0083 - Stardust Memory - S01E13_Track3.ass,[Joseki] Mobile Suit Gundam 0083 Stardust Memory COMPLETE (1991)(BD AV1 1080p Opus)[Sub Eng],Temporada Única,Mobile Suit Gundam 0083: Stardust Memory,mistralai/mistral-nemo-instruct-2407,PARCIAL,217,207,0,203661,2
2026-08-08T09:16:56.065665100Z,Mobile Suit Gundam Unicorn Re0096 (2016) - S01E01 - Departure 0096_Track4.ass,Gundam Unicorn Season 1,Temporada 1,Mobile Suit Gundam Unicorn,mistralai/mistral-nemo-instruct-2407,CONCLUIDO,219,216,0,223323,0
2026-08-08T09:22:33.499384800Z,Mobile Suit Gundam Unicorn Re0096 (2016) - S01E02 - First Blood_Track4.ass,Gundam Unicorn Season 1,Temporada 1,Mobile Suit Gundam Unicorn,mistralai/mistral-nemo-instruct-2407,CONCLUIDO,308,307,0,337371,0
2026-08-08T09:25:35.959709Z,Mobile Suit Gundam Unicorn Re0096 (2016) - S01E03 - They Called It Gundam_Track4.ass,Gundam Unicorn Season 1,Temporada 1,Mobile Suit Gundam Unicorn,mistralai/mistral-nemo-instruct-2407,CONCLUIDO,192,187,0,182398,0
2026-08-08T09:31:56.539529900Z,Mobile Suit Gundam Unicorn Re0096 (2016) - S01E04 - Full Frontal's Pursuit_Track4.ass,Gundam Unicorn Season 1,Temporada 1,Mobile Suit Gundam Unicorn,mistralai/mistral-nemo-instruct-2407,PARCIAL,373,370,0,380512,1
2026-08-08T09:36:45.410506500Z,Mobile Suit Gundam Unicorn Re0096 (2016) - S01E05 - Clash with the Red Comet_Track4.ass,Gundam Unicorn Season 1,Temporada 1,Mobile Suit Gundam Unicorn,mistralai/mistral-nemo-instruct-2407,PARCIAL,269,266,0,288813,1
2026-08-08T09:42:14.585235600Z,Mobile Suit Gundam Unicorn Re0096 (2016) - S01E06 - Under the Mask_Track3.ass,Gundam Unicorn Season 1,Temporada 1,Mobile Suit Gundam Unicorn,mistralai/mistral-nemo-instruct-2407,CONCLUIDO,293,291,0,329110,0
2026-08-08T09:46:34.304244Z,Mobile Suit Gundam Unicorn Re0096 (2016) - S01E07 - The Battle of Palau_Track3.ass,Gundam Unicorn Season 1,Temporada 1,Mobile Suit Gundam Unicorn,mistralai/mistral-nemo-instruct-2407,CONCLUIDO,245,242,0,259658,0
2026-08-08T09:53:39.147478800Z,"Mobile Suit Gundam Unicorn Re0096 (2016) - S01E08 - Laplace, Where It All Began_Track3.ass",Gundam Unicorn Season 1,Temporada 1,Mobile Suit Gundam Unicorn,mistralai/mistral-nemo-instruct-2407,PARCIAL,350,346,0,424784,2
2026-08-08T09:59:02.093871100Z,Mobile Suit Gundam Unicorn Re0096 (2016) - S01E09 - Retribution_Track3.ass,Gundam Unicorn Season 1,Temporada 1,Mobile Suit Gundam Unicorn,mistralai/mistral-nemo-instruct-2407,CONCLUIDO,273,271,0,322881,0
2026-08-08T10:04:02.716332900Z,Mobile Suit Gundam Unicorn Re0096 (2016) - S01E10 - From the Scorching Earth_Track3.ass,Gundam Unicorn Season 1,Temporada 1,Mobile Suit Gundam Unicorn,mistralai/mistral-nemo-instruct-2407,PARCIAL,249,248,0,300547,1
2026-08-08T10:09:20.858863300Z,Mobile Suit Gundam Unicorn Re0096 (2016) - S01E11 - Battle at Torrington_Track3.ass,Gundam Unicorn Season 1,Temporada 1,Mobile Suit Gundam Unicorn,mistralai/mistral-nemo-instruct-2407,CONCLUIDO,269,267,0,318074,0
2026-08-08T10:13:24.406663400Z,Mobile Suit Gundam Unicorn Re0096 (2016) - S01E12 - A Private War_Track4.ass,Gundam Unicorn Season 1,Temporada 1,Mobile Suit Gundam Unicorn,mistralai/mistral-nemo-instruct-2407,CONCLUIDO,235,233,0,243473,0
2026-08-08T10:18:23.741128900Z,"Mobile Suit Gundam Unicorn Re0096 (2016) - S01E13 - Banagher Links, Soldier_Track4.ass",Gundam Unicorn Season 1,Temporada 1,Mobile Suit Gundam Unicorn,mistralai/mistral-nemo-instruct-2407,PARCIAL,253,251,0,299273,1
2026-08-08T10:22:43.611429Z,Mobile Suit Gundam Unicorn Re0096 (2016) - S01E14 - Clash of the Two Unicorns_Track4.ass,Gundam Unicorn Season 1,Temporada 1,Mobile Suit Gundam Unicorn,mistralai/mistral-nemo-instruct-2407,CONCLUIDO,232,227,0,259807,0
2026-08-08T10:26:14.523928800Z,Mobile Suit Gundam Unicorn Re0096 (2016) - S01E15 - Waiting in Space_Track4.ass,Gundam Unicorn Season 1,Temporada 1,Mobile Suit Gundam Unicorn,mistralai/mistral-nemo-instruct-2407,CONCLUIDO,198,194,0,210867,0
2026-08-08T10:32:31.709251800Z,Mobile Suit Gundam Unicorn Re0096 (2016) - S01E16 - The Side Co-Prosperity Sphere_Track4.ass,Gundam Unicorn Season 1,Temporada 1,Mobile Suit Gundam Unicorn,mistralai/mistral-nemo-instruct-2407,CONCLUIDO,293,293,0,377130,0
2026-08-08T10:37:30.404166300Z,Mobile Suit Gundam Unicorn Re0096 (2016) - S01E17 - Nahel Argama Recaptured_Track4.ass,Gundam Unicorn Season 1,Temporada 1,Mobile Suit Gundam Unicorn,mistralai/mistral-nemo-instruct-2407,CONCLUIDO,290,279,0,298634,0
2026-08-08T10:41:16.500341600Z,Mobile Suit Gundam Unicorn Re0096 (2016) - S01E18 - Fateful Battle_Track4.ass,Gundam Unicorn Season 1,Temporada 1,Mobile Suit Gundam Unicorn,mistralai/mistral-nemo-instruct-2407,CONCLUIDO,201,200,0,226025,0
2026-08-08T10:44:19.285851800Z,Mobile Suit Gundam Unicorn Re0096 (2016) - S01E19 - Another Cosmic Glow_Track4.ass,Gundam Unicorn Season 1,Temporada 1,Mobile Suit Gundam Unicorn,mistralai/mistral-nemo-instruct-2407,CONCLUIDO,182,180,0,182738,0
2026-08-08T10:49:09.096298600Z,Mobile Suit Gundam Unicorn Re0096 (2016) - S01E20 - Laplace's Box_Track4.ass,Gundam Unicorn Season 1,Temporada 1,Mobile Suit Gundam Unicorn,mistralai/mistral-nemo-instruct-2407,CONCLUIDO,270,270,0,289762,0
2026-08-08T10:52:17.041542800Z,Mobile Suit Gundam Unicorn Re0096 (2016) - S01E21 - To the World's End_Track4.ass,Gundam Unicorn Season 1,Temporada 1,Mobile Suit Gundam Unicorn,mistralai/mistral-nemo-instruct-2407,CONCLUIDO,184,179,0,187868,0
2026-08-08T10:57:20.451866400Z,Mobile Suit Gundam Unicorn Re0096 (2016) - S01E22 - Return_Track4.ass,Gundam Unicorn Season 1,Temporada 1,Mobile Suit Gundam Unicorn,mistralai/mistral-nemo-instruct-2407,CONCLUIDO,265,261,0,303359,0
2026-08-08T11:05:29.234455300Z,Mobile.Suit.Gundam.The.08th.MS.Team.S00E02_Track2_PT-BR.ass,[Joseki] Mobile Suit Gundam The 08th MS Team COMPLETE (1996)(BD AV1 1080p Opus)[Sub Eng],Temporada Única,Mobile Suit Gundam: The 08th MS Team,mistralai/mistral-nemo-instruct-2407,PARCIAL,73,19,0,26319,7
2026-08-08T11:07:24.765434900Z,Mobile.Suit.Gundam.The.08th.MS.Team.S01E01_Track3_PT-BR.ass,[Joseki] Mobile Suit Gundam The 08th MS Team COMPLETE (1996)(BD AV1 1080p Opus)[Sub Eng],Temporada Única,Mobile Suit Gundam: The 08th MS Team,mistralai/mistral-nemo-instruct-2407,PARCIAL,286,71,0,115456,30
2026-08-08T11:09:10.943380200Z,Mobile.Suit.Gundam.The.08th.MS.Team.S01E02_Track3_PT-BR.ass,[Joseki] Mobile Suit Gundam The 08th MS Team COMPLETE (1996)(BD AV1 1080p Opus)[Sub Eng],Temporada Única,Mobile Suit Gundam: The 08th MS Team,mistralai/mistral-nemo-instruct-2407,PARCIAL,267,60,0,106120,30
2026-08-08T11:11:05.919993300Z,Mobile.Suit.Gundam.The.08th.MS.Team.S01E03_Track3_PT-BR.ass,[Joseki] Mobile Suit Gundam The 08th MS Team COMPLETE (1996)(BD AV1 1080p Opus)[Sub Eng],Temporada Única,Mobile Suit Gundam: The 08th MS Team,mistralai/mistral-nemo-instruct-2407,PARCIAL,342,79,0,114906,37
2026-08-08T11:13:34.624946800Z,Mobile.Suit.Gundam.The.08th.MS.Team.S01E04_Track3_PT-BR.ass,[Joseki] Mobile Suit Gundam The 08th MS Team COMPLETE (1996)(BD AV1 1080p Opus)[Sub Eng],Temporada Única,Mobile Suit Gundam: The 08th MS Team,mistralai/mistral-nemo-instruct-2407,PARCIAL,334,94,0,148643,41
2026-08-08T11:15:47.974278200Z,Mobile.Suit.Gundam.The.08th.MS.Team.S01E05_Track3_PT-BR.ass,[Joseki] Mobile Suit Gundam The 08th MS Team COMPLETE (1996)(BD AV1 1080p Opus)[Sub Eng],Temporada Única,Mobile Suit Gundam: The 08th MS Team,mistralai/mistral-nemo-instruct-2407,PARCIAL,378,78,0,133291,50
2026-08-08T11:18:01.307793800Z,Mobile.Suit.Gundam.The.08th.MS.Team.S01E06_Track3_PT-BR.ass,[Joseki] Mobile Suit Gundam The 08th MS Team COMPLETE (1996)(BD AV1 1080p Opus)[Sub Eng],Temporada Única,Mobile Suit Gundam: The 08th MS Team,mistralai/mistral-nemo-instruct-2407,PARCIAL,304,80,0,133255,40
2026-08-08T11:19:22.869197600Z,Mobile.Suit.Gundam.The.08th.MS.Team.S01E07_Track3_PT-BR.ass,[Joseki] Mobile Suit Gundam The 08th MS Team COMPLETE (1996)(BD AV1 1080p Opus)[Sub Eng],Temporada Única,Mobile Suit Gundam: The 08th MS Team,mistralai/mistral-nemo-instruct-2407,PARCIAL,208,55,0,81495,25
2026-08-08T11:21:35.856976900Z,Mobile.Suit.Gundam.The.08th.MS.Team.S01E08_Track3_PT-BR.ass,[Joseki] Mobile Suit Gundam The 08th MS Team COMPLETE (1996)(BD AV1 1080p Opus)[Sub Eng],Temporada Única,Mobile Suit Gundam: The 08th MS Team,mistralai/mistral-nemo-instruct-2407,PARCIAL,301,76,0,132913,44
2026-08-08T11:23:47.252665400Z,Mobile.Suit.Gundam.The.08th.MS.Team.S01E09_Track3_PT-BR.ass,[Joseki] Mobile Suit Gundam The 08th MS Team COMPLETE (1996)(BD AV1 1080p Opus)[Sub Eng],Temporada Única,Mobile Suit Gundam: The 08th MS Team,mistralai/mistral-nemo-instruct-2407,PARCIAL,321,89,0,131325,43
2026-08-08T11:25:44.186389Z,Mobile.Suit.Gundam.The.08th.MS.Team.S01E10_Track3_PT-BR.ass,[Joseki] Mobile Suit Gundam The 08th MS Team COMPLETE (1996)(BD AV1 1080p Opus)[Sub Eng],Temporada Única,Mobile Suit Gundam: The 08th MS Team,mistralai/mistral-nemo-instruct-2407,PARCIAL,262,72,0,116855,32
2026-08-08T11:27:20.164663200Z,Mobile.Suit.Gundam.The.08th.MS.Team.S01E11_Track3_PT-BR.ass,[Joseki] Mobile Suit Gundam The 08th MS Team COMPLETE (1996)(BD AV1 1080p Opus)[Sub Eng],Temporada Única,Mobile Suit Gundam: The 08th MS Team,mistralai/mistral-nemo-instruct-2407,PARCIAL,245,65,0,95911,28
2026-08-08T11:29:01.365422400Z,Mobile.Suit.Gundam.The.08th.MS.Team.S01E12_Track3_PT-BR.ass,[Joseki] Mobile Suit Gundam The 08th MS Team COMPLETE (1996)(BD AV1 1080p Opus)[Sub Eng],Temporada Única,Mobile Suit Gundam: The 08th MS Team,mistralai/mistral-nemo-instruct-2407,PARCIAL,287,68,0,101153,32
2026-08-08T13:27:47.828234800Z,Mobile Suit Gundam 0083 - Stardust Memory - S01E01_Track3.ass,[Joseki] Mobile Suit Gundam 0083 Stardust Memory COMPLETE (1991)(BD AV1 1080p Opus)[Sub Eng],Temporada Única,Mobile Suit Gundam 0083: Stardust Memory,mistralai/mistral-nemo-instruct-2407,CONCLUIDO,341,1,329,2671,0
2026-08-08T13:27:47.883376500Z,Mobile Suit Gundam 0083 - Stardust Memory - S01E02_5_Track3.ass,[Joseki] Mobile Suit Gundam 0083 Stardust Memory COMPLETE (1991)(BD AV1 1080p Opus)[Sub Eng],Temporada Única,Mobile Suit Gundam 0083: Stardust Memory,mistralai/mistral-nemo-instruct-2407,CONCLUIDO,23,0,20,37,0
2026-08-08T13:27:51.882170700Z,Mobile Suit Gundam 0083 - Stardust Memory - S01E02_Track3.ass,[Joseki] Mobile Suit Gundam 0083 Stardust Memory COMPLETE (1991)(BD AV1 1080p Opus)[Sub Eng],Temporada Única,Mobile Suit Gundam 0083: Stardust Memory,mistralai/mistral-nemo-instruct-2407,CONCLUIDO,340,4,325,3988,0
2026-08-08T13:27:52.025428100Z,Mobile Suit Gundam 0083 - Stardust Memory - S01E03-5_Track2.ass,[Joseki] Mobile Suit Gundam 0083 Stardust Memory COMPLETE (1991)(BD AV1 1080p Opus)[Sub Eng],Temporada Única,Mobile Suit Gundam 0083: Stardust Memory,mistralai/mistral-nemo-instruct-2407,CONCLUIDO,78,0,78,133,0
2026-08-08T13:27:55.431064700Z,Mobile Suit Gundam 0083 - Stardust Memory - S01E03_Track3.ass,[Joseki] Mobile Suit Gundam 0083 Stardust Memory COMPLETE (1991)(BD AV1 1080p Opus)[Sub Eng],Temporada Única,Mobile Suit Gundam 0083: Stardust Memory,mistralai/mistral-nemo-instruct-2407,CONCLUIDO,311,2,299,3396,0
2026-08-08T13:27:59.723366900Z,Mobile Suit Gundam 0083 - Stardust Memory - S01E04_Track3.ass,[Joseki] Mobile Suit Gundam 0083 Stardust Memory COMPLETE (1991)(BD AV1 1080p Opus)[Sub Eng],Temporada Única,Mobile Suit Gundam 0083: Stardust Memory,mistralai/mistral-nemo-instruct-2407,PARCIAL,352,2,337,4280,1
2026-08-08T13:28:01.279865800Z,Mobile Suit Gundam 0083 - Stardust Memory - S01E05_Track3.ass,[Joseki] Mobile Suit Gundam 0083 Stardust Memory COMPLETE (1991)(BD AV1 1080p Opus)[Sub Eng],Temporada Única,Mobile Suit Gundam 0083: Stardust Memory,mistralai/mistral-nemo-instruct-2407,CONCLUIDO,372,1,364,1546,0
2026-08-08T13:28:03.441312200Z,Mobile Suit Gundam 0083 - Stardust Memory - S01E06_Track3.ass,[Joseki] Mobile Suit Gundam 0083 Stardust Memory COMPLETE (1991)(BD AV1 1080p Opus)[Sub Eng],Temporada Única,Mobile Suit Gundam 0083: Stardust Memory,mistralai/mistral-nemo-instruct-2407,PARCIAL,285,0,281,2153,1
2026-08-08T13:28:08.094253Z,Mobile Suit Gundam 0083 - Stardust Memory - S01E07_Track3.ass,[Joseki] Mobile Suit Gundam 0083 Stardust Memory COMPLETE (1991)(BD AV1 1080p Opus)[Sub Eng],Temporada Única,Mobile Suit Gundam 0083: Stardust Memory,mistralai/mistral-nemo-instruct-2407,CONCLUIDO,323,3,312,4643,0
2026-08-08T13:28:11.138103200Z,Mobile Suit Gundam 0083 - Stardust Memory - S01E08_Track3.ass,[Joseki] Mobile Suit Gundam 0083 Stardust Memory COMPLETE (1991)(BD AV1 1080p Opus)[Sub Eng],Temporada Única,Mobile Suit Gundam 0083: Stardust Memory,mistralai/mistral-nemo-instruct-2407,PARCIAL,367,1,357,3034,1
2026-08-08T13:28:16.111001Z,Mobile Suit Gundam 0083 - Stardust Memory - S01E09_Track3.ass,[Joseki] Mobile Suit Gundam 0083 Stardust Memory COMPLETE (1991)(BD AV1 1080p Opus)[Sub Eng],Temporada Única,Mobile Suit Gundam 0083: Stardust Memory,mistralai/mistral-nemo-instruct-2407,CONCLUIDO,280,5,271,4963,0
2026-08-08T13:28:19.308340200Z,Mobile Suit Gundam 0083 - Stardust Memory - S01E10_Track3.ass,[Joseki] Mobile Suit Gundam 0083 Stardust Memory COMPLETE (1991)(BD AV1 1080p Opus)[Sub Eng],Temporada Única,Mobile Suit Gundam 0083: Stardust Memory,mistralai/mistral-nemo-instruct-2407,CONCLUIDO,242,2,236,3185,0
2026-08-08T13:28:22.816364700Z,Mobile Suit Gundam 0083 - Stardust Memory - S01E11_Track3.ass,[Joseki] Mobile Suit Gundam 0083 Stardust Memory COMPLETE (1991)(BD AV1 1080p Opus)[Sub Eng],Temporada Única,Mobile Suit Gundam 0083: Stardust Memory,mistralai/mistral-nemo-instruct-2407,CONCLUIDO,301,2,295,3497,0
2026-08-08T13:28:24.072229900Z,Mobile Suit Gundam 0083 - Stardust Memory - S01E12_Track3.ass,[Joseki] Mobile Suit Gundam 0083 Stardust Memory COMPLETE (1991)(BD AV1 1080p Opus)[Sub Eng],Temporada Única,Mobile Suit Gundam 0083: Stardust Memory,mistralai/mistral-nemo-instruct-2407,CONCLUIDO,229,1,226,1246,0
2026-08-08T13:28:29.491090100Z,Mobile Suit Gundam 0083 - Stardust Memory - S01E13_Track3.ass,[Joseki] Mobile Suit Gundam 0083 Stardust Memory COMPLETE (1991)(BD AV1 1080p Opus)[Sub Eng],Temporada Única,Mobile Suit Gundam 0083: Stardust Memory,mistralai/mistral-nemo-instruct-2407,CONCLUIDO,217,2,207,5410,0
2026-08-08T14:45:17.127174300Z,Mobile Suit Gundam 0083 - Stardust Memory - S01E01_Track3.ass,[Joseki] Mobile Suit Gundam 0083 Stardust Memory COMPLETE (1991)(BD AV1 1080p Opus)[Sub Eng],Temporada Única,Mobile Suit Gundam 0083: Stardust Memory,mistralai/mistral-nemo-instruct-2407,CONCLUIDO,341,330,0,333252,0
2026-08-08T14:45:37.639817400Z,Mobile Suit Gundam 0083 - Stardust Memory - S01E02_5_Track3.ass,[Joseki] Mobile Suit Gundam 0083 Stardust Memory COMPLETE (1991)(BD AV1 1080p Opus)[Sub Eng],Temporada Única,Mobile Suit Gundam 0083: Stardust Memory,mistralai/mistral-nemo-instruct-2407,CONCLUIDO,23,20,0,20498,0
2026-08-08T14:50:57.323511200Z,Mobile Suit Gundam 0083 - Stardust Memory - S01E02_Track3.ass,[Joseki] Mobile Suit Gundam 0083 Stardust Memory COMPLETE (1991)(BD AV1 1080p Opus)[Sub Eng],Temporada Única,Mobile Suit Gundam 0083: Stardust Memory,mistralai/mistral-nemo-instruct-2407,CONCLUIDO,340,329,0,319676,2
2026-08-08T14:52:38.785733Z,Mobile Suit Gundam 0083 - Stardust Memory - S01E03-5_Track2.ass,[Joseki] Mobile Suit Gundam 0083 Stardust Memory COMPLETE (1991)(BD AV1 1080p Opus)[Sub Eng],Temporada Única,Mobile Suit Gundam 0083: Stardust Memory,mistralai/mistral-nemo-instruct-2407,CONCLUIDO,78,78,0,101454,2
2026-08-08T14:56:45.598648Z,Mobile Suit Gundam 0083 - Stardust Memory - S01E03_Track3.ass,[Joseki] Mobile Suit Gundam 0083 Stardust Memory COMPLETE (1991)(BD AV1 1080p Opus)[Sub Eng],Temporada Única,Mobile Suit Gundam 0083: Stardust Memory,mistralai/mistral-nemo-instruct-2407,CONCLUIDO,311,301,0,246802,0
2026-08-08T15:01:35.087188500Z,Mobile Suit Gundam 0083 - Stardust Memory - S01E04_Track3.ass,[Joseki] Mobile Suit Gundam 0083 Stardust Memory COMPLETE (1991)(BD AV1 1080p Opus)[Sub Eng],Temporada Única,Mobile Suit Gundam 0083: Stardust Memory,mistralai/mistral-nemo-instruct-2407,CONCLUIDO,352,340,0,289481,1
2026-08-08T15:06:47.888590100Z,Mobile Suit Gundam 0083 - Stardust Memory - S01E05_Track3.ass,[Joseki] Mobile Suit Gundam 0083 Stardust Memory COMPLETE (1991)(BD AV1 1080p Opus)[Sub Eng],Temporada Única,Mobile Suit Gundam 0083: Stardust Memory,mistralai/mistral-nemo-instruct-2407,CONCLUIDO,372,365,0,312790,2
2026-08-08T15:10:32.111756100Z,Mobile Suit Gundam 0083 - Stardust Memory - S01E06_Track3.ass,[Joseki] Mobile Suit Gundam 0083 Stardust Memory COMPLETE (1991)(BD AV1 1080p Opus)[Sub Eng],Temporada Única,Mobile Suit Gundam 0083: Stardust Memory,mistralai/mistral-nemo-instruct-2407,PARCIAL,285,281,0,224210,1
2026-08-08T15:14:49.590056Z,Mobile Suit Gundam 0083 - Stardust Memory - S01E07_Track3.ass,[Joseki] Mobile Suit Gundam 0083 Stardust Memory COMPLETE (1991)(BD AV1 1080p Opus)[Sub Eng],Temporada Única,Mobile Suit Gundam 0083: Stardust Memory,mistralai/mistral-nemo-instruct-2407,CONCLUIDO,323,315,0,257471,4
2026-08-08T15:19:28.711441Z,Mobile Suit Gundam 0083 - Stardust Memory - S01E08_Track3.ass,[Joseki] Mobile Suit Gundam 0083 Stardust Memory COMPLETE (1991)(BD AV1 1080p Opus)[Sub Eng],Temporada Única,Mobile Suit Gundam 0083: Stardust Memory,mistralai/mistral-nemo-instruct-2407,CONCLUIDO,367,359,0,279111,1
2026-08-08T15:23:32.801788300Z,Mobile Suit Gundam 0083 - Stardust Memory - S01E09_Track3.ass,[Joseki] Mobile Suit Gundam 0083 Stardust Memory COMPLETE (1991)(BD AV1 1080p Opus)[Sub Eng],Temporada Única,Mobile Suit Gundam 0083: Stardust Memory,mistralai/mistral-nemo-instruct-2407,CONCLUIDO,280,276,0,244082,4
2026-08-08T15:26:50.640583600Z,Mobile Suit Gundam 0083 - Stardust Memory - S01E10_Track3.ass,[Joseki] Mobile Suit Gundam 0083 Stardust Memory COMPLETE (1991)(BD AV1 1080p Opus)[Sub Eng],Temporada Única,Mobile Suit Gundam 0083: Stardust Memory,mistralai/mistral-nemo-instruct-2407,CONCLUIDO,242,238,0,197830,0
2026-08-08T15:31:14.262696700Z,Mobile Suit Gundam 0083 - Stardust Memory - S01E11_Track3.ass,[Joseki] Mobile Suit Gundam 0083 Stardust Memory COMPLETE (1991)(BD AV1 1080p Opus)[Sub Eng],Temporada Única,Mobile Suit Gundam 0083: Stardust Memory,mistralai/mistral-nemo-instruct-2407,CONCLUIDO,301,297,0,263614,2
2026-08-08T15:34:24.761137Z,Mobile Suit Gundam 0083 - Stardust Memory - S01E12_Track3.ass,[Joseki] Mobile Suit Gundam 0083 Stardust Memory COMPLETE (1991)(BD AV1 1080p Opus)[Sub Eng],Temporada Única,Mobile Suit Gundam 0083: Stardust Memory,mistralai/mistral-nemo-instruct-2407,CONCLUIDO,229,227,0,190491,1
2026-08-08T15:37:06.398073Z,Mobile Suit Gundam 0083 - Stardust Memory - S01E13_Track3.ass,[Joseki] Mobile Suit Gundam 0083 Stardust Memory COMPLETE (1991)(BD AV1 1080p Opus)[Sub Eng],Temporada Única,Mobile Suit Gundam 0083: Stardust Memory,mistralai/mistral-nemo-instruct-2407,PARCIAL,217,208,0,161626,3
2026-08-08T17:57:20.313270100Z,Mobile.Suit.Gundam.The.08th.MS.Team.S00E02_Track2_PT-BR.ass,[Joseki] Mobile Suit Gundam The 08th MS Team COMPLETE (1996)(BD AV1 1080p Opus)[Sub Eng],Temporada Única,Mobile Suit Gundam: The 08th MS Team,,BLOQUEADO,0,0,0,0,1
2026-08-08T17:57:20.330571800Z,Mobile.Suit.Gundam.The.08th.MS.Team.S00E02_Track2_PT-BR_PT-BR.ass,[Joseki] Mobile Suit Gundam The 08th MS Team COMPLETE (1996)(BD AV1 1080p Opus)[Sub Eng],Temporada Única,Mobile Suit Gundam: The 08th MS Team,,BLOQUEADO,0,0,0,0,1
2026-08-08T17:57:20.348888700Z,Mobile.Suit.Gundam.The.08th.MS.Team.S01E01_Track3_PT-BR.ass,[Joseki] Mobile Suit Gundam The 08th MS Team COMPLETE (1996)(BD AV1 1080p Opus)[Sub Eng],Temporada Única,Mobile Suit Gundam: The 08th MS Team,,BLOQUEADO,0,0,0,0,1
2026-08-08T17:57:20.356896500Z,Mobile.Suit.Gundam.The.08th.MS.Team.S01E01_Track3_PT-BR_PT-BR.ass,[Joseki] Mobile Suit Gundam The 08th MS Team COMPLETE (1996)(BD AV1 1080p Opus)[Sub Eng],Temporada Única,Mobile Suit Gundam: The 08th MS Team,,BLOQUEADO,0,0,0,0,1
2026-08-08T17:57:20.369887600Z,Mobile.Suit.Gundam.The.08th.MS.Team.S01E02_Track3_PT-BR.ass,[Joseki] Mobile Suit Gundam The 08th MS Team COMPLETE (1996)(BD AV1 1080p Opus)[Sub Eng],Temporada Única,Mobile Suit Gundam: The 08th MS Team,,BLOQUEADO,0,0,0,0,1
2026-08-08T17:57:20.379894100Z,Mobile.Suit.Gundam.The.08th.MS.Team.S01E02_Track3_PT-BR_PT-BR.ass,[Joseki] Mobile Suit Gundam The 08th MS Team COMPLETE (1996)(BD AV1 1080p Opus)[Sub Eng],Temporada Única,Mobile Suit Gundam: The 08th MS Team,,BLOQUEADO,0,0,0,0,1
2026-08-08T17:57:20.395887Z,Mobile.Suit.Gundam.The.08th.MS.Team.S01E03_Track3_PT-BR.ass,[Joseki] Mobile Suit Gundam The 08th MS Team COMPLETE (1996)(BD AV1 1080p Opus)[Sub Eng],Temporada Única,Mobile Suit Gundam: The 08th MS Team,,BLOQUEADO,0,0,0,0,1
2026-08-08T17:57:20.407886800Z,Mobile.Suit.Gundam.The.08th.MS.Team.S01E03_Track3_PT-BR_PT-BR.ass,[Joseki] Mobile Suit Gundam The 08th MS Team COMPLETE (1996)(BD AV1 1080p Opus)[Sub Eng],Temporada Única,Mobile Suit Gundam: The 08th MS Team,,BLOQUEADO,0,0,0,0,1
2026-08-08T17:57:20.423628200Z,Mobile.Suit.Gundam.The.08th.MS.Team.S01E04_Track3_PT-BR.ass,[Joseki] Mobile Suit Gundam The 08th MS Team COMPLETE (1996)(BD AV1 1080p Opus)[Sub Eng],Temporada Única,Mobile Suit Gundam: The 08th MS Team,,BLOQUEADO,0,0,0,0,1
2026-08-08T17:57:20.433800400Z,Mobile.Suit.Gundam.The.08th.MS.Team.S01E04_Track3_PT-BR_PT-BR.ass,[Joseki] Mobile Suit Gundam The 08th MS Team COMPLETE (1996)(BD AV1 1080p Opus)[Sub Eng],Temporada Única,Mobile Suit Gundam: The 08th MS Team,,BLOQUEADO,0,0,0,0,1
2026-08-08T17:57:20.450067Z,Mobile.Suit.Gundam.The.08th.MS.Team.S01E05_Track3_PT-BR.ass,[Joseki] Mobile Suit Gundam The 08th MS Team COMPLETE (1996)(BD AV1 1080p Opus)[Sub Eng],Temporada Única,Mobile Suit Gundam: The 08th MS Team,,BLOQUEADO,0,0,0,0,1
2026-08-08T17:57:20.459743100Z,Mobile.Suit.Gundam.The.08th.MS.Team.S01E05_Track3_PT-BR_PT-BR.ass,[Joseki] Mobile Suit Gundam The 08th MS Team COMPLETE (1996)(BD AV1 1080p Opus)[Sub Eng],Temporada Única,Mobile Suit Gundam: The 08th MS Team,,BLOQUEADO,0,0,0,0,1
2026-08-08T17:57:20.474022Z,Mobile.Suit.Gundam.The.08th.MS.Team.S01E06_Track3_PT-BR.ass,[Joseki] Mobile Suit Gundam The 08th MS Team COMPLETE (1996)(BD AV1 1080p Opus)[Sub Eng],Temporada Única,Mobile Suit Gundam: The 08th MS Team,,BLOQUEADO,0,0,0,0,1
2026-08-08T17:57:20.483022200Z,Mobile.Suit.Gundam.The.08th.MS.Team.S01E06_Track3_PT-BR_PT-BR.ass,[Joseki] Mobile Suit Gundam The 08th MS Team COMPLETE (1996)(BD AV1 1080p Opus)[Sub Eng],Temporada Única,Mobile Suit Gundam: The 08th MS Team,,BLOQUEADO,0,0,0,0,1
2026-08-08T17:57:20.499020700Z,Mobile.Suit.Gundam.The.08th.MS.Team.S01E07_Track3_PT-BR.ass,[Joseki] Mobile Suit Gundam The 08th MS Team COMPLETE (1996)(BD AV1 1080p Opus)[Sub Eng],Temporada Única,Mobile Suit Gundam: The 08th MS Team,,BLOQUEADO,0,0,0,0,1
2026-08-08T17:57:20.508034200Z,Mobile.Suit.Gundam.The.08th.MS.Team.S01E07_Track3_PT-BR_PT-BR.ass,[Joseki] Mobile Suit Gundam The 08th MS Team COMPLETE (1996)(BD AV1 1080p Opus)[Sub Eng],Temporada Única,Mobile Suit Gundam: The 08th MS Team,,BLOQUEADO,0,0,0,0,1
2026-08-08T17:57:20.520581Z,Mobile.Suit.Gundam.The.08th.MS.Team.S01E08_Track3_PT-BR.ass,[Joseki] Mobile Suit Gundam The 08th MS Team COMPLETE (1996)(BD AV1 1080p Opus)[Sub Eng],Temporada Única,Mobile Suit Gundam: The 08th MS Team,,BLOQUEADO,0,0,0,0,1
2026-08-08T17:57:20.529101Z,Mobile.Suit.Gundam.The.08th.MS.Team.S01E08_Track3_PT-BR_PT-BR.ass,[Joseki] Mobile Suit Gundam The 08th MS Team COMPLETE (1996)(BD AV1 1080p Opus)[Sub Eng],Temporada Única,Mobile Suit Gundam: The 08th MS Team,,BLOQUEADO,0,0,0,0,1
2026-08-08T17:57:20.540579300Z,Mobile.Suit.Gundam.The.08th.MS.Team.S01E09_Track3_PT-BR.ass,[Joseki] Mobile Suit Gundam The 08th MS Team COMPLETE (1996)(BD AV1 1080p Opus)[Sub Eng],Temporada Única,Mobile Suit Gundam: The 08th MS Team,,BLOQUEADO,0,0,0,0,1
2026-08-08T17:57:20.549587100Z,Mobile.Suit.Gundam.The.08th.MS.Team.S01E09_Track3_PT-BR_PT-BR.ass,[Joseki] Mobile Suit Gundam The 08th MS Team COMPLETE (1996)(BD AV1 1080p Opus)[Sub Eng],Temporada Única,Mobile Suit Gundam: The 08th MS Team,,BLOQUEADO,0,0,0,0,1
2026-08-08T17:57:20.563584600Z,Mobile.Suit.Gundam.The.08th.MS.Team.S01E10_Track3_PT-BR.ass,[Joseki] Mobile Suit Gundam The 08th MS Team COMPLETE (1996)(BD AV1 1080p Opus)[Sub Eng],Temporada Única,Mobile Suit Gundam: The 08th MS Team,,BLOQUEADO,0,0,0,0,1
2026-08-08T17:57:20.574091Z,Mobile.Suit.Gundam.The.08th.MS.Team.S01E10_Track3_PT-BR_PT-BR.ass,[Joseki] Mobile Suit Gundam The 08th MS Team COMPLETE (1996)(BD AV1 1080p Opus)[Sub Eng],Temporada Única,Mobile Suit Gundam: The 08th MS Team,,BLOQUEADO,0,0,0,0,1
2026-08-08T17:57:20.588093200Z,Mobile.Suit.Gundam.The.08th.MS.Team.S01E11_Track3_PT-BR.ass,[Joseki] Mobile Suit Gundam The 08th MS Team COMPLETE (1996)(BD AV1 1080p Opus)[Sub Eng],Temporada Única,Mobile Suit Gundam: The 08th MS Team,,BLOQUEADO,0,0,0,0,1
2026-08-08T17:57:20.599092100Z,Mobile.Suit.Gundam.The.08th.MS.Team.S01E11_Track3_PT-BR_PT-BR.ass,[Joseki] Mobile Suit Gundam The 08th MS Team COMPLETE (1996)(BD AV1 1080p Opus)[Sub Eng],Temporada Única,Mobile Suit Gundam: The 08th MS Team,,BLOQUEADO,0,0,0,0,1
2026-08-08T17:57:20.612091700Z,Mobile.Suit.Gundam.The.08th.MS.Team.S01E12_Track3_PT-BR.ass,[Joseki] Mobile Suit Gundam The 08th MS Team COMPLETE (1996)(BD AV1 1080p Opus)[Sub Eng],Temporada Única,Mobile Suit Gundam: The 08th MS Team,,BLOQUEADO,0,0,0,0,1
2026-08-08T17:57:20.622099800Z,Mobile.Suit.Gundam.The.08th.MS.Team.S01E12_Track3_PT-BR_PT-BR.ass,[Joseki] Mobile Suit Gundam The 08th MS Team COMPLETE (1996)(BD AV1 1080p Opus)[Sub Eng],Temporada Única,Mobile Suit Gundam: The 08th MS Team,,BLOQUEADO,0,0,0,0,1
2026-08-08T17:57:30.800000800Z,Mobile.Suit.Gundam.The.08th.MS.Team.S00E02_Track2_PT-BR.ass,[Joseki] Mobile Suit Gundam The 08th MS Team COMPLETE (1996)(BD AV1 1080p Opus)[Sub Eng],Temporada Única,Mobile Suit Gundam: The 08th MS Team,,BLOQUEADO,0,0,0,0,1
2026-08-08T17:57:30.812289200Z,Mobile.Suit.Gundam.The.08th.MS.Team.S00E02_Track2_PT-BR_PT-BR.ass,[Joseki] Mobile Suit Gundam The 08th MS Team COMPLETE (1996)(BD AV1 1080p Opus)[Sub Eng],Temporada Única,Mobile Suit Gundam: The 08th MS Team,,BLOQUEADO,0,0,0,0,1
2026-08-08T17:57:30.825289500Z,Mobile.Suit.Gundam.The.08th.MS.Team.S01E01_Track3_PT-BR.ass,[Joseki] Mobile Suit Gundam The 08th MS Team COMPLETE (1996)(BD AV1 1080p Opus)[Sub Eng],Temporada Única,Mobile Suit Gundam: The 08th MS Team,,BLOQUEADO,0,0,0,0,1
2026-08-08T17:57:30.834295700Z,Mobile.Suit.Gundam.The.08th.MS.Team.S01E01_Track3_PT-BR_PT-BR.ass,[Joseki] Mobile Suit Gundam The 08th MS Team COMPLETE (1996)(BD AV1 1080p Opus)[Sub Eng],Temporada Única,Mobile Suit Gundam: The 08th MS Team,,BLOQUEADO,0,0,0,0,1
2026-08-08T17:57:30.846312800Z,Mobile.Suit.Gundam.The.08th.MS.Team.S01E02_Track3_PT-BR.ass,[Joseki] Mobile Suit Gundam The 08th MS Team COMPLETE (1996)(BD AV1 1080p Opus)[Sub Eng],Temporada Única,Mobile Suit Gundam: The 08th MS Team,,BLOQUEADO,0,0,0,0,1
2026-08-08T17:57:30.856293900Z,Mobile.Suit.Gundam.The.08th.MS.Team.S01E02_Track3_PT-BR_PT-BR.ass,[Joseki] Mobile Suit Gundam The 08th MS Team COMPLETE (1996)(BD AV1 1080p Opus)[Sub Eng],Temporada Única,Mobile Suit Gundam: The 08th MS Team,,BLOQUEADO,0,0,0,0,1
2026-08-08T17:57:30.867287700Z,Mobile.Suit.Gundam.The.08th.MS.Team.S01E03_Track3_PT-BR.ass,[Joseki] Mobile Suit Gundam The 08th MS Team COMPLETE (1996)(BD AV1 1080p Opus)[Sub Eng],Temporada Única,Mobile Suit Gundam: The 08th MS Team,,BLOQUEADO,0,0,0,0,1
2026-08-08T17:57:30.883413800Z,Mobile.Suit.Gundam.The.08th.MS.Team.S01E03_Track3_PT-BR_PT-BR.ass,[Joseki] Mobile Suit Gundam The 08th MS Team COMPLETE (1996)(BD AV1 1080p Opus)[Sub Eng],Temporada Única,Mobile Suit Gundam: The 08th MS Team,,BLOQUEADO,0,0,0,0,1
2026-08-08T17:57:30.907000900Z,Mobile.Suit.Gundam.The.08th.MS.Team.S01E04_Track3_PT-BR.ass,[Joseki] Mobile Suit Gundam The 08th MS Team COMPLETE (1996)(BD AV1 1080p Opus)[Sub Eng],Temporada Única,Mobile Suit Gundam: The 08th MS Team,,BLOQUEADO,0,0,0,0,1
2026-08-08T17:57:30.916001Z,Mobile.Suit.Gundam.The.08th.MS.Team.S01E04_Track3_PT-BR_PT-BR.ass,[Joseki] Mobile Suit Gundam The 08th MS Team COMPLETE (1996)(BD AV1 1080p Opus)[Sub Eng],Temporada Única,Mobile Suit Gundam: The 08th MS Team,,BLOQUEADO,0,0,0,0,1
2026-08-08T17:57:30.929001900Z,Mobile.Suit.Gundam.The.08th.MS.Team.S01E05_Track3_PT-BR.ass,[Joseki] Mobile Suit Gundam The 08th MS Team COMPLETE (1996)(BD AV1 1080p Opus)[Sub Eng],Temporada Única,Mobile Suit Gundam: The 08th MS Team,,BLOQUEADO,0,0,0,0,1
2026-08-08T17:57:30.937009100Z,Mobile.Suit.Gundam.The.08th.MS.Team.S01E05_Track3_PT-BR_PT-BR.ass,[Joseki] Mobile Suit Gundam The 08th MS Team COMPLETE (1996)(BD AV1 1080p Opus)[Sub Eng],Temporada Única,Mobile Suit Gundam: The 08th MS Team,,BLOQUEADO,0,0,0,0,1
2026-08-08T17:57:30.950000500Z,Mobile.Suit.Gundam.The.08th.MS.Team.S01E06_Track3_PT-BR.ass,[Joseki] Mobile Suit Gundam The 08th MS Team COMPLETE (1996)(BD AV1 1080p Opus)[Sub Eng],Temporada Única,Mobile Suit Gundam: The 08th MS Team,,BLOQUEADO,0,0,0,0,1
2026-08-08T17:57:30.959007500Z,Mobile.Suit.Gundam.The.08th.MS.Team.S01E06_Track3_PT-BR_PT-BR.ass,[Joseki] Mobile Suit Gundam The 08th MS Team COMPLETE (1996)(BD AV1 1080p Opus)[Sub Eng],Temporada Única,Mobile Suit Gundam: The 08th MS Team,,BLOQUEADO,0,0,0,0,1
2026-08-08T17:57:30.973492700Z,Mobile.Suit.Gundam.The.08th.MS.Team.S01E07_Track3_PT-BR.ass,[Joseki] Mobile Suit Gundam The 08th MS Team COMPLETE (1996)(BD AV1 1080p Opus)[Sub Eng],Temporada Única,Mobile Suit Gundam: The 08th MS Team,,BLOQUEADO,0,0,0,0,1
2026-08-08T17:57:30.985493600Z,Mobile.Suit.Gundam.The.08th.MS.Team.S01E07_Track3_PT-BR_PT-BR.ass,[Joseki] Mobile Suit Gundam The 08th MS Team COMPLETE (1996)(BD AV1 1080p Opus)[Sub Eng],Temporada Única,Mobile Suit Gundam: The 08th MS Team,,BLOQUEADO,0,0,0,0,1
2026-08-08T17:57:31.000497400Z,Mobile.Suit.Gundam.The.08th.MS.Team.S01E08_Track3_PT-BR.ass,[Joseki] Mobile Suit Gundam The 08th MS Team COMPLETE (1996)(BD AV1 1080p Opus)[Sub Eng],Temporada Única,Mobile Suit Gundam: The 08th MS Team,,BLOQUEADO,0,0,0,0,1
2026-08-08T17:57:31.011513300Z,Mobile.Suit.Gundam.The.08th.MS.Team.S01E08_Track3_PT-BR_PT-BR.ass,[Joseki] Mobile Suit Gundam The 08th MS Team COMPLETE (1996)(BD AV1 1080p Opus)[Sub Eng],Temporada Única,Mobile Suit Gundam: The 08th MS Team,,BLOQUEADO,0,0,0,0,1
2026-08-08T17:57:31.024393900Z,Mobile.Suit.Gundam.The.08th.MS.Team.S01E09_Track3_PT-BR.ass,[Joseki] Mobile Suit Gundam The 08th MS Team COMPLETE (1996)(BD AV1 1080p Opus)[Sub Eng],Temporada Única,Mobile Suit Gundam: The 08th MS Team,,BLOQUEADO,0,0,0,0,1
2026-08-08T17:57:31.034392600Z,Mobile.Suit.Gundam.The.08th.MS.Team.S01E09_Track3_PT-BR_PT-BR.ass,[Joseki] Mobile Suit Gundam The 08th MS Team COMPLETE (1996)(BD AV1 1080p Opus)[Sub Eng],Temporada Única,Mobile Suit Gundam: The 08th MS Team,,BLOQUEADO,0,0,0,0,1
2026-08-08T17:57:31.046708200Z,Mobile.Suit.Gundam.The.08th.MS.Team.S01E10_Track3_PT-BR.ass,[Joseki] Mobile Suit Gundam The 08th MS Team COMPLETE (1996)(BD AV1 1080p Opus)[Sub Eng],Temporada Única,Mobile Suit Gundam: The 08th MS Team,,BLOQUEADO,0,0,0,0,1
2026-08-08T17:57:31.059464700Z,Mobile.Suit.Gundam.The.08th.MS.Team.S01E10_Track3_PT-BR_PT-BR.ass,[Joseki] Mobile Suit Gundam The 08th MS Team COMPLETE (1996)(BD AV1 1080p Opus)[Sub Eng],Temporada Única,Mobile Suit Gundam: The 08th MS Team,,BLOQUEADO,0,0,0,0,1
2026-08-08T17:57:31.073260100Z,Mobile.Suit.Gundam.The.08th.MS.Team.S01E11_Track3_PT-BR.ass,[Joseki] Mobile Suit Gundam The 08th MS Team COMPLETE (1996)(BD AV1 1080p Opus)[Sub Eng],Temporada Única,Mobile Suit Gundam: The 08th MS Team,,BLOQUEADO,0,0,0,0,1
2026-08-08T17:57:31.082258700Z,Mobile.Suit.Gundam.The.08th.MS.Team.S01E11_Track3_PT-BR_PT-BR.ass,[Joseki] Mobile Suit Gundam The 08th MS Team COMPLETE (1996)(BD AV1 1080p Opus)[Sub Eng],Temporada Única,Mobile Suit Gundam: The 08th MS Team,,BLOQUEADO,0,0,0,0,1
2026-08-08T17:57:31.098101Z,Mobile.Suit.Gundam.The.08th.MS.Team.S01E12_Track3_PT-BR.ass,[Joseki] Mobile Suit Gundam The 08th MS Team COMPLETE (1996)(BD AV1 1080p Opus)[Sub Eng],Temporada Única,Mobile Suit Gundam: The 08th MS Team,,BLOQUEADO,0,0,0,0,1
2026-08-08T17:57:31.107402Z,Mobile.Suit.Gundam.The.08th.MS.Team.S01E12_Track3_PT-BR_PT-BR.ass,[Joseki] Mobile Suit Gundam The 08th MS Team COMPLETE (1996)(BD AV1 1080p Opus)[Sub Eng],Temporada Única,Mobile Suit Gundam: The 08th MS Team,,BLOQUEADO,0,0,0,0,1
2026-08-08T21:18:56.435120300Z,Mobile.Suit.Gundam.ZZ.S01E01_ENG.ass,Mobile Suit Gundam ZZ,Temporada Única,Mobile Suit Gundam ZZ,mistralai/mistral-nemo-instruct-2407,PARCIAL,301,297,0,317647,7
2026-08-08T21:23:11.505621700Z,Mobile.Suit.Gundam.ZZ.S01E02_ENG.ass,Mobile Suit Gundam ZZ,Temporada Única,Mobile Suit Gundam ZZ,mistralai/mistral-nemo-instruct-2407,CONCLUIDO,289,285,0,255058,2
2026-08-08T21:28:11.480663200Z,Mobile.Suit.Gundam.ZZ.S01E03_ENG.ass,Mobile Suit Gundam ZZ,Temporada Única,Mobile Suit Gundam ZZ,mistralai/mistral-nemo-instruct-2407,PARCIAL,335,325,0,299962,5
2026-08-08T21:33:30.332969400Z,Mobile.Suit.Gundam.ZZ.S01E04_ENG.ass,Mobile Suit Gundam ZZ,Temporada Única,Mobile Suit Gundam ZZ,mistralai/mistral-nemo-instruct-2407,CONCLUIDO,359,349,0,318844,5
2026-08-08T21:38:50.347409700Z,Mobile.Suit.Gundam.ZZ.S01E05_ENG.ass,Mobile Suit Gundam ZZ,Temporada Única,Mobile Suit Gundam ZZ,mistralai/mistral-nemo-instruct-2407,CONCLUIDO,379,361,0,320006,7
2026-08-08T21:43:36.408875100Z,Mobile.Suit.Gundam.ZZ.S01E06_ENG.ass,Mobile Suit Gundam ZZ,Temporada Única,Mobile Suit Gundam ZZ,mistralai/mistral-nemo-instruct-2407,PARCIAL,340,325,0,286053,5
2026-08-08T21:48:21.425720600Z,Mobile.Suit.Gundam.ZZ.S01E07_ENG.ass,Mobile Suit Gundam ZZ,Temporada Única,Mobile Suit Gundam ZZ,mistralai/mistral-nemo-instruct-2407,CONCLUIDO,330,319,0,285009,6
2026-08-08T21:53:31.939128400Z,Mobile.Suit.Gundam.ZZ.S01E08_ENG.ass,Mobile Suit Gundam ZZ,Temporada Única,Mobile Suit Gundam ZZ,mistralai/mistral-nemo-instruct-2407,PARCIAL,363,349,0,310506,3
2026-08-08T21:59:03.949689300Z,Mobile.Suit.Gundam.ZZ.S01E09_ENG.ass,Mobile Suit Gundam ZZ,Temporada Única,Mobile Suit Gundam ZZ,mistralai/mistral-nemo-instruct-2407,CONCLUIDO,385,372,0,332002,0
2026-08-08T22:04:44.101054300Z,Mobile.Suit.Gundam.ZZ.S01E10_ENG.ass,Mobile Suit Gundam ZZ,Temporada Única,Mobile Suit Gundam ZZ,mistralai/mistral-nemo-instruct-2407,CONCLUIDO,378,370,0,340144,2
2026-08-08T22:09:41.635123900Z,Mobile.Suit.Gundam.ZZ.S01E11_ENG.ass,Mobile Suit Gundam ZZ,Temporada Única,Mobile Suit Gundam ZZ,mistralai/mistral-nemo-instruct-2407,PARCIAL,373,366,0,297526,6
2026-08-08T22:15:08.484016700Z,Mobile.Suit.Gundam.ZZ.S01E12_ENG.ass,Mobile Suit Gundam ZZ,Temporada Única,Mobile Suit Gundam ZZ,mistralai/mistral-nemo-instruct-2407,CONCLUIDO,374,362,0,326840,8
2026-08-08T22:20:36.234646700Z,Mobile.Suit.Gundam.ZZ.S01E13_ENG.ass,Mobile Suit Gundam ZZ,Temporada Única,Mobile Suit Gundam ZZ,mistralai/mistral-nemo-instruct-2407,CONCLUIDO,399,378,0,327741,5
2026-08-08T22:26:09.094900300Z,Mobile.Suit.Gundam.ZZ.S01E14_ENG.ass,Mobile Suit Gundam ZZ,Temporada Única,Mobile Suit Gundam ZZ,mistralai/mistral-nemo-instruct-2407,PARCIAL,408,395,0,332851,4
2026-08-08T22:31:38.356300400Z,Mobile.Suit.Gundam.ZZ.S01E15_ENG.ass,Mobile Suit Gundam ZZ,Temporada Única,Mobile Suit Gundam ZZ,mistralai/mistral-nemo-instruct-2407,PARCIAL,381,366,0,329255,7
2026-08-08T22:32:04.247227600Z,Mobile.Suit.Gundam.ZZ.S01E16_ENG.ass,Mobile Suit Gundam ZZ,Temporada Única,Mobile Suit Gundam ZZ,,FALHOU,0,0,0,0,1
2026-08-08T22:36:58.925109800Z,Mobile.Suit.Gundam.ZZ.S01E17_ENG.ass,Mobile Suit Gundam ZZ,Temporada Única,Mobile Suit Gundam ZZ,mistralai/mistral-nemo-instruct-2407,CONCLUIDO,371,359,0,294668,3
2026-08-08T22:42:02.102464200Z,Mobile.Suit.Gundam.ZZ.S01E18_ENG.ass,Mobile Suit Gundam ZZ,Temporada Única,Mobile Suit Gundam ZZ,mistralai/mistral-nemo-instruct-2407,PARCIAL,356,340,0,303170,6
2026-08-08T22:47:03.517910500Z,Mobile.Suit.Gundam.ZZ.S01E19_ENG.ass,Mobile Suit Gundam ZZ,Temporada Única,Mobile Suit Gundam ZZ,mistralai/mistral-nemo-instruct-2407,CONCLUIDO,369,353,0,301407,3
2026-08-08T22:54:00.436959600Z,Mobile.Suit.Gundam.ZZ.S01E20_ENG.ass,Mobile Suit Gundam ZZ,Temporada Única,Mobile Suit Gundam ZZ,mistralai/mistral-nemo-instruct-2407,PARCIAL,480,458,0,416911,6
2026-08-08T22:59:26.455685700Z,Mobile.Suit.Gundam.ZZ.S01E21_ENG.ass,Mobile Suit Gundam ZZ,Temporada Única,Mobile Suit Gundam ZZ,mistralai/mistral-nemo-instruct-2407,PARCIAL,391,370,0,326010,7
2026-08-08T23:04:38.550754300Z,Mobile.Suit.Gundam.ZZ.S01E22_ENG.ass,Mobile Suit Gundam ZZ,Temporada Única,Mobile Suit Gundam ZZ,mistralai/mistral-nemo-instruct-2407,PARCIAL,385,365,0,312088,3
2026-08-08T23:09:51.279887400Z,Mobile.Suit.Gundam.ZZ.S01E23_ENG.ass,Mobile Suit Gundam ZZ,Temporada Única,Mobile Suit Gundam ZZ,mistralai/mistral-nemo-instruct-2407,PARCIAL,361,348,0,312720,4
2026-08-08T23:15:17.660464400Z,Mobile.Suit.Gundam.ZZ.S01E24_ENG.ass,Mobile Suit Gundam ZZ,Temporada Única,Mobile Suit Gundam ZZ,mistralai/mistral-nemo-instruct-2407,PARCIAL,381,362,0,326371,5
2026-08-08T23:19:29.860230700Z,Mobile.Suit.Gundam.ZZ.S01E25_ENG.ass,Mobile Suit Gundam ZZ,Temporada Única,Mobile Suit Gundam ZZ,mistralai/mistral-nemo-instruct-2407,CONCLUIDO,311,285,0,252192,2
2026-08-08T23:24:33.596775200Z,Mobile.Suit.Gundam.ZZ.S01E26_ENG.ass,Mobile Suit Gundam ZZ,Temporada Única,Mobile Suit Gundam ZZ,mistralai/mistral-nemo-instruct-2407,CONCLUIDO,374,350,0,303728,5
2026-08-08T23:28:55.186760900Z,Mobile.Suit.Gundam.ZZ.S01E27_ENG.ass,Mobile Suit Gundam ZZ,Temporada Única,Mobile Suit Gundam ZZ,mistralai/mistral-nemo-instruct-2407,CONCLUIDO,300,281,0,261583,3
2026-08-08T23:33:21.134433300Z,Mobile.Suit.Gundam.ZZ.S01E28_ENG.ass,Mobile Suit Gundam ZZ,Temporada Única,Mobile Suit Gundam ZZ,mistralai/mistral-nemo-instruct-2407,PARCIAL,333,306,0,265939,7
2026-08-08T23:38:28.452899300Z,Mobile.Suit.Gundam.ZZ.S01E29_ENG.ass,Mobile Suit Gundam ZZ,Temporada Única,Mobile Suit Gundam ZZ,mistralai/mistral-nemo-instruct-2407,PARCIAL,348,335,0,307310,7
2026-08-08T23:43:52.211592200Z,Mobile.Suit.Gundam.ZZ.S01E30_ENG.ass,Mobile Suit Gundam ZZ,Temporada Única,Mobile Suit Gundam ZZ,mistralai/mistral-nemo-instruct-2407,PARCIAL,387,367,0,323751,7
2026-08-08T23:48:59.358376900Z,Mobile.Suit.Gundam.ZZ.S01E31_ENG.ass,Mobile Suit Gundam ZZ,Temporada Única,Mobile Suit Gundam ZZ,mistralai/mistral-nemo-instruct-2407,PARCIAL,323,314,0,307139,12
2026-08-08T23:53:43.956997100Z,Mobile.Suit.Gundam.ZZ.S01E32_ENG.ass,Mobile Suit Gundam ZZ,Temporada Única,Mobile Suit Gundam ZZ,mistralai/mistral-nemo-instruct-2407,CONCLUIDO,316,303,0,284590,2
2026-08-08T23:59:25.850320100Z,Mobile.Suit.Gundam.ZZ.S01E33_ENG.ass,Mobile Suit Gundam ZZ,Temporada Única,Mobile Suit Gundam ZZ,mistralai/mistral-nemo-instruct-2407,CONCLUIDO,413,393,0,341885,4
2026-08-09T00:04:31.741888800Z,Mobile.Suit.Gundam.ZZ.S01E34_ENG.ass,Mobile Suit Gundam ZZ,Temporada Única,Mobile Suit Gundam ZZ,mistralai/mistral-nemo-instruct-2407,CONCLUIDO,378,364,0,305879,2
2026-08-09T00:09:09.116802900Z,Mobile.Suit.Gundam.ZZ.S01E35_ENG.ass,Mobile Suit Gundam ZZ,Temporada Única,Mobile Suit Gundam ZZ,mistralai/mistral-nemo-instruct-2407,PARCIAL,307,292,0,277366,5
2026-08-09T00:13:10.983637700Z,Mobile.Suit.Gundam.ZZ.S01E36_ENG.ass,Mobile Suit Gundam ZZ,Temporada Única,Mobile Suit Gundam ZZ,mistralai/mistral-nemo-instruct-2407,PARCIAL,290,283,0,241859,6
2026-08-09T00:18:55.652894700Z,Mobile.Suit.Gundam.ZZ.S01E37_ENG.ass,Mobile Suit Gundam ZZ,Temporada Única,Mobile Suit Gundam ZZ,mistralai/mistral-nemo-instruct-2407,CONCLUIDO,381,368,0,344659,5
2026-08-09T00:24:29.337245200Z,Mobile.Suit.Gundam.ZZ.S01E38_ENG.ass,Mobile Suit Gundam ZZ,Temporada Única,Mobile Suit Gundam ZZ,mistralai/mistral-nemo-instruct-2407,CONCLUIDO,389,374,0,333677,3
2026-08-09T00:29:19.069692900Z,Mobile.Suit.Gundam.ZZ.S01E39_ENG.ass,Mobile Suit Gundam ZZ,Temporada Única,Mobile Suit Gundam ZZ,mistralai/mistral-nemo-instruct-2407,PARCIAL,331,324,0,289724,2
2026-08-09T00:34:51.661707600Z,Mobile.Suit.Gundam.ZZ.S01E40_ENG.ass,Mobile Suit Gundam ZZ,Temporada Única,Mobile Suit Gundam ZZ,mistralai/mistral-nemo-instruct-2407,CONCLUIDO,411,393,0,332584,4
2026-08-09T00:38:47.266239500Z,Mobile.Suit.Gundam.ZZ.S01E41_ENG.ass,Mobile Suit Gundam ZZ,Temporada Única,Mobile Suit Gundam ZZ,mistralai/mistral-nemo-instruct-2407,PARCIAL,306,287,0,235593,4
2026-08-09T00:44:06.273668600Z,Mobile.Suit.Gundam.ZZ.S01E42_ENG.ass,Mobile Suit Gundam ZZ,Temporada Única,Mobile Suit Gundam ZZ,mistralai/mistral-nemo-instruct-2407,PARCIAL,414,385,0,318996,6
2026-08-09T00:49:12.827739600Z,Mobile.Suit.Gundam.ZZ.S01E43_ENG.ass,Mobile Suit Gundam ZZ,Temporada Única,Mobile Suit Gundam ZZ,mistralai/mistral-nemo-instruct-2407,CONCLUIDO,378,362,0,306545,3
2026-08-09T00:54:05.243454100Z,Mobile.Suit.Gundam.ZZ.S01E44_ENG.ass,Mobile Suit Gundam ZZ,Temporada Única,Mobile Suit Gundam ZZ,mistralai/mistral-nemo-instruct-2407,PARCIAL,329,319,0,292407,4
2026-08-09T00:58:35.270754900Z,Mobile.Suit.Gundam.ZZ.S01E45_ENG.ass,Mobile Suit Gundam ZZ,Temporada Única,Mobile Suit Gundam ZZ,mistralai/mistral-nemo-instruct-2407,CONCLUIDO,293,284,0,270010,3
2026-08-09T01:03:09.895090600Z,Mobile.Suit.Gundam.ZZ.S01E46_ENG.ass,Mobile Suit Gundam ZZ,Temporada Única,Mobile Suit Gundam ZZ,mistralai/mistral-nemo-instruct-2407,CONCLUIDO,331,320,0,274617,5
2026-08-09T01:06:32.161108400Z,Mobile.Suit.Gundam.ZZ.S01E47_ENG.ass,Mobile Suit Gundam ZZ,Temporada Única,Mobile Suit Gundam ZZ,mistralai/mistral-nemo-instruct-2407,PARCIAL,249,231,0,202252,4
2026-08-09T18:51:54.226323600Z,Mobile.Suit.Gundam.The.08th.MS.Team.S00E02_Track2.ass,[Joseki] Mobile Suit Gundam The 08th MS Team COMPLETE (1996)(BD AV1 1080p Opus)[Sub Eng],Temporada Única,Mobile Suit Gundam: The 08th MS Team,mistralai/mistral-nemo-instruct-2407,CONCLUIDO,73,70,0,68092,0
2026-08-09T18:56:51.593192300Z,Mobile.Suit.Gundam.The.08th.MS.Team.S01E01_Track3.ass,[Joseki] Mobile Suit Gundam The 08th MS Team COMPLETE (1996)(BD AV1 1080p Opus)[Sub Eng],Temporada Única,Mobile Suit Gundam: The 08th MS Team,mistralai/mistral-nemo-instruct-2407,CONCLUIDO,286,282,0,297354,0
2026-08-09T19:01:54.253301300Z,Mobile.Suit.Gundam.The.08th.MS.Team.S01E02_Track3.ass,[Joseki] Mobile Suit Gundam The 08th MS Team COMPLETE (1996)(BD AV1 1080p Opus)[Sub Eng],Temporada Única,Mobile Suit Gundam: The 08th MS Team,mistralai/mistral-nemo-instruct-2407,CONCLUIDO,267,264,0,302648,1
2026-08-09T19:08:01.944359800Z,Mobile.Suit.Gundam.The.08th.MS.Team.S01E03_Track3.ass,[Joseki] Mobile Suit Gundam The 08th MS Team COMPLETE (1996)(BD AV1 1080p Opus)[Sub Eng],Temporada Única,Mobile Suit Gundam: The 08th MS Team,mistralai/mistral-nemo-instruct-2407,CONCLUIDO,342,336,0,367678,2
2026-08-09T19:14:14.651122700Z,Mobile.Suit.Gundam.The.08th.MS.Team.S01E04_Track3.ass,[Joseki] Mobile Suit Gundam The 08th MS Team COMPLETE (1996)(BD AV1 1080p Opus)[Sub Eng],Temporada Única,Mobile Suit Gundam: The 08th MS Team,mistralai/mistral-nemo-instruct-2407,CONCLUIDO,334,328,0,372697,1
2026-08-09T19:20:31.920692500Z,Mobile.Suit.Gundam.The.08th.MS.Team.S01E05_Track3.ass,[Joseki] Mobile Suit Gundam The 08th MS Team COMPLETE (1996)(BD AV1 1080p Opus)[Sub Eng],Temporada Única,Mobile Suit Gundam: The 08th MS Team,mistralai/mistral-nemo-instruct-2407,CONCLUIDO,378,363,0,377258,1
2026-08-09T19:26:00.110144100Z,Mobile.Suit.Gundam.The.08th.MS.Team.S01E06_Track3.ass,[Joseki] Mobile Suit Gundam The 08th MS Team COMPLETE (1996)(BD AV1 1080p Opus)[Sub Eng],Temporada Única,Mobile Suit Gundam: The 08th MS Team,mistralai/mistral-nemo-instruct-2407,PARCIAL,304,295,0,328182,5
2026-08-09T19:29:33.088733900Z,Mobile.Suit.Gundam.The.08th.MS.Team.S01E07_Track3.ass,[Joseki] Mobile Suit Gundam The 08th MS Team COMPLETE (1996)(BD AV1 1080p Opus)[Sub Eng],Temporada Única,Mobile Suit Gundam: The 08th MS Team,mistralai/mistral-nemo-instruct-2407,CONCLUIDO,208,203,0,212971,0
2026-08-09T19:35:11.283346700Z,Mobile.Suit.Gundam.The.08th.MS.Team.S01E08_Track3.ass,[Joseki] Mobile Suit Gundam The 08th MS Team COMPLETE (1996)(BD AV1 1080p Opus)[Sub Eng],Temporada Única,Mobile Suit Gundam: The 08th MS Team,mistralai/mistral-nemo-instruct-2407,CONCLUIDO,301,301,0,338185,1
2026-08-09T19:40:59.950518800Z,Mobile.Suit.Gundam.The.08th.MS.Team.S01E09_Track3.ass,[Joseki] Mobile Suit Gundam The 08th MS Team COMPLETE (1996)(BD AV1 1080p Opus)[Sub Eng],Temporada Única,Mobile Suit Gundam: The 08th MS Team,mistralai/mistral-nemo-instruct-2407,PARCIAL,321,315,0,348658,7
2026-08-09T19:46:00.929953800Z,Mobile.Suit.Gundam.The.08th.MS.Team.S01E10_Track3.ass,[Joseki] Mobile Suit Gundam The 08th MS Team COMPLETE (1996)(BD AV1 1080p Opus)[Sub Eng],Temporada Única,Mobile Suit Gundam: The 08th MS Team,mistralai/mistral-nemo-instruct-2407,PARCIAL,262,260,0,300971,10
2026-08-09T19:50:30.925566600Z,Mobile.Suit.Gundam.The.08th.MS.Team.S01E11_Track3.ass,[Joseki] Mobile Suit Gundam The 08th MS Team COMPLETE (1996)(BD AV1 1080p Opus)[Sub Eng],Temporada Única,Mobile Suit Gundam: The 08th MS Team,mistralai/mistral-nemo-instruct-2407,CONCLUIDO,245,242,0,269986,2
2026-08-09T19:55:23.197960400Z,Mobile.Suit.Gundam.The.08th.MS.Team.S01E12_Track3.ass,[Joseki] Mobile Suit Gundam The 08th MS Team COMPLETE (1996)(BD AV1 1080p Opus)[Sub Eng],Temporada Única,Mobile Suit Gundam: The 08th MS Team,mistralai/mistral-nemo-instruct-2407,PARCIAL,287,281,0,292260,4
2026-08-09T21:19:00.353524900Z,Mobile.Suit.Gundam.The.08th.MS.Team.S00E02_Track2.ass,[Joseki] Mobile Suit Gundam The 08th MS Team COMPLETE (1996)(BD AV1 1080p Opus)[Sub Eng],Temporada Única,Mobile Suit Gundam: The 08th MS Team,mistralai/mistral-nemo-instruct-2407,CONCLUIDO,73,70,0,53138,0
2026-08-09T21:23:29.439527700Z,Mobile.Suit.Gundam.The.08th.MS.Team.S01E01_Track3.ass,[Joseki] Mobile Suit Gundam The 08th MS Team COMPLETE (1996)(BD AV1 1080p Opus)[Sub Eng],Temporada Única,Mobile Suit Gundam: The 08th MS Team,mistralai/mistral-nemo-instruct-2407,CONCLUIDO,286,282,0,269071,2
2026-08-09T21:28:16.569692600Z,Mobile.Suit.Gundam.The.08th.MS.Team.S01E02_Track3.ass,[Joseki] Mobile Suit Gundam The 08th MS Team COMPLETE (1996)(BD AV1 1080p Opus)[Sub Eng],Temporada Única,Mobile Suit Gundam: The 08th MS Team,mistralai/mistral-nemo-instruct-2407,CONCLUIDO,267,264,0,287123,1
2026-08-09T21:34:06.047362400Z,Mobile.Suit.Gundam.The.08th.MS.Team.S01E03_Track3.ass,[Joseki] Mobile Suit Gundam The 08th MS Team COMPLETE (1996)(BD AV1 1080p Opus)[Sub Eng],Temporada Única,Mobile Suit Gundam: The 08th MS Team,mistralai/mistral-nemo-instruct-2407,PARCIAL,342,335,0,349471,4
2026-08-09T21:39:54.567535400Z,Mobile.Suit.Gundam.The.08th.MS.Team.S01E04_Track3.ass,[Joseki] Mobile Suit Gundam The 08th MS Team COMPLETE (1996)(BD AV1 1080p Opus)[Sub Eng],Temporada Única,Mobile Suit Gundam: The 08th MS Team,mistralai/mistral-nemo-instruct-2407,CONCLUIDO,334,328,0,348512,1
2026-08-09T21:45:53.485295300Z,Mobile.Suit.Gundam.The.08th.MS.Team.S01E05_Track3.ass,[Joseki] Mobile Suit Gundam The 08th MS Team COMPLETE (1996)(BD AV1 1080p Opus)[Sub Eng],Temporada Única,Mobile Suit Gundam: The 08th MS Team,mistralai/mistral-nemo-instruct-2407,CONCLUIDO,378,363,0,358911,1
2026-08-09T21:51:09.347358600Z,Mobile.Suit.Gundam.The.08th.MS.Team.S01E06_Track3.ass,[Joseki] Mobile Suit Gundam The 08th MS Team COMPLETE (1996)(BD AV1 1080p Opus)[Sub Eng],Temporada Única,Mobile Suit Gundam: The 08th MS Team,mistralai/mistral-nemo-instruct-2407,PARCIAL,304,294,0,315854,5
2026-08-09T21:54:33.390279800Z,Mobile.Suit.Gundam.The.08th.MS.Team.S01E07_Track3.ass,[Joseki] Mobile Suit Gundam The 08th MS Team COMPLETE (1996)(BD AV1 1080p Opus)[Sub Eng],Temporada Única,Mobile Suit Gundam: The 08th MS Team,mistralai/mistral-nemo-instruct-2407,CONCLUIDO,208,203,0,204036,0
2026-08-09T21:59:43.329174500Z,Mobile.Suit.Gundam.The.08th.MS.Team.S01E08_Track3.ass,[Joseki] Mobile Suit Gundam The 08th MS Team COMPLETE (1996)(BD AV1 1080p Opus)[Sub Eng],Temporada Única,Mobile Suit Gundam: The 08th MS Team,mistralai/mistral-nemo-instruct-2407,CONCLUIDO,301,301,0,309932,0
2026-08-09T22:05:10.767769400Z,Mobile.Suit.Gundam.The.08th.MS.Team.S01E09_Track3.ass,[Joseki] Mobile Suit Gundam The 08th MS Team COMPLETE (1996)(BD AV1 1080p Opus)[Sub Eng],Temporada Única,Mobile Suit Gundam: The 08th MS Team,mistralai/mistral-nemo-instruct-2407,PARCIAL,321,315,0,327430,8
2026-08-09T22:09:48.347426100Z,Mobile.Suit.Gundam.The.08th.MS.Team.S01E10_Track3.ass,[Joseki] Mobile Suit Gundam The 08th MS Team COMPLETE (1996)(BD AV1 1080p Opus)[Sub Eng],Temporada Única,Mobile Suit Gundam: The 08th MS Team,mistralai/mistral-nemo-instruct-2407,PARCIAL,262,259,0,277570,11
2026-08-09T22:13:49.756779200Z,Mobile.Suit.Gundam.The.08th.MS.Team.S01E11_Track3.ass,[Joseki] Mobile Suit Gundam The 08th MS Team COMPLETE (1996)(BD AV1 1080p Opus)[Sub Eng],Temporada Única,Mobile Suit Gundam: The 08th MS Team,mistralai/mistral-nemo-instruct-2407,CONCLUIDO,245,242,0,241401,3
2026-08-09T22:18:10.519143300Z,Mobile.Suit.Gundam.The.08th.MS.Team.S01E12_Track3.ass,[Joseki] Mobile Suit Gundam The 08th MS Team COMPLETE (1996)(BD AV1 1080p Opus)[Sub Eng],Temporada Única,Mobile Suit Gundam: The 08th MS Team,mistralai/mistral-nemo-instruct-2407,PARCIAL,287,282,0,260755,4
2026-08-10T01:42:38.008972700Z,Mobile Suit Zeta Gundam - S01E01_Track2.ass,Mobile Suit Zeta Gundam,Temporada Única,Mobile Suit Zeta Gundam,mistralai/mistral-nemo-instruct-2407,CONCLUIDO,207,0,188,432,0
2026-08-10T01:42:43.102279300Z,Mobile Suit Zeta Gundam - S01E02_Track2.ass,Mobile Suit Zeta Gundam,Temporada Única,Mobile Suit Zeta Gundam,mistralai/mistral-nemo-instruct-2407,PARCIAL,301,0,294,5078,1
2026-08-10T01:42:47.905813900Z,Mobile Suit Zeta Gundam - S01E03_Track2.ass,Mobile Suit Zeta Gundam,Temporada Única,Mobile Suit Zeta Gundam,mistralai/mistral-nemo-instruct-2407,PARCIAL,356,0,350,4793,1
2026-08-10T01:42:48.562946400Z,Mobile Suit Zeta Gundam - S01E04_Track2.ass,Mobile Suit Zeta Gundam,Temporada Única,Mobile Suit Zeta Gundam,mistralai/mistral-nemo-instruct-2407,CONCLUIDO,318,0,312,647,0
2026-08-10T01:42:49.178134400Z,Mobile Suit Zeta Gundam - S01E05_Track2.ass,Mobile Suit Zeta Gundam,Temporada Única,Mobile Suit Zeta Gundam,mistralai/mistral-nemo-instruct-2407,CONCLUIDO,309,0,298,607,0
2026-08-10T01:43:01.967233400Z,Mobile Suit Zeta Gundam - S01E06_Track2.ass,Mobile Suit Zeta Gundam,Temporada Única,Mobile Suit Zeta Gundam,mistralai/mistral-nemo-instruct-2407,PARCIAL,344,0,332,12776,4
2026-08-10T01:43:06.733122500Z,Mobile Suit Zeta Gundam - S01E07_Track2.ass,Mobile Suit Zeta Gundam,Temporada Única,Mobile Suit Zeta Gundam,mistralai/mistral-nemo-instruct-2407,PARCIAL,303,0,300,4759,1
2026-08-10T01:43:09.953134300Z,Mobile Suit Zeta Gundam - S01E08_Track2.ass,Mobile Suit Zeta Gundam,Temporada Única,Mobile Suit Zeta Gundam,mistralai/mistral-nemo-instruct-2407,PARCIAL,294,0,289,3211,1
2026-08-10T01:43:10.625042400Z,Mobile Suit Zeta Gundam - S01E09_Track2.ass,Mobile Suit Zeta Gundam,Temporada Única,Mobile Suit Zeta Gundam,mistralai/mistral-nemo-instruct-2407,CONCLUIDO,349,0,343,664,0
2026-08-10T01:43:11.192187500Z,Mobile Suit Zeta Gundam - S01E10_Track2.ass,Mobile Suit Zeta Gundam,Temporada Única,Mobile Suit Zeta Gundam,mistralai/mistral-nemo-instruct-2407,CONCLUIDO,308,0,293,558,0
2026-08-10T01:43:11.852225200Z,Mobile Suit Zeta Gundam - S01E11_Track2.ass,Mobile Suit Zeta Gundam,Temporada Única,Mobile Suit Zeta Gundam,mistralai/mistral-nemo-instruct-2407,CONCLUIDO,364,0,353,653,0
2026-08-10T01:43:12.398493900Z,Mobile Suit Zeta Gundam - S01E12_Track2.ass,Mobile Suit Zeta Gundam,Temporada Única,Mobile Suit Zeta Gundam,mistralai/mistral-nemo-instruct-2407,CONCLUIDO,303,0,295,538,0
2026-08-10T01:43:16.574426Z,Mobile Suit Zeta Gundam - S01E13_Track2.ass,Mobile Suit Zeta Gundam,Temporada Única,Mobile Suit Zeta Gundam,mistralai/mistral-nemo-instruct-2407,PARCIAL,349,0,335,4167,2
2026-08-10T01:43:17.103184700Z,Mobile Suit Zeta Gundam - S01E14_Track2.ass,Mobile Suit Zeta Gundam,Temporada Única,Mobile Suit Zeta Gundam,mistralai/mistral-nemo-instruct-2407,CONCLUIDO,278,0,271,521,0
2026-08-10T01:43:17.725156Z,Mobile Suit Zeta Gundam - S01E15_Track2.ass,Mobile Suit Zeta Gundam,Temporada Única,Mobile Suit Zeta Gundam,mistralai/mistral-nemo-instruct-2407,CONCLUIDO,356,0,345,615,0
2026-08-10T01:43:18.358930100Z,Mobile Suit Zeta Gundam - S01E16_Track2.ass,Mobile Suit Zeta Gundam,Temporada Única,Mobile Suit Zeta Gundam,mistralai/mistral-nemo-instruct-2407,CONCLUIDO,382,0,366,625,0
2026-08-10T01:43:18.950401400Z,Mobile Suit Zeta Gundam - S01E17_Track2.ass,Mobile Suit Zeta Gundam,Temporada Única,Mobile Suit Zeta Gundam,mistralai/mistral-nemo-instruct-2407,CONCLUIDO,333,0,318,582,0
2026-08-10T01:43:23.340150Z,Mobile Suit Zeta Gundam - S01E18_Track2.ass,Mobile Suit Zeta Gundam,Temporada Única,Mobile Suit Zeta Gundam,mistralai/mistral-nemo-instruct-2407,PARCIAL,386,0,367,4381,2
2026-08-10T01:43:26.003018700Z,Mobile Suit Zeta Gundam - S01E19_Track2.ass,Mobile Suit Zeta Gundam,Temporada Única,Mobile Suit Zeta Gundam,mistralai/mistral-nemo-instruct-2407,PARCIAL,321,0,305,2654,1
2026-08-10T01:43:26.646112800Z,Mobile Suit Zeta Gundam - S01E20_Track2.ass,Mobile Suit Zeta Gundam,Temporada Única,Mobile Suit Zeta Gundam,mistralai/mistral-nemo-instruct-2407,CONCLUIDO,356,0,334,636,0
2026-08-10T01:43:27.280375500Z,Mobile Suit Zeta Gundam - S01E21_Track2.ass,Mobile Suit Zeta Gundam,Temporada Única,Mobile Suit Zeta Gundam,mistralai/mistral-nemo-instruct-2407,CONCLUIDO,352,0,344,626,0
2026-08-10T01:43:27.935778500Z,Mobile Suit Zeta Gundam - S01E22_Track2.ass,Mobile Suit Zeta Gundam,Temporada Única,Mobile Suit Zeta Gundam,mistralai/mistral-nemo-instruct-2407,CONCLUIDO,377,0,362,647,0
2026-08-10T01:43:28.651495400Z,Mobile Suit Zeta Gundam - S01E23_Track2.ass,Mobile Suit Zeta Gundam,Temporada Única,Mobile Suit Zeta Gundam,mistralai/mistral-nemo-instruct-2407,CONCLUIDO,382,0,367,706,0
2026-08-10T01:43:29.198138500Z,Mobile Suit Zeta Gundam - S01E24_Track2.ass,Mobile Suit Zeta Gundam,Temporada Única,Mobile Suit Zeta Gundam,mistralai/mistral-nemo-instruct-2407,CONCLUIDO,351,0,328,539,0
2026-08-10T01:43:29.852732800Z,Mobile Suit Zeta Gundam - S01E25_Track2.ass,Mobile Suit Zeta Gundam,Temporada Única,Mobile Suit Zeta Gundam,mistralai/mistral-nemo-instruct-2407,CONCLUIDO,367,0,354,645,0
2026-08-10T01:43:30.387977900Z,Mobile Suit Zeta Gundam - S01E26_Track2.ass,Mobile Suit Zeta Gundam,Temporada Única,Mobile Suit Zeta Gundam,mistralai/mistral-nemo-instruct-2407,CONCLUIDO,359,0,339,525,0
2026-08-10T01:43:31.027384300Z,Mobile Suit Zeta Gundam - S01E27_Track2.ass,Mobile Suit Zeta Gundam,Temporada Única,Mobile Suit Zeta Gundam,mistralai/mistral-nemo-instruct-2407,CONCLUIDO,378,0,360,632,0
2026-08-10T01:43:31.597488100Z,Mobile Suit Zeta Gundam - S01E28_Track2.ass,Mobile Suit Zeta Gundam,Temporada Única,Mobile Suit Zeta Gundam,mistralai/mistral-nemo-instruct-2407,CONCLUIDO,372,0,356,561,0
2026-08-10T01:43:34.625173500Z,Mobile Suit Zeta Gundam - S01E29_Track2.ass,Mobile Suit Zeta Gundam,Temporada Única,Mobile Suit Zeta Gundam,mistralai/mistral-nemo-instruct-2407,PARCIAL,393,0,377,3020,1
2026-08-10T01:43:35.150687400Z,Mobile Suit Zeta Gundam - S01E30_Track2.ass,Mobile Suit Zeta Gundam,Temporada Única,Mobile Suit Zeta Gundam,mistralai/mistral-nemo-instruct-2407,CONCLUIDO,295,0,282,514,0
2026-08-10T01:43:35.683192200Z,Mobile Suit Zeta Gundam - S01E31_Track2.ass,Mobile Suit Zeta Gundam,Temporada Única,Mobile Suit Zeta Gundam,mistralai/mistral-nemo-instruct-2407,CONCLUIDO,342,0,331,524,0
2026-08-10T01:43:36.209041600Z,Mobile Suit Zeta Gundam - S01E32_Track2.ass,Mobile Suit Zeta Gundam,Temporada Única,Mobile Suit Zeta Gundam,mistralai/mistral-nemo-instruct-2407,CONCLUIDO,347,0,329,517,0
2026-08-10T01:43:36.716505500Z,Mobile Suit Zeta Gundam - S01E33_Track2.ass,Mobile Suit Zeta Gundam,Temporada Única,Mobile Suit Zeta Gundam,mistralai/mistral-nemo-instruct-2407,CONCLUIDO,336,0,317,499,0
2026-08-10T01:43:37.236246300Z,Mobile Suit Zeta Gundam - S01E34_Track2.ass,Mobile Suit Zeta Gundam,Temporada Única,Mobile Suit Zeta Gundam,mistralai/mistral-nemo-instruct-2407,CONCLUIDO,352,0,337,513,0
2026-08-10T01:43:37.751272700Z,Mobile Suit Zeta Gundam - S01E35_Track2.ass,Mobile Suit Zeta Gundam,Temporada Única,Mobile Suit Zeta Gundam,mistralai/mistral-nemo-instruct-2407,CONCLUIDO,335,0,321,507,0
2026-08-10T01:43:38.198760900Z,Mobile Suit Zeta Gundam - S01E36_Track2.ass,Mobile Suit Zeta Gundam,Temporada Única,Mobile Suit Zeta Gundam,mistralai/mistral-nemo-instruct-2407,CONCLUIDO,314,0,288,440,0
2026-08-10T01:43:38.838523600Z,Mobile Suit Zeta Gundam - S01E37_Track2.ass,Mobile Suit Zeta Gundam,Temporada Única,Mobile Suit Zeta Gundam,mistralai/mistral-nemo-instruct-2407,CONCLUIDO,376,0,369,630,0
2026-08-10T01:43:41.388401500Z,Mobile Suit Zeta Gundam - S01E38_Track2.ass,Mobile Suit Zeta Gundam,Temporada Única,Mobile Suit Zeta Gundam,mistralai/mistral-nemo-instruct-2407,PARCIAL,381,0,359,2540,1
2026-08-10T01:43:42.426146800Z,Mobile Suit Zeta Gundam - S01E39_Track2.ass,Mobile Suit Zeta Gundam,Temporada Única,Mobile Suit Zeta Gundam,mistralai/mistral-nemo-instruct-2407,CONCLUIDO,391,1,370,1031,0
2026-08-10T01:43:42.997808700Z,Mobile Suit Zeta Gundam - S01E40_Track2.ass,Mobile Suit Zeta Gundam,Temporada Única,Mobile Suit Zeta Gundam,mistralai/mistral-nemo-instruct-2407,CONCLUIDO,378,0,355,563,0
2026-08-10T01:43:43.595177800Z,Mobile Suit Zeta Gundam - S01E41_Track2.ass,Mobile Suit Zeta Gundam,Temporada Única,Mobile Suit Zeta Gundam,mistralai/mistral-nemo-instruct-2407,CONCLUIDO,407,0,395,589,0
2026-08-10T01:43:44.062665200Z,Mobile Suit Zeta Gundam - S01E42_Track2.ass,Mobile Suit Zeta Gundam,Temporada Única,Mobile Suit Zeta Gundam,mistralai/mistral-nemo-instruct-2407,CONCLUIDO,311,0,293,459,0
2026-08-10T01:43:44.578436900Z,Mobile Suit Zeta Gundam - S01E43_Track2.ass,Mobile Suit Zeta Gundam,Temporada Única,Mobile Suit Zeta Gundam,mistralai/mistral-nemo-instruct-2407,CONCLUIDO,320,0,299,508,0
2026-08-10T01:43:48.332717700Z,Mobile Suit Zeta Gundam - S01E44_Track2.ass,Mobile Suit Zeta Gundam,Temporada Única,Mobile Suit Zeta Gundam,mistralai/mistral-nemo-instruct-2407,CONCLUIDO,373,2,342,3746,0
2026-08-10T01:43:50.302354300Z,Mobile Suit Zeta Gundam - S01E45_Track2.ass,Mobile Suit Zeta Gundam,Temporada Única,Mobile Suit Zeta Gundam,mistralai/mistral-nemo-instruct-2407,CONCLUIDO,306,1,291,1960,0
2026-08-10T01:43:50.815604900Z,Mobile Suit Zeta Gundam - S01E46_Track2.ass,Mobile Suit Zeta Gundam,Temporada Única,Mobile Suit Zeta Gundam,mistralai/mistral-nemo-instruct-2407,CONCLUIDO,351,0,325,506,0
2026-08-10T01:43:51.321016Z,Mobile Suit Zeta Gundam - S01E47_Track2.ass,Mobile Suit Zeta Gundam,Temporada Única,Mobile Suit Zeta Gundam,mistralai/mistral-nemo-instruct-2407,CONCLUIDO,350,0,336,497,0
2026-08-10T01:43:51.759658900Z,Mobile Suit Zeta Gundam - S01E48_Track2.ass,Mobile Suit Zeta Gundam,Temporada Única,Mobile Suit Zeta Gundam,mistralai/mistral-nemo-instruct-2407,CONCLUIDO,308,0,283,430,0
2026-08-10T01:43:52.152881900Z,Mobile Suit Zeta Gundam - S01E49_Track2.ass,Mobile Suit Zeta Gundam,Temporada Única,Mobile Suit Zeta Gundam,mistralai/mistral-nemo-instruct-2407,CONCLUIDO,286,0,265,385,0
2026-08-10T01:43:52.633917700Z,Mobile Suit Zeta Gundam - S01E50_Track2.ass,Mobile Suit Zeta Gundam,Temporada Única,Mobile Suit Zeta Gundam,mistralai/mistral-nemo-instruct-2407,CONCLUIDO,329,0,313,472,0
2026-08-10T19:23:42.043271100Z,Mobile Suit Zeta Gundam - S01E01_Track2.ass,Mobile Suit Zeta Gundam,Temporada Única,Mobile Suit Zeta Gundam,mistralai/mistral-nemo-instruct-2407,CONCLUIDO,207,188,0,184657,1
2026-08-10T19:23:42.061882300Z,Mobile Suit Zeta Gundam - S01E01_Track2_PT-BR.ass,Mobile Suit Zeta Gundam,Temporada Única,Mobile Suit Zeta Gundam,,BLOQUEADO,0,0,0,0,1
2026-08-10T19:28:59.839679500Z,Mobile Suit Zeta Gundam - S01E02_Track2.ass,Mobile Suit Zeta Gundam,Temporada Única,Mobile Suit Zeta Gundam,mistralai/mistral-nemo-instruct-2407,PARCIAL,301,294,0,317770,2
2026-08-10T19:28:59.853667800Z,Mobile Suit Zeta Gundam - S01E02_Track2_PT-BR.parcial.ass,Mobile Suit Zeta Gundam,Temporada Única,Mobile Suit Zeta Gundam,,BLOQUEADO,0,0,0,0,1
2026-08-10T19:35:27.359445900Z,Mobile Suit Zeta Gundam - S01E03_Track2.ass,Mobile Suit Zeta Gundam,Temporada Única,Mobile Suit Zeta Gundam,mistralai/mistral-nemo-instruct-2407,CONCLUIDO,356,351,0,387498,2
2026-08-10T19:35:27.376446600Z,Mobile Suit Zeta Gundam - S01E03_Track2_PT-BR.parcial.ass,Mobile Suit Zeta Gundam,Temporada Única,Mobile Suit Zeta Gundam,,BLOQUEADO,0,0,0,0,1
2026-08-10T19:41:07.697558200Z,Mobile Suit Zeta Gundam - S01E04_Track2.ass,Mobile Suit Zeta Gundam,Temporada Única,Mobile Suit Zeta Gundam,mistralai/mistral-nemo-instruct-2407,PARCIAL,318,311,0,340312,3
2026-08-10T19:41:07.731729900Z,Mobile Suit Zeta Gundam - S01E04_Track2_PT-BR.ass,Mobile Suit Zeta Gundam,Temporada Única,Mobile Suit Zeta Gundam,,BLOQUEADO,0,0,0,0,1
2026-08-10T19:46:51.282254500Z,Mobile Suit Zeta Gundam - S01E05_Track2.ass,Mobile Suit Zeta Gundam,Temporada Única,Mobile Suit Zeta Gundam,mistralai/mistral-nemo-instruct-2407,CONCLUIDO,309,298,0,343540,2
2026-08-10T19:46:51.304255100Z,Mobile Suit Zeta Gundam - S01E05_Track2_PT-BR.ass,Mobile Suit Zeta Gundam,Temporada Única,Mobile Suit Zeta Gundam,,BLOQUEADO,0,0,0,0,1
2026-08-10T19:53:06.946969600Z,Mobile Suit Zeta Gundam - S01E06_Track2.ass,Mobile Suit Zeta Gundam,Temporada Única,Mobile Suit Zeta Gundam,mistralai/mistral-nemo-instruct-2407,PARCIAL,344,335,0,375631,4
2026-08-10T19:53:06.963946Z,Mobile Suit Zeta Gundam - S01E06_Track2_PT-BR.parcial.ass,Mobile Suit Zeta Gundam,Temporada Única,Mobile Suit Zeta Gundam,,BLOQUEADO,0,0,0,0,1
2026-08-10T19:58:54.136537100Z,Mobile Suit Zeta Gundam - S01E07_Track2.ass,Mobile Suit Zeta Gundam,Temporada Única,Mobile Suit Zeta Gundam,mistralai/mistral-nemo-instruct-2407,CONCLUIDO,303,301,0,347165,1
2026-08-10T19:58:54.149544900Z,Mobile Suit Zeta Gundam - S01E07_Track2_PT-BR.parcial.ass,Mobile Suit Zeta Gundam,Temporada Única,Mobile Suit Zeta Gundam,,BLOQUEADO,0,0,0,0,1
2026-08-10T20:04:40.631434200Z,Mobile Suit Zeta Gundam - S01E08_Track2.ass,Mobile Suit Zeta Gundam,Temporada Única,Mobile Suit Zeta Gundam,mistralai/mistral-nemo-instruct-2407,PARCIAL,294,288,0,346473,3
2026-08-10T20:04:40.649361300Z,Mobile Suit Zeta Gundam - S01E08_Track2_PT-BR.parcial.ass,Mobile Suit Zeta Gundam,Temporada Única,Mobile Suit Zeta Gundam,,BLOQUEADO,0,0,0,0,1
2026-08-10T20:11:03.263349300Z,Mobile Suit Zeta Gundam - S01E09_Track2.ass,Mobile Suit Zeta Gundam,Temporada Única,Mobile Suit Zeta Gundam,mistralai/mistral-nemo-instruct-2407,CONCLUIDO,349,343,0,382605,6
2026-08-10T20:11:03.284356Z,Mobile Suit Zeta Gundam - S01E09_Track2_PT-BR.ass,Mobile Suit Zeta Gundam,Temporada Única,Mobile Suit Zeta Gundam,,BLOQUEADO,0,0,0,0,1
2026-08-10T20:16:42.816452500Z,Mobile Suit Zeta Gundam - S01E10_Track2.ass,Mobile Suit Zeta Gundam,Temporada Única,Mobile Suit Zeta Gundam,mistralai/mistral-nemo-instruct-2407,PARCIAL,308,292,0,339522,5
2026-08-10T20:16:42.836056800Z,Mobile Suit Zeta Gundam - S01E10_Track2_PT-BR.ass,Mobile Suit Zeta Gundam,Temporada Única,Mobile Suit Zeta Gundam,,BLOQUEADO,0,0,0,0,1
2026-08-10T20:23:31.308514300Z,Mobile Suit Zeta Gundam - S01E11_Track2.ass,Mobile Suit Zeta Gundam,Temporada Única,Mobile Suit Zeta Gundam,mistralai/mistral-nemo-instruct-2407,CONCLUIDO,364,353,0,408461,2
2026-08-10T20:23:31.331514400Z,Mobile Suit Zeta Gundam - S01E11_Track2_PT-BR.ass,Mobile Suit Zeta Gundam,Temporada Única,Mobile Suit Zeta Gundam,,BLOQUEADO,0,0,0,0,1
2026-08-10T20:28:46.912482200Z,Mobile Suit Zeta Gundam - S01E12_Track2.ass,Mobile Suit Zeta Gundam,Temporada Única,Mobile Suit Zeta Gundam,mistralai/mistral-nemo-instruct-2407,CONCLUIDO,303,295,0,315569,3
2026-08-10T20:28:46.933479300Z,Mobile Suit Zeta Gundam - S01E12_Track2_PT-BR.ass,Mobile Suit Zeta Gundam,Temporada Única,Mobile Suit Zeta Gundam,,BLOQUEADO,0,0,0,0,1
2026-08-10T20:35:38.426479600Z,Mobile Suit Zeta Gundam - S01E13_Track2.ass,Mobile Suit Zeta Gundam,Temporada Única,Mobile Suit Zeta Gundam,mistralai/mistral-nemo-instruct-2407,PARCIAL,349,335,0,411468,4
2026-08-10T20:35:38.456008300Z,Mobile Suit Zeta Gundam - S01E13_Track2_PT-BR.parcial.ass,Mobile Suit Zeta Gundam,Temporada Única,Mobile Suit Zeta Gundam,,BLOQUEADO,0,0,0,0,1
2026-08-10T20:40:23.778667800Z,Mobile Suit Zeta Gundam - S01E14_Track2.ass,Mobile Suit Zeta Gundam,Temporada Única,Mobile Suit Zeta Gundam,mistralai/mistral-nemo-instruct-2407,CONCLUIDO,278,271,0,285313,1
2026-08-10T20:40:23.790664700Z,Mobile Suit Zeta Gundam - S01E14_Track2_PT-BR.ass,Mobile Suit Zeta Gundam,Temporada Única,Mobile Suit Zeta Gundam,,BLOQUEADO,0,0,0,0,1
2026-08-10T20:46:37.816004Z,Mobile Suit Zeta Gundam - S01E15_Track2.ass,Mobile Suit Zeta Gundam,Temporada Única,Mobile Suit Zeta Gundam,mistralai/mistral-nemo-instruct-2407,PARCIAL,356,344,0,374017,5
2026-08-10T20:46:37.831004900Z,Mobile Suit Zeta Gundam - S01E15_Track2_PT-BR.ass,Mobile Suit Zeta Gundam,Temporada Única,Mobile Suit Zeta Gundam,,BLOQUEADO,0,0,0,0,1
2026-08-10T20:53:07.231504600Z,Mobile Suit Zeta Gundam - S01E16_Track2.ass,Mobile Suit Zeta Gundam,Temporada Única,Mobile Suit Zeta Gundam,mistralai/mistral-nemo-instruct-2407,CONCLUIDO,382,366,0,389389,3
2026-08-10T20:53:07.243668900Z,Mobile Suit Zeta Gundam - S01E16_Track2_PT-BR.ass,Mobile Suit Zeta Gundam,Temporada Única,Mobile Suit Zeta Gundam,,BLOQUEADO,0,0,0,0,1
2026-08-10T20:58:52.962655200Z,Mobile Suit Zeta Gundam - S01E17_Track2.ass,Mobile Suit Zeta Gundam,Temporada Única,Mobile Suit Zeta Gundam,mistralai/mistral-nemo-instruct-2407,PARCIAL,333,317,0,345697,3
2026-08-10T20:58:52.976655200Z,Mobile Suit Zeta Gundam - S01E17_Track2_PT-BR.ass,Mobile Suit Zeta Gundam,Temporada Única,Mobile Suit Zeta Gundam,,BLOQUEADO,0,0,0,0,1
2026-08-10T21:05:22.839415400Z,Mobile Suit Zeta Gundam - S01E18_Track2.ass,Mobile Suit Zeta Gundam,Temporada Única,Mobile Suit Zeta Gundam,mistralai/mistral-nemo-instruct-2407,PARCIAL,386,366,0,389855,5
2026-08-10T21:05:22.856415Z,Mobile Suit Zeta Gundam - S01E18_Track2_PT-BR.parcial.ass,Mobile Suit Zeta Gundam,Temporada Única,Mobile Suit Zeta Gundam,,BLOQUEADO,0,0,0,0,1
2026-08-10T21:10:26.785365600Z,Mobile Suit Zeta Gundam - S01E19_Track2.ass,Mobile Suit Zeta Gundam,Temporada Única,Mobile Suit Zeta Gundam,mistralai/mistral-nemo-instruct-2407,PARCIAL,321,305,0,303922,2
2026-08-10T21:10:26.800457500Z,Mobile Suit Zeta Gundam - S01E19_Track2_PT-BR.parcial.ass,Mobile Suit Zeta Gundam,Temporada Única,Mobile Suit Zeta Gundam,,BLOQUEADO,0,0,0,0,1
2026-08-10T21:16:27.301833600Z,Mobile Suit Zeta Gundam - S01E20_Track2.ass,Mobile Suit Zeta Gundam,Temporada Única,Mobile Suit Zeta Gundam,mistralai/mistral-nemo-instruct-2407,CONCLUIDO,356,334,0,360493,1
2026-08-10T21:16:27.318833100Z,Mobile Suit Zeta Gundam - S01E20_Track2_PT-BR.ass,Mobile Suit Zeta Gundam,Temporada Única,Mobile Suit Zeta Gundam,,BLOQUEADO,0,0,0,0,1
2026-08-10T21:22:36.961635400Z,Mobile Suit Zeta Gundam - S01E21_Track2.ass,Mobile Suit Zeta Gundam,Temporada Única,Mobile Suit Zeta Gundam,mistralai/mistral-nemo-instruct-2407,CONCLUIDO,352,344,0,369626,3
2026-08-10T21:22:36.977840Z,Mobile Suit Zeta Gundam - S01E21_Track2_PT-BR.ass,Mobile Suit Zeta Gundam,Temporada Única,Mobile Suit Zeta Gundam,,BLOQUEADO,0,0,0,0,1
2026-08-10T21:29:06.395630600Z,Mobile Suit Zeta Gundam - S01E22_Track2.ass,Mobile Suit Zeta Gundam,Temporada Única,Mobile Suit Zeta Gundam,mistralai/mistral-nemo-instruct-2407,CONCLUIDO,377,362,0,389410,5
2026-08-10T21:29:06.409624Z,Mobile Suit Zeta Gundam - S01E22_Track2_PT-BR.ass,Mobile Suit Zeta Gundam,Temporada Única,Mobile Suit Zeta Gundam,,BLOQUEADO,0,0,0,0,1
2026-08-10T21:36:01.722330200Z,Mobile Suit Zeta Gundam - S01E23_Track2.ass,Mobile Suit Zeta Gundam,Temporada Única,Mobile Suit Zeta Gundam,mistralai/mistral-nemo-instruct-2407,CONCLUIDO,382,367,0,415303,2
2026-08-10T21:36:01.743757400Z,Mobile Suit Zeta Gundam - S01E23_Track2_PT-BR.ass,Mobile Suit Zeta Gundam,Temporada Única,Mobile Suit Zeta Gundam,,BLOQUEADO,0,0,0,0,1
2026-08-10T21:41:35.129476900Z,Mobile Suit Zeta Gundam - S01E24_Track2.ass,Mobile Suit Zeta Gundam,Temporada Única,Mobile Suit Zeta Gundam,mistralai/mistral-nemo-instruct-2407,CONCLUIDO,351,328,0,333374,2
2026-08-10T21:41:35.144476300Z,Mobile Suit Zeta Gundam - S01E24_Track2_PT-BR.ass,Mobile Suit Zeta Gundam,Temporada Única,Mobile Suit Zeta Gundam,,BLOQUEADO,0,0,0,0,1
2026-08-10T21:48:26.578682600Z,Mobile Suit Zeta Gundam - S01E25_Track2.ass,Mobile Suit Zeta Gundam,Temporada Única,Mobile Suit Zeta Gundam,mistralai/mistral-nemo-instruct-2407,PARCIAL,367,352,0,411423,4
2026-08-10T21:48:26.588683400Z,Mobile Suit Zeta Gundam - S01E25_Track2_PT-BR.ass,Mobile Suit Zeta Gundam,Temporada Única,Mobile Suit Zeta Gundam,,BLOQUEADO,0,0,0,0,1
2026-08-10T21:54:07.045089200Z,Mobile Suit Zeta Gundam - S01E26_Track2.ass,Mobile Suit Zeta Gundam,Temporada Única,Mobile Suit Zeta Gundam,mistralai/mistral-nemo-instruct-2407,CONCLUIDO,359,339,0,340447,4
2026-08-10T21:54:07.061096800Z,Mobile Suit Zeta Gundam - S01E26_Track2_PT-BR.ass,Mobile Suit Zeta Gundam,Temporada Única,Mobile Suit Zeta Gundam,,BLOQUEADO,0,0,0,0,1
2026-08-10T22:00:45.593472800Z,Mobile Suit Zeta Gundam - S01E27_Track2.ass,Mobile Suit Zeta Gundam,Temporada Única,Mobile Suit Zeta Gundam,mistralai/mistral-nemo-instruct-2407,CONCLUIDO,378,360,0,398524,2
2026-08-10T22:00:45.607408Z,Mobile Suit Zeta Gundam - S01E27_Track2_PT-BR.ass,Mobile Suit Zeta Gundam,Temporada Única,Mobile Suit Zeta Gundam,,BLOQUEADO,0,0,0,0,1
2026-08-10T22:06:58.786310100Z,Mobile Suit Zeta Gundam - S01E28_Track2.ass,Mobile Suit Zeta Gundam,Temporada Única,Mobile Suit Zeta Gundam,mistralai/mistral-nemo-instruct-2407,CONCLUIDO,372,356,0,373166,3
2026-08-10T22:06:58.800332100Z,Mobile Suit Zeta Gundam - S01E28_Track2_PT-BR.ass,Mobile Suit Zeta Gundam,Temporada Única,Mobile Suit Zeta Gundam,,BLOQUEADO,0,0,0,0,1
2026-08-10T22:13:57.282991600Z,Mobile Suit Zeta Gundam - S01E29_Track2.ass,Mobile Suit Zeta Gundam,Temporada Única,Mobile Suit Zeta Gundam,mistralai/mistral-nemo-instruct-2407,PARCIAL,393,377,0,418473,6
2026-08-10T22:13:57.297376400Z,Mobile Suit Zeta Gundam - S01E29_Track2_PT-BR.parcial.ass,Mobile Suit Zeta Gundam,Temporada Única,Mobile Suit Zeta Gundam,,BLOQUEADO,0,0,0,0,1
2026-08-10T22:18:52.046034400Z,Mobile Suit Zeta Gundam - S01E30_Track2.ass,Mobile Suit Zeta Gundam,Temporada Única,Mobile Suit Zeta Gundam,mistralai/mistral-nemo-instruct-2407,CONCLUIDO,295,282,0,294734,4
2026-08-10T22:18:52.056034900Z,Mobile Suit Zeta Gundam - S01E30_Track2_PT-BR.ass,Mobile Suit Zeta Gundam,Temporada Única,Mobile Suit Zeta Gundam,,BLOQUEADO,0,0,0,0,1
2026-08-10T22:24:31.077601400Z,Mobile Suit Zeta Gundam - S01E31_Track2.ass,Mobile Suit Zeta Gundam,Temporada Única,Mobile Suit Zeta Gundam,mistralai/mistral-nemo-instruct-2407,PARCIAL,342,330,0,339012,4
2026-08-10T22:24:31.087599800Z,Mobile Suit Zeta Gundam - S01E31_Track2_PT-BR.ass,Mobile Suit Zeta Gundam,Temporada Única,Mobile Suit Zeta Gundam,,BLOQUEADO,0,0,0,0,1
2026-08-10T22:30:06.268208700Z,Mobile Suit Zeta Gundam - S01E32_Track2.ass,Mobile Suit Zeta Gundam,Temporada Única,Mobile Suit Zeta Gundam,mistralai/mistral-nemo-instruct-2407,CONCLUIDO,347,329,0,335173,2
2026-08-10T22:30:06.279706100Z,Mobile Suit Zeta Gundam - S01E32_Track2_PT-BR.ass,Mobile Suit Zeta Gundam,Temporada Única,Mobile Suit Zeta Gundam,,BLOQUEADO,0,0,0,0,1
2026-08-10T22:35:24.383986Z,Mobile Suit Zeta Gundam - S01E33_Track2.ass,Mobile Suit Zeta Gundam,Temporada Única,Mobile Suit Zeta Gundam,mistralai/mistral-nemo-instruct-2407,PARCIAL,336,316,0,318095,3
2026-08-10T22:35:24.394985400Z,Mobile Suit Zeta Gundam - S01E33_Track2_PT-BR.ass,Mobile Suit Zeta Gundam,Temporada Única,Mobile Suit Zeta Gundam,,BLOQUEADO,0,0,0,0,1
2026-08-10T22:41:02.816037500Z,Mobile Suit Zeta Gundam - S01E34_Track2.ass,Mobile Suit Zeta Gundam,Temporada Única,Mobile Suit Zeta Gundam,mistralai/mistral-nemo-instruct-2407,CONCLUIDO,352,337,0,338414,2
2026-08-10T22:41:02.827039200Z,Mobile Suit Zeta Gundam - S01E34_Track2_PT-BR.ass,Mobile Suit Zeta Gundam,Temporada Única,Mobile Suit Zeta Gundam,,BLOQUEADO,0,0,0,0,1
2026-08-10T22:46:40.355993500Z,Mobile Suit Zeta Gundam - S01E35_Track2.ass,Mobile Suit Zeta Gundam,Temporada Única,Mobile Suit Zeta Gundam,mistralai/mistral-nemo-instruct-2407,PARCIAL,335,320,0,337520,3
2026-08-10T22:46:40.366515Z,Mobile Suit Zeta Gundam - S01E35_Track2_PT-BR.ass,Mobile Suit Zeta Gundam,Temporada Única,Mobile Suit Zeta Gundam,,BLOQUEADO,0,0,0,0,1
2026-08-10T22:51:25.253593800Z,Mobile Suit Zeta Gundam - S01E36_Track2.ass,Mobile Suit Zeta Gundam,Temporada Única,Mobile Suit Zeta Gundam,mistralai/mistral-nemo-instruct-2407,CONCLUIDO,314,288,0,284878,2
2026-08-10T22:51:25.264594500Z,Mobile Suit Zeta Gundam - S01E36_Track2_PT-BR.ass,Mobile Suit Zeta Gundam,Temporada Única,Mobile Suit Zeta Gundam,,BLOQUEADO,0,0,0,0,1
2026-08-10T22:58:07.386971300Z,Mobile Suit Zeta Gundam - S01E37_Track2.ass,Mobile Suit Zeta Gundam,Temporada Única,Mobile Suit Zeta Gundam,mistralai/mistral-nemo-instruct-2407,CONCLUIDO,376,369,0,402113,2
2026-08-10T22:58:07.398975300Z,Mobile Suit Zeta Gundam - S01E37_Track2_PT-BR.ass,Mobile Suit Zeta Gundam,Temporada Única,Mobile Suit Zeta Gundam,,BLOQUEADO,0,0,0,0,1
2026-08-10T23:04:36.145684600Z,Mobile Suit Zeta Gundam - S01E38_Track2.ass,Mobile Suit Zeta Gundam,Temporada Única,Mobile Suit Zeta Gundam,mistralai/mistral-nemo-instruct-2407,PARCIAL,381,359,0,388737,4
2026-08-10T23:04:36.156089800Z,Mobile Suit Zeta Gundam - S01E38_Track2_PT-BR.parcial.ass,Mobile Suit Zeta Gundam,Temporada Única,Mobile Suit Zeta Gundam,,BLOQUEADO,0,0,0,0,1
2026-08-10T23:10:32.650034900Z,Mobile Suit Zeta Gundam - S01E39_Track2.ass,Mobile Suit Zeta Gundam,Temporada Única,Mobile Suit Zeta Gundam,mistralai/mistral-nemo-instruct-2407,CONCLUIDO,391,371,0,356486,2
2026-08-10T23:10:32.661214100Z,Mobile Suit Zeta Gundam - S01E39_Track2_PT-BR.ass,Mobile Suit Zeta Gundam,Temporada Única,Mobile Suit Zeta Gundam,,BLOQUEADO,0,0,0,0,1
2026-08-10T23:16:32.149769400Z,Mobile Suit Zeta Gundam - S01E40_Track2.ass,Mobile Suit Zeta Gundam,Temporada Única,Mobile Suit Zeta Gundam,mistralai/mistral-nemo-instruct-2407,CONCLUIDO,378,355,0,359480,1
2026-08-10T23:16:32.167279700Z,Mobile Suit Zeta Gundam - S01E40_Track2_PT-BR.ass,Mobile Suit Zeta Gundam,Temporada Única,Mobile Suit Zeta Gundam,,BLOQUEADO,0,0,0,0,1
2026-08-10T23:23:06.953893400Z,Mobile Suit Zeta Gundam - S01E41_Track2.ass,Mobile Suit Zeta Gundam,Temporada Única,Mobile Suit Zeta Gundam,mistralai/mistral-nemo-instruct-2407,CONCLUIDO,407,395,0,394775,1
2026-08-10T23:23:06.967878800Z,Mobile Suit Zeta Gundam - S01E41_Track2_PT-BR.ass,Mobile Suit Zeta Gundam,Temporada Única,Mobile Suit Zeta Gundam,,BLOQUEADO,0,0,0,0,1
2026-08-10T23:28:14.778400300Z,Mobile Suit Zeta Gundam - S01E42_Track2.ass,Mobile Suit Zeta Gundam,Temporada Única,Mobile Suit Zeta Gundam,mistralai/mistral-nemo-instruct-2407,CONCLUIDO,311,293,0,307802,2
2026-08-10T23:28:14.796416700Z,Mobile Suit Zeta Gundam - S01E42_Track2_PT-BR.ass,Mobile Suit Zeta Gundam,Temporada Única,Mobile Suit Zeta Gundam,,BLOQUEADO,0,0,0,0,1
2026-08-10T23:33:37.564577400Z,Mobile Suit Zeta Gundam - S01E43_Track2.ass,Mobile Suit Zeta Gundam,Temporada Única,Mobile Suit Zeta Gundam,mistralai/mistral-nemo-instruct-2407,CONCLUIDO,320,299,0,322759,3
2026-08-10T23:33:37.577906500Z,Mobile Suit Zeta Gundam - S01E43_Track2_PT-BR.ass,Mobile Suit Zeta Gundam,Temporada Única,Mobile Suit Zeta Gundam,,BLOQUEADO,0,0,0,0,1
2026-08-10T23:39:18.478225900Z,Mobile Suit Zeta Gundam - S01E44_Track2.ass,Mobile Suit Zeta Gundam,Temporada Única,Mobile Suit Zeta Gundam,mistralai/mistral-nemo-instruct-2407,CONCLUIDO,373,344,0,340891,2
2026-08-10T23:39:18.489226800Z,Mobile Suit Zeta Gundam - S01E44_Track2_PT-BR.ass,Mobile Suit Zeta Gundam,Temporada Única,Mobile Suit Zeta Gundam,,BLOQUEADO,0,0,0,0,1
2026-08-10T23:44:16.914140400Z,Mobile Suit Zeta Gundam - S01E45_Track2.ass,Mobile Suit Zeta Gundam,Temporada Única,Mobile Suit Zeta Gundam,mistralai/mistral-nemo-instruct-2407,CONCLUIDO,306,292,0,298416,1
2026-08-10T23:44:16.925141Z,Mobile Suit Zeta Gundam - S01E45_Track2_PT-BR.ass,Mobile Suit Zeta Gundam,Temporada Única,Mobile Suit Zeta Gundam,,BLOQUEADO,0,0,0,0,1
2026-08-10T23:49:43.770153500Z,Mobile Suit Zeta Gundam - S01E46_Track2.ass,Mobile Suit Zeta Gundam,Temporada Única,Mobile Suit Zeta Gundam,mistralai/mistral-nemo-instruct-2407,PARCIAL,351,324,0,326836,3
2026-08-10T23:49:43.781580100Z,Mobile Suit Zeta Gundam - S01E46_Track2_PT-BR.ass,Mobile Suit Zeta Gundam,Temporada Única,Mobile Suit Zeta Gundam,,BLOQUEADO,0,0,0,0,1
2026-08-10T23:55:13.042855300Z,Mobile Suit Zeta Gundam - S01E47_Track2.ass,Mobile Suit Zeta Gundam,Temporada Única,Mobile Suit Zeta Gundam,mistralai/mistral-nemo-instruct-2407,CONCLUIDO,350,336,0,329252,6
2026-08-10T23:55:13.053803600Z,Mobile Suit Zeta Gundam - S01E47_Track2_PT-BR.ass,Mobile Suit Zeta Gundam,Temporada Única,Mobile Suit Zeta Gundam,,BLOQUEADO,0,0,0,0,1
2026-08-10T23:59:45.448642200Z,Mobile Suit Zeta Gundam - S01E48_Track2.ass,Mobile Suit Zeta Gundam,Temporada Única,Mobile Suit Zeta Gundam,mistralai/mistral-nemo-instruct-2407,CONCLUIDO,308,283,0,272387,3
2026-08-10T23:59:45.459045800Z,Mobile Suit Zeta Gundam - S01E48_Track2_PT-BR.ass,Mobile Suit Zeta Gundam,Temporada Única,Mobile Suit Zeta Gundam,,BLOQUEADO,0,0,0,0,1
2026-08-11T00:03:45.589386300Z,Mobile Suit Zeta Gundam - S01E49_Track2.ass,Mobile Suit Zeta Gundam,Temporada Única,Mobile Suit Zeta Gundam,mistralai/mistral-nemo-instruct-2407,CONCLUIDO,286,265,0,240122,2
2026-08-11T00:03:45.601384300Z,Mobile Suit Zeta Gundam - S01E49_Track2_PT-BR.ass,Mobile Suit Zeta Gundam,Temporada Única,Mobile Suit Zeta Gundam,,BLOQUEADO,0,0,0,0,1
2026-08-11T00:08:50.097759300Z,Mobile Suit Zeta Gundam - S01E50_Track2.ass,Mobile Suit Zeta Gundam,Temporada Única,Mobile Suit Zeta Gundam,mistralai/mistral-nemo-instruct-2407,PARCIAL,329,312,0,304487,2
2026-08-11T00:08:50.107750100Z,Mobile Suit Zeta Gundam - S01E50_Track2_PT-BR.ass,Mobile Suit Zeta Gundam,Temporada Única,Mobile Suit Zeta Gundam,,BLOQUEADO,0,0,0,0,1
2026-08-11T02:07:31.085174100Z,Mobile Suit Zeta Gundam - S01E01_Track2.ass,Mobile Suit Zeta Gundam,Temporada Única,Mobile Suit Zeta Gundam,mistralai/mistral-nemo-instruct-2407,CONCLUIDO,207,188,0,173815,0
2026-08-11T02:09:03.142098700Z,Mobile Suit Zeta Gundam - S01E01_Track2_PT-BR.ass,Mobile Suit Zeta Gundam,Temporada Única,Mobile Suit Zeta Gundam,mistralai/mistral-nemo-instruct-2407,PARCIAL,207,56,0,92048,26
2026-08-11T02:14:07.878368300Z,Mobile Suit Zeta Gundam - S01E02_Track2.ass,Mobile Suit Zeta Gundam,Temporada Única,Mobile Suit Zeta Gundam,mistralai/mistral-nemo-instruct-2407,PARCIAL,301,294,0,304726,1
2026-08-11T02:16:00.622244900Z,Mobile Suit Zeta Gundam - S01E02_Track2_PT-BR.parcial.ass,Mobile Suit Zeta Gundam,Temporada Única,Mobile Suit Zeta Gundam,mistralai/mistral-nemo-instruct-2407,PARCIAL,301,67,0,112734,31
2026-08-11T02:22:30.939854300Z,Mobile Suit Zeta Gundam - S01E03_Track2.ass,Mobile Suit Zeta Gundam,Temporada Única,Mobile Suit Zeta Gundam,mistralai/mistral-nemo-instruct-2407,CONCLUIDO,356,351,0,390307,2
2026-08-11T02:25:20.965033Z,Mobile Suit Zeta Gundam - S01E03_Track2_PT-BR.parcial.ass,Mobile Suit Zeta Gundam,Temporada Única,Mobile Suit Zeta Gundam,mistralai/mistral-nemo-instruct-2407,PARCIAL,356,103,0,170016,48
2026-08-11T02:30:49.822425600Z,Mobile Suit Zeta Gundam - S01E04_Track2.ass,Mobile Suit Zeta Gundam,Temporada Única,Mobile Suit Zeta Gundam,mistralai/mistral-nemo-instruct-2407,CONCLUIDO,318,312,0,328849,0
2026-08-11T02:33:22.453322100Z,Mobile Suit Zeta Gundam - S01E04_Track2_PT-BR.ass,Mobile Suit Zeta Gundam,Temporada Única,Mobile Suit Zeta Gundam,mistralai/mistral-nemo-instruct-2407,PARCIAL,318,80,0,152622,46
2026-08-11T02:39:10.389649600Z,Mobile Suit Zeta Gundam - S01E05_Track2.ass,Mobile Suit Zeta Gundam,Temporada Única,Mobile Suit Zeta Gundam,mistralai/mistral-nemo-instruct-2407,CONCLUIDO,309,298,0,347926,0
2026-08-11T02:41:22.098244100Z,Mobile Suit Zeta Gundam - S01E05_Track2_PT-BR.ass,Mobile Suit Zeta Gundam,Temporada Única,Mobile Suit Zeta Gundam,mistralai/mistral-nemo-instruct-2407,PARCIAL,309,71,0,131701,40
2026-08-11T02:47:33.621141Z,Mobile Suit Zeta Gundam - S01E06_Track2.ass,Mobile Suit Zeta Gundam,Temporada Única,Mobile Suit Zeta Gundam,mistralai/mistral-nemo-instruct-2407,PARCIAL,344,335,0,371514,2
2026-08-11T02:50:08.307671700Z,Mobile Suit Zeta Gundam - S01E06_Track2_PT-BR.parcial.ass,Mobile Suit Zeta Gundam,Temporada Única,Mobile Suit Zeta Gundam,mistralai/mistral-nemo-instruct-2407,PARCIAL,344,100,0,154677,36
2026-08-11T02:56:13.778948400Z,Mobile Suit Zeta Gundam - S01E07_Track2.ass,Mobile Suit Zeta Gundam,Temporada Única,Mobile Suit Zeta Gundam,mistralai/mistral-nemo-instruct-2407,PARCIAL,303,300,0,365462,2
2026-08-11T02:59:08.245119900Z,Mobile Suit Zeta Gundam - S01E07_Track2_PT-BR.parcial.ass,Mobile Suit Zeta Gundam,Temporada Única,Mobile Suit Zeta Gundam,mistralai/mistral-nemo-instruct-2407,PARCIAL,303,74,0,174459,42
2026-08-11T03:05:09.726810700Z,Mobile Suit Zeta Gundam - S01E08_Track2.ass,Mobile Suit Zeta Gundam,Temporada Única,Mobile Suit Zeta Gundam,mistralai/mistral-nemo-instruct-2407,PARCIAL,294,288,0,361472,2
2026-08-11T03:07:33.311451900Z,Mobile Suit Zeta Gundam - S01E08_Track2_PT-BR.parcial.ass,Mobile Suit Zeta Gundam,Temporada Única,Mobile Suit Zeta Gundam,mistralai/mistral-nemo-instruct-2407,PARCIAL,294,78,0,143574,38
2026-08-11T03:14:13.061054700Z,Mobile Suit Zeta Gundam - S01E09_Track2.ass,Mobile Suit Zeta Gundam,Temporada Única,Mobile Suit Zeta Gundam,mistralai/mistral-nemo-instruct-2407,PARCIAL,349,342,0,399742,6
2026-08-11T03:16:20.807483400Z,Mobile Suit Zeta Gundam - S01E09_Track2_PT-BR.ass,Mobile Suit Zeta Gundam,Temporada Única,Mobile Suit Zeta Gundam,mistralai/mistral-nemo-instruct-2407,PARCIAL,349,72,0,127737,41
2026-08-11T03:22:01.919725400Z,Mobile Suit Zeta Gundam - S01E10_Track2.ass,Mobile Suit Zeta Gundam,Temporada Única,Mobile Suit Zeta Gundam,mistralai/mistral-nemo-instruct-2407,PARCIAL,308,291,0,341103,7
2026-08-11T03:24:53.059037900Z,Mobile Suit Zeta Gundam - S01E10_Track2_PT-BR.ass,Mobile Suit Zeta Gundam,Temporada Única,Mobile Suit Zeta Gundam,mistralai/mistral-nemo-instruct-2407,PARCIAL,308,92,0,171131,45
2026-08-11T03:31:33.444107900Z,Mobile Suit Zeta Gundam - S01E11_Track2.ass,Mobile Suit Zeta Gundam,Temporada Única,Mobile Suit Zeta Gundam,mistralai/mistral-nemo-instruct-2407,CONCLUIDO,364,353,0,400367,0
2026-08-11T03:34:32.664090700Z,Mobile Suit Zeta Gundam - S01E11_Track2_PT-BR.ass,Mobile Suit Zeta Gundam,Temporada Única,Mobile Suit Zeta Gundam,mistralai/mistral-nemo-instruct-2407,PARCIAL,364,86,0,179212,56
2026-08-11T03:39:43.755431100Z,Mobile Suit Zeta Gundam - S01E12_Track2.ass,Mobile Suit Zeta Gundam,Temporada Única,Mobile Suit Zeta Gundam,mistralai/mistral-nemo-instruct-2407,CONCLUIDO,303,295,0,311080,3
2026-08-11T03:42:09.228230900Z,Mobile Suit Zeta Gundam - S01E12_Track2_PT-BR.ass,Mobile Suit Zeta Gundam,Temporada Única,Mobile Suit Zeta Gundam,mistralai/mistral-nemo-instruct-2407,PARCIAL,303,78,0,145464,43
2026-08-11T03:48:29.811591Z,Mobile Suit Zeta Gundam - S01E13_Track2.ass,Mobile Suit Zeta Gundam,Temporada Única,Mobile Suit Zeta Gundam,mistralai/mistral-nemo-instruct-2407,PARCIAL,349,335,0,380574,3
2026-08-11T03:51:46.549029700Z,Mobile Suit Zeta Gundam - S01E13_Track2_PT-BR.parcial.ass,Mobile Suit Zeta Gundam,Temporada Única,Mobile Suit Zeta Gundam,mistralai/mistral-nemo-instruct-2407,PARCIAL,349,95,0,196728,47
2026-08-11T03:56:21.903255Z,Mobile Suit Zeta Gundam - S01E14_Track2.ass,Mobile Suit Zeta Gundam,Temporada Única,Mobile Suit Zeta Gundam,mistralai/mistral-nemo-instruct-2407,CONCLUIDO,278,271,0,275346,0
2026-08-11T03:58:38.148898500Z,Mobile Suit Zeta Gundam - S01E14_Track2_PT-BR.ass,Mobile Suit Zeta Gundam,Temporada Única,Mobile Suit Zeta Gundam,mistralai/mistral-nemo-instruct-2407,PARCIAL,278,86,0,136232,38
2026-08-11T04:04:27.341191500Z,Mobile Suit Zeta Gundam - S01E15_Track2.ass,Mobile Suit Zeta Gundam,Temporada Única,Mobile Suit Zeta Gundam,mistralai/mistral-nemo-instruct-2407,PARCIAL,356,344,0,349184,3
2026-08-11T04:06:56.107336700Z,Mobile Suit Zeta Gundam - S01E15_Track2_PT-BR.ass,Mobile Suit Zeta Gundam,Temporada Única,Mobile Suit Zeta Gundam,mistralai/mistral-nemo-instruct-2407,PARCIAL,356,96,0,148755,38
2026-08-11T04:12:25.814738700Z,Mobile Suit Zeta Gundam - S01E16_Track2.ass,Mobile Suit Zeta Gundam,Temporada Única,Mobile Suit Zeta Gundam,mistralai/mistral-nemo-instruct-2407,CONCLUIDO,382,366,0,329697,4
2026-08-11T04:14:56.429840400Z,Mobile Suit Zeta Gundam - S01E16_Track2_PT-BR.ass,Mobile Suit Zeta Gundam,Temporada Única,Mobile Suit Zeta Gundam,mistralai/mistral-nemo-instruct-2407,PARCIAL,382,104,0,150606,48
2026-08-11T04:19:30.410175100Z,Mobile Suit Zeta Gundam - S01E17_Track2.ass,Mobile Suit Zeta Gundam,Temporada Única,Mobile Suit Zeta Gundam,mistralai/mistral-nemo-instruct-2407,PARCIAL,333,317,0,273972,2
2026-08-11T04:21:26.695899400Z,Mobile Suit Zeta Gundam - S01E17_Track2_PT-BR.ass,Mobile Suit Zeta Gundam,Temporada Única,Mobile Suit Zeta Gundam,mistralai/mistral-nemo-instruct-2407,PARCIAL,333,68,0,116276,48
2026-08-11T04:27:15.433512600Z,Mobile Suit Zeta Gundam - S01E18_Track2.ass,Mobile Suit Zeta Gundam,Temporada Única,Mobile Suit Zeta Gundam,mistralai/mistral-nemo-instruct-2407,PARCIAL,386,366,0,348728,4
2026-08-11T04:29:50.986078200Z,Mobile Suit Zeta Gundam - S01E18_Track2_PT-BR.parcial.ass,Mobile Suit Zeta Gundam,Temporada Única,Mobile Suit Zeta Gundam,mistralai/mistral-nemo-instruct-2407,PARCIAL,386,98,0,155544,42
2026-08-11T04:34:39.602098500Z,Mobile Suit Zeta Gundam - S01E19_Track2.ass,Mobile Suit Zeta Gundam,Temporada Única,Mobile Suit Zeta Gundam,mistralai/mistral-nemo-instruct-2407,PARCIAL,321,305,0,288607,1
2026-08-11T04:36:53.960183600Z,Mobile Suit Zeta Gundam - S01E19_Track2_PT-BR.parcial.ass,Mobile Suit Zeta Gundam,Temporada Única,Mobile Suit Zeta Gundam,mistralai/mistral-nemo-instruct-2407,PARCIAL,321,80,0,134350,36
2026-08-11T04:42:22.252654900Z,Mobile Suit Zeta Gundam - S01E20_Track2.ass,Mobile Suit Zeta Gundam,Temporada Única,Mobile Suit Zeta Gundam,mistralai/mistral-nemo-instruct-2407,CONCLUIDO,356,334,0,328283,0
2026-08-11T04:44:32.234142100Z,Mobile Suit Zeta Gundam - S01E20_Track2_PT-BR.ass,Mobile Suit Zeta Gundam,Temporada Única,Mobile Suit Zeta Gundam,mistralai/mistral-nemo-instruct-2407,PARCIAL,356,99,0,129974,34
2026-08-11T04:50:18.424044200Z,Mobile Suit Zeta Gundam - S01E21_Track2.ass,Mobile Suit Zeta Gundam,Temporada Única,Mobile Suit Zeta Gundam,mistralai/mistral-nemo-instruct-2407,CONCLUIDO,352,344,0,346182,1
2026-08-11T04:53:21.338015700Z,Mobile Suit Zeta Gundam - S01E21_Track2_PT-BR.ass,Mobile Suit Zeta Gundam,Temporada Única,Mobile Suit Zeta Gundam,mistralai/mistral-nemo-instruct-2407,PARCIAL,352,92,0,182905,49
2026-08-11T04:58:39.616986500Z,Mobile Suit Zeta Gundam - S01E22_Track2.ass,Mobile Suit Zeta Gundam,Temporada Única,Mobile Suit Zeta Gundam,mistralai/mistral-nemo-instruct-2407,CONCLUIDO,377,362,0,318271,3
2026-08-11T05:01:07.719441600Z,Mobile Suit Zeta Gundam - S01E22_Track2_PT-BR.ass,Mobile Suit Zeta Gundam,Temporada Única,Mobile Suit Zeta Gundam,mistralai/mistral-nemo-instruct-2407,PARCIAL,377,97,0,148092,54
2026-08-11T05:06:37.976814100Z,Mobile Suit Zeta Gundam - S01E23_Track2.ass,Mobile Suit Zeta Gundam,Temporada Única,Mobile Suit Zeta Gundam,mistralai/mistral-nemo-instruct-2407,CONCLUIDO,382,367,0,330249,2
2026-08-11T05:09:42.309319100Z,Mobile Suit Zeta Gundam - S01E23_Track2_PT-BR.ass,Mobile Suit Zeta Gundam,Temporada Única,Mobile Suit Zeta Gundam,mistralai/mistral-nemo-instruct-2407,PARCIAL,382,109,0,184324,55
2026-08-11T05:14:08.724479Z,Mobile Suit Zeta Gundam - S01E24_Track2.ass,Mobile Suit Zeta Gundam,Temporada Única,Mobile Suit Zeta Gundam,mistralai/mistral-nemo-instruct-2407,CONCLUIDO,351,328,0,266406,1
2026-08-11T05:16:22.943861300Z,Mobile Suit Zeta Gundam - S01E24_Track2_PT-BR.ass,Mobile Suit Zeta Gundam,Temporada Única,Mobile Suit Zeta Gundam,mistralai/mistral-nemo-instruct-2407,PARCIAL,359,106,0,134210,41
2026-08-11T05:21:47.862607400Z,Mobile Suit Zeta Gundam - S01E25_Track2.ass,Mobile Suit Zeta Gundam,Temporada Única,Mobile Suit Zeta Gundam,mistralai/mistral-nemo-instruct-2407,PARCIAL,367,352,0,324908,3
2026-08-11T05:23:28.872851900Z,Mobile Suit Zeta Gundam - S01E25_Track2_PT-BR.ass,Mobile Suit Zeta Gundam,Temporada Única,Mobile Suit Zeta Gundam,mistralai/mistral-nemo-instruct-2407,PARCIAL,367,78,0,101000,30
2026-08-11T05:28:05.698951800Z,Mobile Suit Zeta Gundam - S01E26_Track2.ass,Mobile Suit Zeta Gundam,Temporada Única,Mobile Suit Zeta Gundam,mistralai/mistral-nemo-instruct-2407,CONCLUIDO,359,339,0,276814,2
2026-08-11T05:30:16.376972Z,Mobile Suit Zeta Gundam - S01E26_Track2_PT-BR.ass,Mobile Suit Zeta Gundam,Temporada Única,Mobile Suit Zeta Gundam,mistralai/mistral-nemo-instruct-2407,PARCIAL,359,97,0,130668,48
2026-08-11T05:35:45.200642200Z,Mobile Suit Zeta Gundam - S01E27_Track2.ass,Mobile Suit Zeta Gundam,Temporada Única,Mobile Suit Zeta Gundam,mistralai/mistral-nemo-instruct-2407,CONCLUIDO,378,360,0,328811,3
2026-08-11T05:38:38.043198600Z,Mobile Suit Zeta Gundam - S01E27_Track2_PT-BR.ass,Mobile Suit Zeta Gundam,Temporada Única,Mobile Suit Zeta Gundam,mistralai/mistral-nemo-instruct-2407,PARCIAL,378,122,0,172833,48
2026-08-11T05:43:42.912779400Z,Mobile Suit Zeta Gundam - S01E28_Track2.ass,Mobile Suit Zeta Gundam,Temporada Única,Mobile Suit Zeta Gundam,mistralai/mistral-nemo-instruct-2407,CONCLUIDO,372,356,0,304858,2
2026-08-11T05:45:37.554886200Z,Mobile Suit Zeta Gundam - S01E28_Track2_PT-BR.ass,Mobile Suit Zeta Gundam,Temporada Única,Mobile Suit Zeta Gundam,mistralai/mistral-nemo-instruct-2407,PARCIAL,372,96,0,114632,33
2026-08-11T05:51:40.225620400Z,Mobile Suit Zeta Gundam - S01E29_Track2.ass,Mobile Suit Zeta Gundam,Temporada Única,Mobile Suit Zeta Gundam,mistralai/mistral-nemo-instruct-2407,PARCIAL,393,377,0,362660,5
2026-08-11T05:54:25.363544200Z,Mobile Suit Zeta Gundam - S01E29_Track2_PT-BR.parcial.ass,Mobile Suit Zeta Gundam,Temporada Única,Mobile Suit Zeta Gundam,mistralai/mistral-nemo-instruct-2407,PARCIAL,393,90,0,165129,52
2026-08-11T05:58:14.947551300Z,Mobile Suit Zeta Gundam - S01E30_Track2.ass,Mobile Suit Zeta Gundam,Temporada Única,Mobile Suit Zeta Gundam,mistralai/mistral-nemo-instruct-2407,CONCLUIDO,295,282,0,229574,3
2026-08-11T06:00:27.582737600Z,Mobile Suit Zeta Gundam - S01E30_Track2_PT-BR.ass,Mobile Suit Zeta Gundam,Temporada Única,Mobile Suit Zeta Gundam,mistralai/mistral-nemo-instruct-2407,PARCIAL,295,91,0,132625,43
2026-08-11T06:05:39.890521200Z,Mobile Suit Zeta Gundam - S01E31_Track2.ass,Mobile Suit Zeta Gundam,Temporada Única,Mobile Suit Zeta Gundam,mistralai/mistral-nemo-instruct-2407,CONCLUIDO,342,331,0,312297,1
2026-08-11T06:08:03.420131500Z,Mobile Suit Zeta Gundam - S01E31_Track2_PT-BR.ass,Mobile Suit Zeta Gundam,Temporada Única,Mobile Suit Zeta Gundam,mistralai/mistral-nemo-instruct-2407,PARCIAL,342,83,0,143521,46
2026-08-11T06:12:36.001850400Z,Mobile Suit Zeta Gundam - S01E32_Track2.ass,Mobile Suit Zeta Gundam,Temporada Única,Mobile Suit Zeta Gundam,mistralai/mistral-nemo-instruct-2407,CONCLUIDO,347,329,0,272570,1
2026-08-11T06:14:46.617612100Z,Mobile Suit Zeta Gundam - S01E32_Track2_PT-BR.ass,Mobile Suit Zeta Gundam,Temporada Única,Mobile Suit Zeta Gundam,mistralai/mistral-nemo-instruct-2407,PARCIAL,347,91,0,130604,49
2026-08-11T06:19:15.427128500Z,Mobile Suit Zeta Gundam - S01E33_Track2.ass,Mobile Suit Zeta Gundam,Temporada Única,Mobile Suit Zeta Gundam,mistralai/mistral-nemo-instruct-2407,PARCIAL,336,316,0,268801,2
2026-08-11T06:21:22.699576700Z,Mobile Suit Zeta Gundam - S01E33_Track2_PT-BR.ass,Mobile Suit Zeta Gundam,Temporada Única,Mobile Suit Zeta Gundam,mistralai/mistral-nemo-instruct-2407,PARCIAL,336,104,0,127263,39
2026-08-11T06:26:14.634786900Z,Mobile Suit Zeta Gundam - S01E34_Track2.ass,Mobile Suit Zeta Gundam,Temporada Única,Mobile Suit Zeta Gundam,mistralai/mistral-nemo-instruct-2407,CONCLUIDO,352,337,0,291926,1
2026-08-11T06:29:01.261618700Z,Mobile Suit Zeta Gundam - S01E34_Track2_PT-BR.ass,Mobile Suit Zeta Gundam,Temporada Única,Mobile Suit Zeta Gundam,mistralai/mistral-nemo-instruct-2407,PARCIAL,352,101,0,166618,42
2026-08-11T06:34:11.268162900Z,Mobile Suit Zeta Gundam - S01E35_Track2.ass,Mobile Suit Zeta Gundam,Temporada Única,Mobile Suit Zeta Gundam,mistralai/mistral-nemo-instruct-2407,CONCLUIDO,335,321,0,309998,2
2026-08-11T06:36:46.488086300Z,Mobile Suit Zeta Gundam - S01E35_Track2_PT-BR.ass,Mobile Suit Zeta Gundam,Temporada Única,Mobile Suit Zeta Gundam,mistralai/mistral-nemo-instruct-2407,PARCIAL,335,81,0,155211,49
2026-08-11T06:40:40.892995700Z,Mobile Suit Zeta Gundam - S01E36_Track2.ass,Mobile Suit Zeta Gundam,Temporada Única,Mobile Suit Zeta Gundam,mistralai/mistral-nemo-instruct-2407,CONCLUIDO,314,288,0,234395,1
2026-08-11T06:42:40.734945800Z,Mobile Suit Zeta Gundam - S01E36_Track2_PT-BR.ass,Mobile Suit Zeta Gundam,Temporada Única,Mobile Suit Zeta Gundam,mistralai/mistral-nemo-instruct-2407,PARCIAL,314,83,0,119831,41
2026-08-11T06:48:45.616381800Z,Mobile Suit Zeta Gundam - S01E37_Track2.ass,Mobile Suit Zeta Gundam,Temporada Única,Mobile Suit Zeta Gundam,mistralai/mistral-nemo-instruct-2407,CONCLUIDO,376,369,0,364873,1
2026-08-11T06:51:26.356552600Z,Mobile Suit Zeta Gundam - S01E37_Track2_PT-BR.ass,Mobile Suit Zeta Gundam,Temporada Única,Mobile Suit Zeta Gundam,mistralai/mistral-nemo-instruct-2407,PARCIAL,374,93,0,160730,44
2026-08-11T06:57:22.220550700Z,Mobile Suit Zeta Gundam - S01E38_Track2.ass,Mobile Suit Zeta Gundam,Temporada Única,Mobile Suit Zeta Gundam,mistralai/mistral-nemo-instruct-2407,PARCIAL,381,359,0,355855,1
2026-08-11T07:00:13.455527Z,Mobile Suit Zeta Gundam - S01E38_Track2_PT-BR.parcial.ass,Mobile Suit Zeta Gundam,Temporada Única,Mobile Suit Zeta Gundam,mistralai/mistral-nemo-instruct-2407,PARCIAL,381,112,0,171226,47
2026-08-11T07:05:58.390317300Z,Mobile Suit Zeta Gundam - S01E39_Track2.ass,Mobile Suit Zeta Gundam,Temporada Única,Mobile Suit Zeta Gundam,mistralai/mistral-nemo-instruct-2407,CONCLUIDO,391,371,0,344925,1
2026-08-11T07:08:26.293718800Z,Mobile Suit Zeta Gundam - S01E39_Track2_PT-BR.ass,Mobile Suit Zeta Gundam,Temporada Única,Mobile Suit Zeta Gundam,mistralai/mistral-nemo-instruct-2407,PARCIAL,391,92,0,147893,47
2026-08-11T07:13:58.332134700Z,Mobile Suit Zeta Gundam - S01E40_Track2.ass,Mobile Suit Zeta Gundam,Temporada Única,Mobile Suit Zeta Gundam,mistralai/mistral-nemo-instruct-2407,CONCLUIDO,378,355,0,332029,1
2026-08-11T07:16:38.981625200Z,Mobile Suit Zeta Gundam - S01E40_Track2_PT-BR.ass,Mobile Suit Zeta Gundam,Temporada Única,Mobile Suit Zeta Gundam,mistralai/mistral-nemo-instruct-2407,PARCIAL,378,96,0,160639,43
2026-08-11T07:22:33.649566200Z,Mobile Suit Zeta Gundam - S01E41_Track2.ass,Mobile Suit Zeta Gundam,Temporada Única,Mobile Suit Zeta Gundam,mistralai/mistral-nemo-instruct-2407,CONCLUIDO,407,395,0,354658,1
2026-08-11T07:25:35.445324200Z,Mobile Suit Zeta Gundam - S01E41_Track2_PT-BR.ass,Mobile Suit Zeta Gundam,Temporada Única,Mobile Suit Zeta Gundam,mistralai/mistral-nemo-instruct-2407,PARCIAL,407,112,0,181785,53
2026-08-11T07:30:35.616130100Z,Mobile Suit Zeta Gundam - S01E42_Track2.ass,Mobile Suit Zeta Gundam,Temporada Única,Mobile Suit Zeta Gundam,mistralai/mistral-nemo-instruct-2407,CONCLUIDO,311,293,0,300160,0
2026-08-11T07:32:46.261038Z,Mobile Suit Zeta Gundam - S01E42_Track2_PT-BR.ass,Mobile Suit Zeta Gundam,Temporada Única,Mobile Suit Zeta Gundam,mistralai/mistral-nemo-instruct-2407,PARCIAL,311,86,0,130635,30
2026-08-11T07:38:03.753513500Z,Mobile Suit Zeta Gundam - S01E43_Track2.ass,Mobile Suit Zeta Gundam,Temporada Única,Mobile Suit Zeta Gundam,mistralai/mistral-nemo-instruct-2407,CONCLUIDO,320,299,0,317483,2
2026-08-11T07:40:57.979536600Z,Mobile Suit Zeta Gundam - S01E43_Track2_PT-BR.ass,Mobile Suit Zeta Gundam,Temporada Única,Mobile Suit Zeta Gundam,mistralai/mistral-nemo-instruct-2407,PARCIAL,320,95,0,174216,44
2026-08-11T07:45:44.810855400Z,Mobile Suit Zeta Gundam - S01E44_Track2.ass,Mobile Suit Zeta Gundam,Temporada Única,Mobile Suit Zeta Gundam,mistralai/mistral-nemo-instruct-2407,PARCIAL,373,343,0,286821,2
2026-08-11T07:49:16.777966600Z,Mobile Suit Zeta Gundam - S01E44_Track2_PT-BR.ass,Mobile Suit Zeta Gundam,Temporada Única,Mobile Suit Zeta Gundam,mistralai/mistral-nemo-instruct-2407,PARCIAL,373,106,0,211958,61
2026-08-11T07:53:55.095110400Z,Mobile Suit Zeta Gundam - S01E45_Track2.ass,Mobile Suit Zeta Gundam,Temporada Única,Mobile Suit Zeta Gundam,mistralai/mistral-nemo-instruct-2407,CONCLUIDO,306,292,0,278305,2
2026-08-11T07:56:44.303496800Z,Mobile Suit Zeta Gundam - S01E45_Track2_PT-BR.ass,Mobile Suit Zeta Gundam,Temporada Única,Mobile Suit Zeta Gundam,mistralai/mistral-nemo-instruct-2407,PARCIAL,306,93,0,169199,45
2026-08-11T08:01:10.317078300Z,Mobile Suit Zeta Gundam - S01E46_Track2.ass,Mobile Suit Zeta Gundam,Temporada Única,Mobile Suit Zeta Gundam,mistralai/mistral-nemo-instruct-2407,PARCIAL,351,324,0,266002,1
2026-08-11T08:03:48.834123300Z,Mobile Suit Zeta Gundam - S01E46_Track2_PT-BR.ass,Mobile Suit Zeta Gundam,Temporada Única,Mobile Suit Zeta Gundam,mistralai/mistral-nemo-instruct-2407,PARCIAL,351,92,0,158505,55
2026-08-11T08:08:14.320996100Z,Mobile Suit Zeta Gundam - S01E47_Track2.ass,Mobile Suit Zeta Gundam,Temporada Única,Mobile Suit Zeta Gundam,mistralai/mistral-nemo-instruct-2407,CONCLUIDO,350,336,0,265477,2
2026-08-11T08:10:48.542130100Z,Mobile Suit Zeta Gundam - S01E47_Track2_PT-BR.ass,Mobile Suit Zeta Gundam,Temporada Única,Mobile Suit Zeta Gundam,mistralai/mistral-nemo-instruct-2407,PARCIAL,350,90,0,154212,59
2026-08-11T08:15:16.459024100Z,Mobile Suit Zeta Gundam - S01E48_Track2.ass,Mobile Suit Zeta Gundam,Temporada Única,Mobile Suit Zeta Gundam,mistralai/mistral-nemo-instruct-2407,CONCLUIDO,308,283,0,267908,1
2026-08-11T08:17:22.602389900Z,Mobile Suit Zeta Gundam - S01E48_Track2_PT-BR.ass,Mobile Suit Zeta Gundam,Temporada Única,Mobile Suit Zeta Gundam,mistralai/mistral-nemo-instruct-2407,PARCIAL,308,79,0,126133,37
2026-08-11T08:21:12.491790300Z,Mobile Suit Zeta Gundam - S01E49_Track2.ass,Mobile Suit Zeta Gundam,Temporada Única,Mobile Suit Zeta Gundam,mistralai/mistral-nemo-instruct-2407,CONCLUIDO,286,265,0,229879,1
2026-08-11T08:23:44.194370900Z,Mobile Suit Zeta Gundam - S01E49_Track2_PT-BR.ass,Mobile Suit Zeta Gundam,Temporada Única,Mobile Suit Zeta Gundam,mistralai/mistral-nemo-instruct-2407,PARCIAL,286,104,0,151694,40
2026-08-11T08:27:47.106836900Z,Mobile Suit Zeta Gundam - S01E50_Track2.ass,Mobile Suit Zeta Gundam,Temporada Única,Mobile Suit Zeta Gundam,mistralai/mistral-nemo-instruct-2407,CONCLUIDO,329,313,0,242903,2
2026-08-11T08:29:49.453737200Z,Mobile Suit Zeta Gundam - S01E50_Track2_PT-BR.ass,Mobile Suit Zeta Gundam,Temporada Única,Mobile Suit Zeta Gundam,mistralai/mistral-nemo-instruct-2407,PARCIAL,329,89,0,122335,50
2026-08-11T20:07:34.304233977Z,Mobile Suit Zeta Gundam - S01E01_Track2.ass,Mobile Suit Zeta Gundam,Temporada Única,Mobile Suit Zeta Gundam,mistralai/mistral-nemo-instruct-2407,CONCLUIDO,207,0,188,656,0
2026-08-11T20:07:35.175443967Z,Mobile Suit Zeta Gundam - S01E02_Track2.ass,Mobile Suit Zeta Gundam,Temporada Única,Mobile Suit Zeta Gundam,mistralai/mistral-nemo-instruct-2407,CONCLUIDO,301,0,295,607,0
2026-08-11T20:07:39.509203205Z,Mobile Suit Zeta Gundam - S01E03_Track2.ass,Mobile Suit Zeta Gundam,Temporada Única,Mobile Suit Zeta Gundam,mistralai/mistral-nemo-instruct-2407,CONCLUIDO,356,1,350,4175,0
2026-08-11T20:07:40.247814885Z,Mobile Suit Zeta Gundam - S01E04_Track2.ass,Mobile Suit Zeta Gundam,Temporada Única,Mobile Suit Zeta Gundam,mistralai/mistral-nemo-instruct-2407,CONCLUIDO,318,0,312,607,0
2026-08-11T20:07:41.061661710Z,Mobile Suit Zeta Gundam - S01E05_Track2.ass,Mobile Suit Zeta Gundam,Temporada Única,Mobile Suit Zeta Gundam,mistralai/mistral-nemo-instruct-2407,CONCLUIDO,309,0,298,609,0
2026-08-11T20:07:43.996568954Z,Mobile Suit Zeta Gundam - S01E06_Track2.ass,Mobile Suit Zeta Gundam,Temporada Única,Mobile Suit Zeta Gundam,mistralai/mistral-nemo-instruct-2407,CONCLUIDO,344,1,335,2743,0
2026-08-11T20:07:45.605686024Z,Mobile Suit Zeta Gundam - S01E07_Track2.ass,Mobile Suit Zeta Gundam,Temporada Única,Mobile Suit Zeta Gundam,mistralai/mistral-nemo-instruct-2407,CONCLUIDO,303,1,300,1493,0
2026-08-11T20:07:50.707408166Z,Mobile Suit Zeta Gundam - S01E08_Track2.ass,Mobile Suit Zeta Gundam,Temporada Única,Mobile Suit Zeta Gundam,mistralai/mistral-nemo-instruct-2407,PARCIAL,294,0,288,4842,2
2026-08-11T20:07:51.435957110Z,Mobile Suit Zeta Gundam - S01E09_Track2.ass,Mobile Suit Zeta Gundam,Temporada Única,Mobile Suit Zeta Gundam,mistralai/mistral-nemo-instruct-2407,CONCLUIDO,349,0,343,600,0
2026-08-11T20:07:52.593178630Z,Mobile Suit Zeta Gundam - S01E10_Track2.ass,Mobile Suit Zeta Gundam,Temporada Única,Mobile Suit Zeta Gundam,mistralai/mistral-nemo-instruct-2407,CONCLUIDO,308,1,292,1034,0
2026-08-11T20:07:53.424910110Z,Mobile Suit Zeta Gundam - S01E11_Track2.ass,Mobile Suit Zeta Gundam,Temporada Única,Mobile Suit Zeta Gundam,mistralai/mistral-nemo-instruct-2407,CONCLUIDO,364,0,353,657,0
2026-08-11T20:07:54.053645735Z,Mobile Suit Zeta Gundam - S01E12_Track2.ass,Mobile Suit Zeta Gundam,Temporada Única,Mobile Suit Zeta Gundam,mistralai/mistral-nemo-instruct-2407,CONCLUIDO,303,0,295,504,0
2026-08-11T20:07:57.712913143Z,Mobile Suit Zeta Gundam - S01E13_Track2.ass,Mobile Suit Zeta Gundam,Temporada Única,Mobile Suit Zeta Gundam,mistralai/mistral-nemo-instruct-2407,CONCLUIDO,349,1,335,3332,0
2026-08-11T20:07:58.338439243Z,Mobile Suit Zeta Gundam - S01E14_Track2.ass,Mobile Suit Zeta Gundam,Temporada Única,Mobile Suit Zeta Gundam,mistralai/mistral-nemo-instruct-2407,CONCLUIDO,278,0,271,510,0
2026-08-11T20:08:01.137599234Z,Mobile Suit Zeta Gundam - S01E15_Track2.ass,Mobile Suit Zeta Gundam,Temporada Única,Mobile Suit Zeta Gundam,mistralai/mistral-nemo-instruct-2407,PARCIAL,356,0,344,2718,1
2026-08-11T20:08:01.887395827Z,Mobile Suit Zeta Gundam - S01E16_Track2.ass,Mobile Suit Zeta Gundam,Temporada Única,Mobile Suit Zeta Gundam,mistralai/mistral-nemo-instruct-2407,CONCLUIDO,382,0,366,590,0
2026-08-11T20:08:05.465072521Z,Mobile Suit Zeta Gundam - S01E17_Track2.ass,Mobile Suit Zeta Gundam,Temporada Única,Mobile Suit Zeta Gundam,mistralai/mistral-nemo-instruct-2407,PARCIAL,333,0,317,3501,1
2026-08-11T20:08:06.259516682Z,Mobile Suit Zeta Gundam - S01E18_Track2.ass,Mobile Suit Zeta Gundam,Temporada Única,Mobile Suit Zeta Gundam,mistralai/mistral-nemo-instruct-2407,CONCLUIDO,386,0,369,653,0
2026-08-11T20:08:06.771760939Z,Mobile Suit Zeta Gundam - S01E19_Track2.ass,Mobile Suit Zeta Gundam,Temporada Única,Mobile Suit Zeta Gundam,mistralai/mistral-nemo-instruct-2407,CONCLUIDO,321,0,306,412,0
2026-08-11T20:08:07.306814804Z,Mobile Suit Zeta Gundam - S01E20_Track2.ass,Mobile Suit Zeta Gundam,Temporada Única,Mobile Suit Zeta Gundam,mistralai/mistral-nemo-instruct-2407,CONCLUIDO,356,0,334,452,0
2026-08-11T20:08:09.425853413Z,Mobile Suit Zeta Gundam - S01E21_Track2.ass,Mobile Suit Zeta Gundam,Temporada Única,Mobile Suit Zeta Gundam,mistralai/mistral-nemo-instruct-2407,CONCLUIDO,352,1,343,2035,0
2026-08-11T20:08:10.104479248Z,Mobile Suit Zeta Gundam - S01E22_Track2.ass,Mobile Suit Zeta Gundam,Temporada Única,Mobile Suit Zeta Gundam,mistralai/mistral-nemo-instruct-2407,CONCLUIDO,377,0,362,556,0
2026-08-11T20:08:12.432204489Z,Mobile Suit Zeta Gundam - S01E23_Track2.ass,Mobile Suit Zeta Gundam,Temporada Única,Mobile Suit Zeta Gundam,mistralai/mistral-nemo-instruct-2407,CONCLUIDO,382,1,366,2211,0
2026-08-11T20:08:12.937564888Z,Mobile Suit Zeta Gundam - S01E24_Track2.ass,Mobile Suit Zeta Gundam,Temporada Única,Mobile Suit Zeta Gundam,mistralai/mistral-nemo-instruct-2407,CONCLUIDO,351,0,328,377,0
2026-08-11T20:08:13.419512340Z,Mobile Suit Zeta Gundam - S01E25_Track2.ass,Mobile Suit Zeta Gundam,Temporada Única,Mobile Suit Zeta Gundam,mistralai/mistral-nemo-instruct-2407,CONCLUIDO,367,0,354,400,0
2026-08-11T20:08:14.055261018Z,Mobile Suit Zeta Gundam - S01E26_Track2.ass,Mobile Suit Zeta Gundam,Temporada Única,Mobile Suit Zeta Gundam,mistralai/mistral-nemo-instruct-2407,CONCLUIDO,359,0,339,447,0
2026-08-11T20:08:14.795445519Z,Mobile Suit Zeta Gundam - S01E27_Track2.ass,Mobile Suit Zeta Gundam,Temporada Única,Mobile Suit Zeta Gundam,mistralai/mistral-nemo-instruct-2407,CONCLUIDO,378,0,360,431,0
2026-08-11T20:08:15.288033771Z,Mobile Suit Zeta Gundam - S01E28_Track2.ass,Mobile Suit Zeta Gundam,Temporada Única,Mobile Suit Zeta Gundam,mistralai/mistral-nemo-instruct-2407,CONCLUIDO,372,0,356,379,0
2026-08-11T20:08:15.839706899Z,Mobile Suit Zeta Gundam - S01E29_Track2.ass,Mobile Suit Zeta Gundam,Temporada Única,Mobile Suit Zeta Gundam,mistralai/mistral-nemo-instruct-2407,CONCLUIDO,393,0,378,455,0
2026-08-11T20:08:16.284446969Z,Mobile Suit Zeta Gundam - S01E30_Track2.ass,Mobile Suit Zeta Gundam,Temporada Única,Mobile Suit Zeta Gundam,mistralai/mistral-nemo-instruct-2407,CONCLUIDO,295,0,282,360,0
2026-08-11T20:08:16.776878568Z,Mobile Suit Zeta Gundam - S01E31_Track2.ass,Mobile Suit Zeta Gundam,Temporada Única,Mobile Suit Zeta Gundam,mistralai/mistral-nemo-instruct-2407,CONCLUIDO,342,0,331,359,0
2026-08-11T20:08:17.231926100Z,Mobile Suit Zeta Gundam - S01E32_Track2.ass,Mobile Suit Zeta Gundam,Temporada Única,Mobile Suit Zeta Gundam,mistralai/mistral-nemo-instruct-2407,CONCLUIDO,347,0,329,356,0
2026-08-11T20:08:18.177123919Z,Mobile Suit Zeta Gundam - S01E33_Track2.ass,Mobile Suit Zeta Gundam,Temporada Única,Mobile Suit Zeta Gundam,mistralai/mistral-nemo-instruct-2407,PARCIAL,336,0,316,865,1
2026-08-11T20:08:18.615748360Z,Mobile Suit Zeta Gundam - S01E34_Track2.ass,Mobile Suit Zeta Gundam,Temporada Única,Mobile Suit Zeta Gundam,mistralai/mistral-nemo-instruct-2407,CONCLUIDO,352,0,337,360,0
2026-08-11T20:08:19.050749332Z,Mobile Suit Zeta Gundam - S01E35_Track2.ass,Mobile Suit Zeta Gundam,Temporada Única,Mobile Suit Zeta Gundam,mistralai/mistral-nemo-instruct-2407,CONCLUIDO,335,0,321,363,0
2026-08-11T20:08:19.442066166Z,Mobile Suit Zeta Gundam - S01E36_Track2.ass,Mobile Suit Zeta Gundam,Temporada Única,Mobile Suit Zeta Gundam,mistralai/mistral-nemo-instruct-2407,CONCLUIDO,314,0,288,308,0
2026-08-11T20:08:20.219204759Z,Mobile Suit Zeta Gundam - S01E37_Track2.ass,Mobile Suit Zeta Gundam,Temporada Única,Mobile Suit Zeta Gundam,mistralai/mistral-nemo-instruct-2407,CONCLUIDO,376,0,369,399,0
2026-08-11T20:08:23.789288540Z,Mobile Suit Zeta Gundam - S01E38_Track2.ass,Mobile Suit Zeta Gundam,Temporada Única,Mobile Suit Zeta Gundam,mistralai/mistral-nemo-instruct-2407,PARCIAL,381,1,358,3466,1
2026-08-11T20:08:24.328608237Z,Mobile Suit Zeta Gundam - S01E39_Track2.ass,Mobile Suit Zeta Gundam,Temporada Única,Mobile Suit Zeta Gundam,mistralai/mistral-nemo-instruct-2407,CONCLUIDO,391,0,371,405,0
2026-08-11T20:08:24.840758381Z,Mobile Suit Zeta Gundam - S01E40_Track2.ass,Mobile Suit Zeta Gundam,Temporada Única,Mobile Suit Zeta Gundam,mistralai/mistral-nemo-instruct-2407,CONCLUIDO,378,0,355,394,0
2026-08-11T20:08:25.357931798Z,Mobile Suit Zeta Gundam - S01E41_Track2.ass,Mobile Suit Zeta Gundam,Temporada Única,Mobile Suit Zeta Gundam,mistralai/mistral-nemo-instruct-2407,CONCLUIDO,407,0,395,438,0
2026-08-11T20:08:25.841546719Z,Mobile Suit Zeta Gundam - S01E42_Track2.ass,Mobile Suit Zeta Gundam,Temporada Única,Mobile Suit Zeta Gundam,mistralai/mistral-nemo-instruct-2407,CONCLUIDO,311,0,293,311,0
2026-08-11T20:08:26.301862020Z,Mobile Suit Zeta Gundam - S01E43_Track2.ass,Mobile Suit Zeta Gundam,Temporada Única,Mobile Suit Zeta Gundam,mistralai/mistral-nemo-instruct-2407,CONCLUIDO,320,0,299,370,0
2026-08-11T20:08:28.022823570Z,Mobile Suit Zeta Gundam - S01E44_Track2.ass,Mobile Suit Zeta Gundam,Temporada Única,Mobile Suit Zeta Gundam,mistralai/mistral-nemo-instruct-2407,CONCLUIDO,373,1,343,1515,0
2026-08-11T20:08:29.822195252Z,Mobile Suit Zeta Gundam - S01E45_Track2.ass,Mobile Suit Zeta Gundam,Temporada Única,Mobile Suit Zeta Gundam,mistralai/mistral-nemo-instruct-2407,CONCLUIDO,306,1,291,1524,0
2026-08-11T20:08:30.472935077Z,Mobile Suit Zeta Gundam - S01E46_Track2.ass,Mobile Suit Zeta Gundam,Temporada Única,Mobile Suit Zeta Gundam,mistralai/mistral-nemo-instruct-2407,CONCLUIDO,351,0,325,333,0
2026-08-11T20:08:30.967399639Z,Mobile Suit Zeta Gundam - S01E47_Track2.ass,Mobile Suit Zeta Gundam,Temporada Única,Mobile Suit Zeta Gundam,mistralai/mistral-nemo-instruct-2407,CONCLUIDO,350,0,336,378,0
2026-08-11T20:08:31.481513009Z,Mobile Suit Zeta Gundam - S01E48_Track2.ass,Mobile Suit Zeta Gundam,Temporada Única,Mobile Suit Zeta Gundam,mistralai/mistral-nemo-instruct-2407,CONCLUIDO,308,0,283,336,0
2026-08-11T20:08:31.890713900Z,Mobile Suit Zeta Gundam - S01E49_Track2.ass,Mobile Suit Zeta Gundam,Temporada Única,Mobile Suit Zeta Gundam,mistralai/mistral-nemo-instruct-2407,CONCLUIDO,286,0,265,292,0
2026-08-11T20:08:32.310838757Z,Mobile Suit Zeta Gundam - S01E50_Track2.ass,Mobile Suit Zeta Gundam,Temporada Única,Mobile Suit Zeta Gundam,mistralai/mistral-nemo-instruct-2407,CONCLUIDO,329,0,313,315,0
2026-08-11T20:25:24.134305805Z,Mobile Suit Zeta Gundam - S01E08_Track2.ass,Mobile Suit Zeta Gundam,Temporada Única,Mobile Suit Zeta Gundam,towerinstruct-mistral-7b-v0.2,PARCIAL,294,288,0,111363,3
2026-08-11T20:27:29.273423213Z,Mobile Suit Zeta Gundam - S01E15_Track2.ass,Mobile Suit Zeta Gundam,Temporada Única,Mobile Suit Zeta Gundam,towerinstruct-mistral-7b-v0.2,CONCLUIDO,356,345,0,125064,3
2026-08-11T20:29:24.932386097Z,Mobile Suit Zeta Gundam - S01E17_Track2.ass,Mobile Suit Zeta Gundam,Temporada Única,Mobile Suit Zeta Gundam,towerinstruct-mistral-7b-v0.2,CONCLUIDO,333,318,0,115576,2
2026-08-11T20:31:31.140043501Z,Mobile Suit Zeta Gundam - S01E33_Track2.ass,Mobile Suit Zeta Gundam,Temporada Única,Mobile Suit Zeta Gundam,towerinstruct-mistral-7b-v0.2,PARCIAL,336,316,0,126137,4
2026-08-11T20:33:36.800331259Z,Mobile Suit Zeta Gundam - S01E38_Track2.ass,Mobile Suit Zeta Gundam,Temporada Única,Mobile Suit Zeta Gundam,towerinstruct-mistral-7b-v0.2,PARCIAL,381,359,0,125588,3
2026-08-11T21:02:44.673576790Z,[Sokudo] Dungeon ni Deai wo Motomeru no wa Machigatteiru Darou ka - S01E01 [1080p BD][AV1][dual audio]_ENG.ass,DanMachi Season 01,Temporada 1,DanMachi (Season 1),towerinstruct-mistral-7b-v0.2,PARCIAL,372,353,0,171241,12
2026-08-11T21:10:41.275888430Z,[Sokudo] Dungeon ni Deai wo Motomeru no wa Machigatteiru Darou ka - S01E02 [1080p BD][AV1][dual audio]_ENG.ass,DanMachi Season 01,Temporada 1,DanMachi (Season 1),towerinstruct-mistral-7b-v0.2,PARCIAL,404,373,0,476524,35
2026-08-11T21:18:55.376319432Z,[Sokudo] Dungeon ni Deai wo Motomeru no wa Machigatteiru Darou ka - S01E03 [1080p BD][AV1][dual audio]_ENG.ass,DanMachi Season 01,Temporada Única,DanMachi (Season 1),,FALHOU,0,0,0,0,1
2026-08-11T22:33:22.037118037Z,[Sokudo] Dungeon ni Deai wo Motomeru no wa Machigatteiru Darou ka - S01E01 [1080p BD][AV1][dual audio]_ENG.ass,DanMachi Season 01,Temporada 1,DanMachi (Season 1),mistralai/mistral-nemo-instruct-2407,PARCIAL,372,353,0,390757,21
2026-08-11T22:43:50.257948572Z,[Sokudo] Dungeon ni Deai wo Motomeru no wa Machigatteiru Darou ka - S01E02 [1080p BD][AV1][dual audio]_ENG.ass,DanMachi Season 01,Temporada 1,DanMachi (Season 1),mistralai/mistral-nemo-instruct-2407,PARCIAL,404,373,0,627190,46
2026-08-11T22:53:52.685224559Z,[Sokudo] Dungeon ni Deai wo Motomeru no wa Machigatteiru Darou ka - S01E03 [1080p BD][AV1][dual audio]_ENG.ass,DanMachi Season 01,Temporada 1,DanMachi (Season 1),mistralai/mistral-nemo-instruct-2407,PARCIAL,321,291,0,602282,48
2026-08-11T23:16:30.427478837Z,[Sokudo] Dungeon ni Deai wo Motomeru no wa Machigatteiru Darou ka - S01E01 [1080p BD][AV1][dual audio]_ENG.ass,DanMachi Season 01,Temporada Única,DanMachi (Season 1),,FALHOU,0,0,0,0,1
2026-08-11T23:19:27.157738719Z,[Sokudo] Dungeon ni Deai wo Motomeru no wa Machigatteiru Darou ka - S01E02 [1080p BD][AV1][dual audio]_ENG.ass,DanMachi Season 01,Temporada Única,DanMachi (Season 1),,FALHOU,0,0,0,0,1
2026-08-11T23:19:32.632077331Z,[Sokudo] Dungeon ni Deai wo Motomeru no wa Machigatteiru Darou ka - S01E03 [1080p BD][AV1][dual audio]_ENG.ass,DanMachi Season 01,Temporada Única,DanMachi (Season 1),,FALHOU,0,0,0,0,1
2026-08-11T23:28:24.349268325Z,[Sokudo] Dungeon ni Deai wo Motomeru no wa Machigatteiru Darou ka - S01E01 [1080p BD][AV1][dual audio]_ENG.ass,DanMachi Season 01,Temporada 1,DanMachi (Season 1),google/gemma-3n-e4b,PARCIAL,372,348,0,219404,65
2026-08-11T23:33:28.634095548Z,[Sokudo] Dungeon ni Deai wo Motomeru no wa Machigatteiru Darou ka - S01E02 [1080p BD][AV1][dual audio]_ENG.ass,DanMachi Season 01,Temporada 1,DanMachi (Season 1),google/gemma-3n-e4b,PARCIAL,404,368,0,304053,119
2026-08-11T23:38:38.357659273Z,[Sokudo] Dungeon ni Deai wo Motomeru no wa Machigatteiru Darou ka - S01E03 [1080p BD][AV1][dual audio]_ENG.ass,DanMachi Season 01,Temporada 1,DanMachi (Season 1),google/gemma-3n-e4b,PARCIAL,321,288,0,309436,87
2026-08-11T23:54:40.740009965Z,[Sokudo] Dungeon ni Deai wo Motomeru no wa Machigatteiru Darou ka - S01E01 [1080p BD][AV1][dual audio]_ENG.ass,DanMachi Season 01,Temporada 1,DanMachi (Season 1),aya-expanse-8b,PARCIAL,372,343,0,130566,35
2026-08-11T23:57:54.787093648Z,[Sokudo] Dungeon ni Deai wo Motomeru no wa Machigatteiru Darou ka - S01E02 [1080p BD][AV1][dual audio]_ENG.ass,DanMachi Season 01,Temporada 1,DanMachi (Season 1),aya-expanse-8b,PARCIAL,404,362,0,193833,63
2026-08-12T00:00:52.889122399Z,[Sokudo] Dungeon ni Deai wo Motomeru no wa Machigatteiru Darou ka - S01E03 [1080p BD][AV1][dual audio]_ENG.ass,DanMachi Season 01,Temporada 1,DanMachi (Season 1),aya-expanse-8b,PARCIAL,321,283,0,177505,73
2026-08-12T00:20:34.464056373Z,[Sokudo] Dungeon ni Deai wo Motomeru no wa Machigatteiru Darou ka - S01E01 [1080p BD][AV1][dual audio]_ENG.ass,DanMachi Season 01,Temporada 1,DanMachi (Season 1),aya-expanse-8b,PARCIAL,372,10,343,5776,6
2026-08-12T00:21:32.911863110Z,[Sokudo] Dungeon ni Deai wo Motomeru no wa Machigatteiru Darou ka - S01E02 [1080p BD][AV1][dual audio]_ENG.ass,DanMachi Season 01,Temporada 1,DanMachi (Season 1),aya-expanse-8b,PARCIAL,404,11,362,58330,36
2026-08-12T00:22:26.811290826Z,[Sokudo] Dungeon ni Deai wo Motomeru no wa Machigatteiru Darou ka - S01E03 [1080p BD][AV1][dual audio]_ENG.ass,DanMachi Season 01,Temporada 1,DanMachi (Season 1),aya-expanse-8b,PARCIAL,321,8,283,53788,38
2026-08-12T00:25:52.652890129Z,[Sokudo] Dungeon ni Deai wo Motomeru no wa Machigatteiru Darou ka - S01E01 [1080p BD][AV1][dual audio]_ENG.ass,DanMachi Season 01,Temporada 1,DanMachi (Season 1),aya-expanse-8b,PARCIAL,372,353,0,119954,26
2026-08-12T00:28:44.819127107Z,[Sokudo] Dungeon ni Deai wo Motomeru no wa Machigatteiru Darou ka - S01E02 [1080p BD][AV1][dual audio]_ENG.ass,DanMachi Season 01,Temporada 1,DanMachi (Season 1),aya-expanse-8b,PARCIAL,404,373,0,172050,51
2026-08-12T00:31:19.311260625Z,[Sokudo] Dungeon ni Deai wo Motomeru no wa Machigatteiru Darou ka - S01E03 [1080p BD][AV1][dual audio]_ENG.ass,DanMachi Season 01,Temporada 1,DanMachi (Season 1),aya-expanse-8b,PARCIAL,321,291,0,154344,64
2026-08-12T01:05:46.515052859Z,Guilty Crown - 01_Track4.ass,[Anime Time] Guilty Crown + OVA [BD][Dual Audio][1080p][HEVC 10bit x265][Opus][Eng Sub],Temporada Única,Guilty Crown,aya-expanse-8b,CONCLUIDO,188,185,0,49987,2
2026-08-12T01:07:03.181517200Z,Guilty Crown - 02_Track4.ass,[Anime Time] Guilty Crown + OVA [BD][Dual Audio][1080p][HEVC 10bit x265][Opus][Eng Sub],Temporada Única,Guilty Crown,aya-expanse-8b,PARCIAL,251,250,0,76561,7
2026-08-12T01:08:56.368290029Z,Guilty Crown - 03_Track4.ass,[Anime Time] Guilty Crown + OVA [BD][Dual Audio][1080p][HEVC 10bit x265][Opus][Eng Sub],Temporada Única,Guilty Crown,aya-expanse-8b,PARCIAL,330,318,0,112905,12
2026-08-12T01:10:12.745558324Z,Guilty Crown - 04_Track4.ass,[Anime Time] Guilty Crown + OVA [BD][Dual Audio][1080p][HEVC 10bit x265][Opus][Eng Sub],Temporada Única,Guilty Crown,aya-expanse-8b,CONCLUIDO,253,250,0,76239,2
2026-08-12T01:11:29.946253420Z,Guilty Crown - 05_Track4.ass,[Anime Time] Guilty Crown + OVA [BD][Dual Audio][1080p][HEVC 10bit x265][Opus][Eng Sub],Temporada Única,Guilty Crown,aya-expanse-8b,CONCLUIDO,252,246,0,77094,11
2026-08-12T01:12:42.540791707Z,Guilty Crown - 06_Track4.ass,[Anime Time] Guilty Crown + OVA [BD][Dual Audio][1080p][HEVC 10bit x265][Opus][Eng Sub],Temporada Única,Guilty Crown,aya-expanse-8b,CONCLUIDO,245,241,0,72400,4
2026-08-12T01:14:11.801111937Z,Guilty Crown - 07_Track4.ass,[Anime Time] Guilty Crown + OVA [BD][Dual Audio][1080p][HEVC 10bit x265][Opus][Eng Sub],Temporada Única,Guilty Crown,aya-expanse-8b,CONCLUIDO,293,285,0,88968,5
2026-08-12T01:15:32.673519731Z,Guilty Crown - 08_Track4.ass,[Anime Time] Guilty Crown + OVA [BD][Dual Audio][1080p][HEVC 10bit x265][Opus][Eng Sub],Temporada Única,Guilty Crown,aya-expanse-8b,PARCIAL,260,258,0,80706,9
2026-08-12T01:16:36.056722146Z,Guilty Crown - 09_Track4.ass,[Anime Time] Guilty Crown + OVA [BD][Dual Audio][1080p][HEVC 10bit x265][Opus][Eng Sub],Temporada Única,Guilty Crown,aya-expanse-8b,CONCLUIDO,236,228,0,63237,3
2026-08-12T01:17:43.158966898Z,Guilty Crown - 10_Track4.ass,[Anime Time] Guilty Crown + OVA [BD][Dual Audio][1080p][HEVC 10bit x265][Opus][Eng Sub],Temporada Única,Guilty Crown,aya-expanse-8b,PARCIAL,254,240,0,66700,6
2026-08-12T01:18:56.560799887Z,Guilty Crown - 11_Track4.ass,[Anime Time] Guilty Crown + OVA [BD][Dual Audio][1080p][HEVC 10bit x265][Opus][Eng Sub],Temporada Única,Guilty Crown,aya-expanse-8b,CONCLUIDO,255,248,0,73103,6
2026-08-12T01:20:04.079508056Z,Guilty Crown - 12_Track4.ass,[Anime Time] Guilty Crown + OVA [BD][Dual Audio][1080p][HEVC 10bit x265][Opus][Eng Sub],Temporada Única,Guilty Crown,aya-expanse-8b,PARCIAL,239,231,0,67421,6
2026-08-12T01:21:50.020959391Z,Guilty Crown - 13_Track4.ass,[Anime Time] Guilty Crown + OVA [BD][Dual Audio][1080p][HEVC 10bit x265][Opus][Eng Sub],Temporada Única,Guilty Crown,aya-expanse-8b,PARCIAL,326,319,0,105744,20
2026-08-12T01:23:40.039790107Z,Guilty Crown - 14_Track4.ass,[Anime Time] Guilty Crown + OVA [BD][Dual Audio][1080p][HEVC 10bit x265][Opus][Eng Sub],Temporada Única,Guilty Crown,aya-expanse-8b,PARCIAL,327,318,0,109819,11
2026-08-12T01:24:59.475134826Z,Guilty Crown - 15_Track4.ass,[Anime Time] Guilty Crown + OVA [BD][Dual Audio][1080p][HEVC 10bit x265][Opus][Eng Sub],Temporada Única,Guilty Crown,aya-expanse-8b,PARCIAL,274,264,0,79177,8
2026-08-12T01:26:40.589598693Z,Guilty Crown - 16_Track4.ass,[Anime Time] Guilty Crown + OVA [BD][Dual Audio][1080p][HEVC 10bit x265][Opus][Eng Sub],Temporada Única,Guilty Crown,aya-expanse-8b,PARCIAL,296,291,0,101021,17
2026-08-12T01:27:45.918091526Z,Guilty Crown - 17_Track4.ass,[Anime Time] Guilty Crown + OVA [BD][Dual Audio][1080p][HEVC 10bit x265][Opus][Eng Sub],Temporada Única,Guilty Crown,aya-expanse-8b,PARCIAL,230,224,0,65223,6
2026-08-12T01:28:35.503659310Z,Guilty Crown - 18_Track4.ass,[Anime Time] Guilty Crown + OVA [BD][Dual Audio][1080p][HEVC 10bit x265][Opus][Eng Sub],Temporada Única,Guilty Crown,aya-expanse-8b,CONCLUIDO,204,193,0,49225,1
2026-08-12T01:29:50.166644215Z,Guilty Crown - 19_Track4.ass,[Anime Time] Guilty Crown + OVA [BD][Dual Audio][1080p][HEVC 10bit x265][Opus][Eng Sub],Temporada Única,Guilty Crown,aya-expanse-8b,CONCLUIDO,264,256,0,74509,7
2026-08-12T01:31:16.733182137Z,Guilty Crown - 20_Track4.ass,[Anime Time] Guilty Crown + OVA [BD][Dual Audio][1080p][HEVC 10bit x265][Opus][Eng Sub],Temporada Única,Guilty Crown,aya-expanse-8b,PARCIAL,289,285,0,86193,8
2026-08-12T01:32:23.919650956Z,Guilty Crown - 21_Track4.ass,[Anime Time] Guilty Crown + OVA [BD][Dual Audio][1080p][HEVC 10bit x265][Opus][Eng Sub],Temporada Única,Guilty Crown,aya-expanse-8b,CONCLUIDO,218,217,0,67099,4
2026-08-12T01:33:19.312129264Z,Guilty Crown - 22_Track4.ass,[Anime Time] Guilty Crown + OVA [BD][Dual Audio][1080p][HEVC 10bit x265][Opus][Eng Sub],Temporada Única,Guilty Crown,aya-expanse-8b,CONCLUIDO,236,226,0,55239,2
2026-08-12T01:33:46.794560442Z,Guilty Crown OVA - 01_Track2.ass,[Anime Time] Guilty Crown + OVA [BD][Dual Audio][1080p][HEVC 10bit x265][Opus][Eng Sub],Temporada Única,Guilty Crown,aya-expanse-8b,CONCLUIDO,98,97,0,27330,3
2026-08-12T12:09:43.422608Z,Mobile.Suit.Gundam.ZZ.S01E01_ENG.ass,Mobile Suit Gundam ZZ,Temporada Única,Mobile Suit Gundam ZZ,aya-expanse-8b,PARCIAL,301,295,0,96661,11
2026-08-12T12:10:59.234868600Z,Mobile.Suit.Gundam.ZZ.S01E02_ENG.ass,Mobile Suit Gundam ZZ,Temporada Única,Mobile Suit Gundam ZZ,aya-expanse-8b,CONCLUIDO,289,285,0,75794,2
2026-08-12T12:22:21.182430100Z,Mobile Suit Gundam Unicorn Re0096 (2016) - S01E01 - Departure 0096_Track4.ass,Gundam Unicorn Season 1,Temporada Única,Mobile Suit Gundam Unicorn,,FALHOU,0,0,0,0,1
2026-08-12T12:24:10.372134700Z,Mobile Suit Gundam Unicorn Re0096 (2016) - S01E02 - First Blood_Track4.ass,Gundam Unicorn Season 1,Temporada 1,Mobile Suit Gundam Unicorn,aya-expanse-8b,PARCIAL,308,306,0,109171,1
2026-08-12T12:25:01.088905Z,Mobile Suit Gundam Unicorn Re0096 (2016) - S01E03 - They Called It Gundam_Track4.ass,Gundam Unicorn Season 1,Temporada 1,Mobile Suit Gundam Unicorn,aya-expanse-8b,CONCLUIDO,192,187,0,50704,0
2026-08-12T12:26:54.718986500Z,Mobile Suit Gundam Unicorn Re0096 (2016) - S01E04 - Full Frontal's Pursuit_Track4.ass,Gundam Unicorn Season 1,Temporada 1,Mobile Suit Gundam Unicorn,aya-expanse-8b,CONCLUIDO,373,371,0,113615,0
2026-08-12T12:28:21.913482300Z,Mobile Suit Gundam Unicorn Re0096 (2016) - S01E05 - Clash with the Red Comet_Track4.ass,Gundam Unicorn Season 1,Temporada 1,Mobile Suit Gundam Unicorn,aya-expanse-8b,CONCLUIDO,269,267,0,87181,0
2026-08-12T12:29:57.555141800Z,Mobile Suit Gundam Unicorn Re0096 (2016) - S01E06 - Under the Mask_Track3.ass,Gundam Unicorn Season 1,Temporada 1,Mobile Suit Gundam Unicorn,aya-expanse-8b,CONCLUIDO,293,291,0,95627,0
2026-08-12T12:31:17.976007200Z,Mobile Suit Gundam Unicorn Re0096 (2016) - S01E07 - The Battle of Palau_Track3.ass,Gundam Unicorn Season 1,Temporada 1,Mobile Suit Gundam Unicorn,aya-expanse-8b,CONCLUIDO,245,242,0,80407,0
2026-08-12T12:33:23.944355100Z,"Mobile Suit Gundam Unicorn Re0096 (2016) - S01E08 - Laplace, Where It All Began_Track3.ass",Gundam Unicorn Season 1,Temporada 1,Mobile Suit Gundam Unicorn,aya-expanse-8b,CONCLUIDO,350,348,0,125954,0
2026-08-12T12:35:02.491898800Z,Mobile Suit Gundam Unicorn Re0096 (2016) - S01E09 - Retribution_Track3.ass,Gundam Unicorn Season 1,Temporada 1,Mobile Suit Gundam Unicorn,aya-expanse-8b,CONCLUIDO,273,271,0,98533,0
2026-08-12T12:36:25.850500100Z,Mobile Suit Gundam Unicorn Re0096 (2016) - S01E10 - From the Scorching Earth_Track3.ass,Gundam Unicorn Season 1,Temporada 1,Mobile Suit Gundam Unicorn,aya-expanse-8b,CONCLUIDO,249,249,0,83343,0
2026-08-12T12:38:05.498527400Z,Mobile Suit Gundam Unicorn Re0096 (2016) - S01E11 - Battle at Torrington_Track3.ass,Gundam Unicorn Season 1,Temporada 1,Mobile Suit Gundam Unicorn,aya-expanse-8b,CONCLUIDO,269,267,0,99634,0
2026-08-12T12:39:19.637260500Z,Mobile Suit Gundam Unicorn Re0096 (2016) - S01E12 - A Private War_Track4.ass,Gundam Unicorn Season 1,Temporada 1,Mobile Suit Gundam Unicorn,aya-expanse-8b,CONCLUIDO,235,233,0,74123,0
2026-08-12T12:40:45.117997200Z,"Mobile Suit Gundam Unicorn Re0096 (2016) - S01E13 - Banagher Links, Soldier_Track4.ass",Gundam Unicorn Season 1,Temporada 1,Mobile Suit Gundam Unicorn,aya-expanse-8b,CONCLUIDO,253,252,0,85466,0
2026-08-12T12:41:51.680401300Z,Mobile Suit Gundam Unicorn Re0096 (2016) - S01E14 - Clash of the Two Unicorns_Track4.ass,Gundam Unicorn Season 1,Temporada 1,Mobile Suit Gundam Unicorn,aya-expanse-8b,CONCLUIDO,232,227,0,66540,0
2026-08-12T12:42:59.688622200Z,Mobile Suit Gundam Unicorn Re0096 (2016) - S01E15 - Waiting in Space_Track4.ass,Gundam Unicorn Season 1,Temporada 1,Mobile Suit Gundam Unicorn,aya-expanse-8b,CONCLUIDO,198,194,0,67995,0
2026-08-12T12:44:58.060129700Z,Mobile Suit Gundam Unicorn Re0096 (2016) - S01E16 - The Side Co-Prosperity Sphere_Track4.ass,Gundam Unicorn Season 1,Temporada 1,Mobile Suit Gundam Unicorn,aya-expanse-8b,CONCLUIDO,293,293,0,118355,0
2026-08-12T12:46:29.826042800Z,Mobile Suit Gundam Unicorn Re0096 (2016) - S01E17 - Nahel Argama Recaptured_Track4.ass,Gundam Unicorn Season 1,Temporada 1,Mobile Suit Gundam Unicorn,aya-expanse-8b,CONCLUIDO,290,279,0,91749,0
2026-08-12T12:47:34.769614700Z,Mobile Suit Gundam Unicorn Re0096 (2016) - S01E18 - Fateful Battle_Track4.ass,Gundam Unicorn Season 1,Temporada 1,Mobile Suit Gundam Unicorn,aya-expanse-8b,CONCLUIDO,201,200,0,64928,0
2026-08-12T12:48:29.644211200Z,Mobile Suit Gundam Unicorn Re0096 (2016) - S01E19 - Another Cosmic Glow_Track4.ass,Gundam Unicorn Season 1,Temporada 1,Mobile Suit Gundam Unicorn,aya-expanse-8b,CONCLUIDO,182,180,0,54858,0
2026-08-12T12:50:04.883411400Z,Mobile Suit Gundam Unicorn Re0096 (2016) - S01E20 - Laplace's Box_Track4.ass,Gundam Unicorn Season 1,Temporada 1,Mobile Suit Gundam Unicorn,aya-expanse-8b,CONCLUIDO,270,270,0,95226,0
2026-08-12T12:50:59.221962900Z,Mobile Suit Gundam Unicorn Re0096 (2016) - S01E21 - To the World's End_Track4.ass,Gundam Unicorn Season 1,Temporada 1,Mobile Suit Gundam Unicorn,aya-expanse-8b,CONCLUIDO,184,179,0,54323,0
2026-08-12T12:52:33.055639300Z,Mobile Suit Gundam Unicorn Re0096 (2016) - S01E22 - Return_Track4.ass,Gundam Unicorn Season 1,Temporada 1,Mobile Suit Gundam Unicorn,aya-expanse-8b,PARCIAL,265,260,0,93818,2
2026-08-12T14:35:38.343357300Z,Mobile Suit Gundam Unicorn Re0096 (2016) - S01E01 - Departure 0096_Track4.ass,Gundam Unicorn Season 1,Temporada 1,Mobile Suit Gundam Unicorn,aya-expanse-8b,CONCLUIDO,219,216,0,78177,0
2026-08-12T14:37:18.134203400Z,Mobile Suit Gundam Unicorn Re0096 (2016) - S01E02 - First Blood_Track4.ass,Gundam Unicorn Season 1,Temporada 1,Mobile Suit Gundam Unicorn,aya-expanse-8b,PARCIAL,308,306,0,99779,1
2026-08-12T14:38:06.261028900Z,Mobile Suit Gundam Unicorn Re0096 (2016) - S01E03 - They Called It Gundam_Track4.ass,Gundam Unicorn Season 1,Temporada 1,Mobile Suit Gundam Unicorn,aya-expanse-8b,CONCLUIDO,192,187,0,48116,0
2026-08-12T14:39:54.653338500Z,Mobile Suit Gundam Unicorn Re0096 (2016) - S01E04 - Full Frontal's Pursuit_Track4.ass,Gundam Unicorn Season 1,Temporada 1,Mobile Suit Gundam Unicorn,aya-expanse-8b,CONCLUIDO,373,371,0,108377,0
2026-08-12T14:41:10.536413300Z,Mobile Suit Gundam Unicorn Re0096 (2016) - S01E05 - Clash with the Red Comet_Track4.ass,Gundam Unicorn Season 1,Temporada 1,Mobile Suit Gundam Unicorn,aya-expanse-8b,CONCLUIDO,269,267,0,75871,0
2026-08-12T14:42:38.055152700Z,Mobile Suit Gundam Unicorn Re0096 (2016) - S01E06 - Under the Mask_Track3.ass,Gundam Unicorn Season 1,Temporada 1,Mobile Suit Gundam Unicorn,aya-expanse-8b,CONCLUIDO,293,291,0,87507,0
2026-08-12T14:43:54.320525100Z,Mobile Suit Gundam Unicorn Re0096 (2016) - S01E07 - The Battle of Palau_Track3.ass,Gundam Unicorn Season 1,Temporada 1,Mobile Suit Gundam Unicorn,aya-expanse-8b,CONCLUIDO,245,242,0,76255,0
2026-08-12T14:45:59.754504800Z,"Mobile Suit Gundam Unicorn Re0096 (2016) - S01E08 - Laplace, Where It All Began_Track3.ass",Gundam Unicorn Season 1,Temporada 1,Mobile Suit Gundam Unicorn,aya-expanse-8b,CONCLUIDO,350,348,0,125417,0
2026-08-12T14:47:36.415702800Z,Mobile Suit Gundam Unicorn Re0096 (2016) - S01E09 - Retribution_Track3.ass,Gundam Unicorn Season 1,Temporada 1,Mobile Suit Gundam Unicorn,aya-expanse-8b,CONCLUIDO,273,271,0,96648,0
2026-08-12T14:48:58.437102900Z,Mobile Suit Gundam Unicorn Re0096 (2016) - S01E10 - From the Scorching Earth_Track3.ass,Gundam Unicorn Season 1,Temporada 1,Mobile Suit Gundam Unicorn,aya-expanse-8b,CONCLUIDO,249,249,0,82006,0
2026-08-12T14:50:32.449865Z,Mobile Suit Gundam Unicorn Re0096 (2016) - S01E11 - Battle at Torrington_Track3.ass,Gundam Unicorn Season 1,Temporada 1,Mobile Suit Gundam Unicorn,aya-expanse-8b,CONCLUIDO,269,267,0,94000,0
2026-08-12T14:51:48.166252Z,Mobile Suit Gundam Unicorn Re0096 (2016) - S01E12 - A Private War_Track4.ass,Gundam Unicorn Season 1,Temporada 1,Mobile Suit Gundam Unicorn,aya-expanse-8b,CONCLUIDO,235,233,0,75705,0
2026-08-12T14:53:13.359967900Z,"Mobile Suit Gundam Unicorn Re0096 (2016) - S01E13 - Banagher Links, Soldier_Track4.ass",Gundam Unicorn Season 1,Temporada 1,Mobile Suit Gundam Unicorn,aya-expanse-8b,CONCLUIDO,253,252,0,85181,0
2026-08-12T14:54:18.969829900Z,Mobile Suit Gundam Unicorn Re0096 (2016) - S01E14 - Clash of the Two Unicorns_Track4.ass,Gundam Unicorn Season 1,Temporada 1,Mobile Suit Gundam Unicorn,aya-expanse-8b,CONCLUIDO,232,227,0,65593,0
2026-08-12T14:55:24.534630600Z,Mobile Suit Gundam Unicorn Re0096 (2016) - S01E15 - Waiting in Space_Track4.ass,Gundam Unicorn Season 1,Temporada 1,Mobile Suit Gundam Unicorn,aya-expanse-8b,CONCLUIDO,198,194,0,65546,0
2026-08-12T14:57:16.396937200Z,Mobile Suit Gundam Unicorn Re0096 (2016) - S01E16 - The Side Co-Prosperity Sphere_Track4.ass,Gundam Unicorn Season 1,Temporada 1,Mobile Suit Gundam Unicorn,aya-expanse-8b,CONCLUIDO,293,293,0,111847,0
2026-08-12T14:58:50.964210200Z,Mobile Suit Gundam Unicorn Re0096 (2016) - S01E17 - Nahel Argama Recaptured_Track4.ass,Gundam Unicorn Season 1,Temporada 1,Mobile Suit Gundam Unicorn,aya-expanse-8b,CONCLUIDO,290,279,0,94555,0
2026-08-12T14:59:54.207814800Z,Mobile Suit Gundam Unicorn Re0096 (2016) - S01E18 - Fateful Battle_Track4.ass,Gundam Unicorn Season 1,Temporada 1,Mobile Suit Gundam Unicorn,aya-expanse-8b,CONCLUIDO,201,200,0,63230,0
2026-08-12T15:00:48.131679300Z,Mobile Suit Gundam Unicorn Re0096 (2016) - S01E19 - Another Cosmic Glow_Track4.ass,Gundam Unicorn Season 1,Temporada 1,Mobile Suit Gundam Unicorn,aya-expanse-8b,CONCLUIDO,182,180,0,53911,0
2026-08-12T15:02:20.351279Z,Mobile Suit Gundam Unicorn Re0096 (2016) - S01E20 - Laplace's Box_Track4.ass,Gundam Unicorn Season 1,Temporada 1,Mobile Suit Gundam Unicorn,aya-expanse-8b,CONCLUIDO,270,270,0,92207,0
2026-08-12T15:03:13.891755700Z,Mobile Suit Gundam Unicorn Re0096 (2016) - S01E21 - To the World's End_Track4.ass,Gundam Unicorn Season 1,Temporada 1,Mobile Suit Gundam Unicorn,aya-expanse-8b,CONCLUIDO,184,179,0,53528,0
2026-08-12T15:04:41.838674300Z,Mobile Suit Gundam Unicorn Re0096 (2016) - S01E22 - Return_Track4.ass,Gundam Unicorn Season 1,Temporada 1,Mobile Suit Gundam Unicorn,aya-expanse-8b,PARCIAL,265,260,0,87934,2
