registradoEm,origemDoRegistro,arquivo,desfechoArquivo,motivoFalha,statusExecucao,motivoExecucao,contextoNome,contextoId,contextoHash,modeloLlm,cacheIgnorado,estadoDicionario,duracaoExecucaoMs,arquivosNaExecucao,eventosTotais,efeitosKfxPreservados,preservadasOriginalJapones,jaEmPortugues,paraTraduzir,reaproveitadasCache,traduzidas,mantidasSemTraducao,acentosRepostos,entradasCacheDescartadas,quantidadeAvisos
2026-07-31T02:22:43.931684300Z,MANIFESTO_HISTORICO,Guilty Crown - 01_Track4_PT-BR.ass,TRADUZIDO,,,,,,,,false,,228628,23,253,7,9,0,21,0,3,18,0,0,18
2026-07-31T02:22:43.931684300Z,MANIFESTO_HISTORICO,Guilty Crown - 02_Track4_PT-BR.ass,TRADUZIDO,,,,,,,,false,,228628,23,281,0,9,0,16,0,5,11,0,0,11
2026-07-31T02:22:43.931684300Z,MANIFESTO_HISTORICO,Guilty Crown - 03_Track4_PT-BR.ass,TRADUZIDO,,,,,,,,false,,228628,23,358,5,9,0,16,0,5,11,0,0,11
2026-07-31T02:22:43.931684300Z,MANIFESTO_HISTORICO,Guilty Crown - 04_Track4_PT-BR.ass,TRADUZIDO,,,,,,,,false,,228628,23,306,0,9,0,16,0,6,10,0,0,10
2026-07-31T02:22:43.931684300Z,MANIFESTO_HISTORICO,Guilty Crown - 05_Track4_PT-BR.ass,TRADUZIDO,,,,,,,,false,,228628,23,283,2,9,0,16,0,6,10,0,0,10
2026-07-31T02:22:43.931684300Z,MANIFESTO_HISTORICO,Guilty Crown - 06_Track4_PT-BR.ass,TRADUZIDO,,,,,,,,false,,228628,23,265,2,6,0,12,0,4,8,0,0,8
2026-07-31T02:22:43.931684300Z,MANIFESTO_HISTORICO,Guilty Crown - 07_Track4_PT-BR.ass,TRADUZIDO,,,,,,,,false,,228628,23,318,0,9,0,16,0,6,10,0,0,10
2026-07-31T02:22:43.931684300Z,MANIFESTO_HISTORICO,Guilty Crown - 08_Track4_PT-BR.ass,TRADUZIDO,,,,,,,,false,,228628,23,290,0,9,0,19,0,8,11,0,0,11
2026-07-31T02:22:43.931684300Z,MANIFESTO_HISTORICO,Guilty Crown - 09_Track4_PT-BR.ass,TRADUZIDO,,,,,,,,false,,228628,23,262,2,9,0,16,0,5,11,0,0,11
2026-07-31T02:22:43.931684300Z,MANIFESTO_HISTORICO,Guilty Crown - 10_Track4_PT-BR.ass,TRADUZIDO,,,,,,,,false,,228628,23,284,5,9,0,20,0,9,11,0,0,11
2026-07-31T02:22:43.931684300Z,MANIFESTO_HISTORICO,Guilty Crown - 11_Track4_PT-BR.ass,TRADUZIDO,,,,,,,,false,,228628,23,298,0,9,0,16,0,5,11,0,0,11
2026-07-31T02:22:43.931684300Z,MANIFESTO_HISTORICO,Guilty Crown - 12_Track4_PT-BR.ass,TRADUZIDO,,,,,,,,false,,228628,23,261,0,7,0,15,0,4,11,0,0,11
2026-07-31T02:22:43.931684300Z,MANIFESTO_HISTORICO,Guilty Crown - 13_Track4_PT-BR.ass,TRADUZIDO,,,,,,,,false,,228628,23,392,15,0,0,0,0,0,0,0,0,0
2026-07-31T02:22:43.931684300Z,MANIFESTO_HISTORICO,Guilty Crown - 14_Track4_PT-BR.ass,TRADUZIDO,,,,,,,,false,,228628,23,426,8,0,0,0,0,0,0,0,0,0
2026-07-31T02:22:43.931684300Z,MANIFESTO_HISTORICO,Guilty Crown - 15_Track4_PT-BR.ass,TRADUZIDO,,,,,,,,false,,228628,23,354,0,0,0,0,0,0,0,0,0,0
2026-07-31T02:22:43.931684300Z,MANIFESTO_HISTORICO,Guilty Crown - 16_Track4_PT-BR.ass,TRADUZIDO,,,,,,,,false,,228628,23,395,2,0,0,0,0,0,0,0,0,0
2026-07-31T02:22:43.931684300Z,MANIFESTO_HISTORICO,Guilty Crown - 17_Track4_PT-BR.ass,TRADUZIDO,,,,,,,,false,,228628,23,329,1,0,0,0,0,0,0,0,0,0
2026-07-31T02:22:43.931684300Z,MANIFESTO_HISTORICO,Guilty Crown - 18_Track4_PT-BR.ass,TRADUZIDO,,,,,,,,false,,228628,23,305,0,0,0,0,0,0,0,0,0,0
2026-07-31T02:22:43.931684300Z,MANIFESTO_HISTORICO,Guilty Crown - 19_Track4_PT-BR.ass,TRADUZIDO,,,,,,,,false,,228628,23,349,0,0,0,0,0,0,0,0,0,0
2026-07-31T02:22:43.931684300Z,MANIFESTO_HISTORICO,Guilty Crown - 20_Track4_PT-BR.ass,TRADUZIDO,,,,,,,,false,,228628,23,397,8,0,0,0,0,0,0,0,0,0
2026-07-31T02:22:43.931684300Z,MANIFESTO_HISTORICO,Guilty Crown - 21_Track4_PT-BR.ass,TRADUZIDO,,,,,,,,false,,228628,23,323,0,0,0,0,0,0,0,0,0,0
2026-07-31T02:22:43.931684300Z,MANIFESTO_HISTORICO,Guilty Crown - 22_Track4_PT-BR.ass,TRADUZIDO,,,,,,,,false,,228628,23,276,0,0,0,11,0,11,0,0,0,0
2026-07-31T02:22:43.931684300Z,MANIFESTO_HISTORICO,Guilty Crown OVA - 01_Track2_PT-BR.ass,TRADUZIDO,,,,,,,,false,,228628,23,98,0,0,0,0,0,0,0,0,0,0
2026-08-04T01:49:28.272123600Z,MANIFESTO_HISTORICO,Guilty Crown - 01_Track4_PT-BR.ass,TRADUZIDO,,,,,,,,false,,340899,7,281,42,10,0,13,4,3,6,0,0,6
2026-08-04T01:49:28.272123600Z,MANIFESTO_HISTORICO,Guilty Crown - 02_Track4_PT-BR.ass,TRADUZIDO,,,,,,,,false,,340899,7,303,3,20,0,24,4,4,16,0,0,16
2026-08-04T01:49:28.272123600Z,MANIFESTO_HISTORICO,Guilty Crown - 03_Track4_PT-BR.ass,TRADUZIDO,,,,,,,,false,,340899,7,380,8,20,0,24,0,5,19,0,0,19
2026-08-04T01:49:28.272123600Z,MANIFESTO_HISTORICO,Guilty Crown - 04_Track4_PT-BR.ass,TRADUZIDO,,,,,,,,false,,340899,7,328,3,20,0,24,1,4,19,0,0,19
2026-08-04T01:49:28.272123600Z,MANIFESTO_HISTORICO,Guilty Crown - 05_Track4_PT-BR.ass,TRADUZIDO,,,,,,,,false,,340899,7,305,5,20,0,24,0,5,19,0,0,19
2026-08-04T01:49:28.272123600Z,MANIFESTO_HISTORICO,Guilty Crown - 06_Track4_PT-BR.ass,TRADUZIDO,,,,,,,,false,,340899,7,280,5,13,0,17,0,3,14,0,0,14
2026-08-04T01:49:28.272123600Z,MANIFESTO_HISTORICO,Guilty Crown - 07_Track4_PT-BR.ass,TRADUZIDO,,,,,,,,false,,340899,7,340,3,20,0,24,1,1,22,0,0,11
2026-08-07T21:13:57.350231500Z,MANIFESTO_HISTORICO,[DB]86 Part 2_-_01_(Dual Audio_10bit_BD1080p_x265)_Track6_PT-BR.ass,TRADUZIDO,,,,,,,,false,,2669438,25,4616,4143,0,0,0,0,0,0,0,0,0
2026-08-07T21:13:57.350231500Z,MANIFESTO_HISTORICO,[DB]86 Part 2_-_02_(Dual Audio_10bit_BD1080p_x265)_Track6_PT-BR.ass,TRADUZIDO,,,,,,,,false,,2669438,25,5246,4687,0,0,33,0,16,17,0,0,17
2026-08-07T21:13:57.350231500Z,MANIFESTO_HISTORICO,[DB]86 Part 2_-_03_(Dual Audio_10bit_BD1080p_x265)_Track6_PT-BR.ass,TRADUZIDO,,,,,,,,false,,2669438,25,5272,4682,0,0,33,0,17,16,0,0,16
2026-08-07T21:13:57.350231500Z,MANIFESTO_HISTORICO,[DB]86 Part 2_-_04_(Dual Audio_10bit_BD1080p_x265)_Track6_PT-BR.ass,TRADUZIDO,,,,,,,,false,,2669438,25,5335,4678,0,0,33,0,15,18,0,0,18
2026-08-07T21:13:57.350231500Z,MANIFESTO_HISTORICO,[DB]86 Part 2_-_04_(Dual Audio_10bit_BD1080p_x265)_Track6_PT-BR.parcial.ass,TRADUZIDO,,,,,,,,false,,2669438,25,5335,4677,0,0,33,0,17,16,0,0,16
2026-08-07T21:13:57.350231500Z,MANIFESTO_HISTORICO,[DB]86 Part 2_-_05_(Dual Audio_10bit_BD1080p_x265)_Track6_PT-BR.ass,TRADUZIDO,,,,,,,,false,,2669438,25,5145,4676,0,0,33,0,18,15,0,0,15
2026-08-07T21:13:57.350231500Z,MANIFESTO_HISTORICO,[DB]86 Part 2_-_06_(Dual Audio_10bit_BD1080p_x265)_Track6_PT-BR.ass,TRADUZIDO,,,,,,,,false,,2669438,25,5363,4691,0,0,33,0,17,16,0,0,16
2026-08-07T21:13:57.350231500Z,MANIFESTO_HISTORICO,[DB]86 Part 2_-_07_(Dual Audio_10bit_BD1080p_x265)_Track6_PT-BR.ass,TRADUZIDO,,,,,,,,false,,2669438,25,4611,4149,0,0,0,0,0,0,0,0,0
2026-08-07T21:13:57.350231500Z,MANIFESTO_HISTORICO,[DB]86 Part 2_-_08_(Dual Audio_10bit_BD1080p_x265)_Track6_PT-BR.ass,TRADUZIDO,,,,,,,,false,,2669438,25,5216,4698,0,0,8,0,2,6,0,0,6
2026-08-07T21:13:57.350231500Z,MANIFESTO_HISTORICO,[DB]86 Part 2_-_09_(Dual Audio_10bit_BD1080p_x265)_Track6_PT-BR.ass,TRADUZIDO,,,,,,,,false,,2669438,25,4627,4145,0,0,0,0,0,0,0,0,0
2026-08-07T21:13:57.350231500Z,MANIFESTO_HISTORICO,[DB]86 Part 2_-_10_(Dual Audio_10bit_BD1080p_x265)_Track6_PT-BR.ass,TRADUZIDO,,,,,,,,false,,2669438,25,5128,4700,0,0,8,0,2,6,0,0,6
2026-08-07T21:13:57.350231500Z,MANIFESTO_HISTORICO,[DB]86 Part 2_-_11_(Dual Audio_10bit_BD1080p_x265)_Track6_PT-BR.ass,TRADUZIDO,,,,,,,,false,,2669438,25,4796,4153,0,0,0,0,0,0,0,0,0
2026-08-07T21:13:57.350231500Z,MANIFESTO_HISTORICO,[DB]86 Part 2_-_12_(Dual Audio_10bit_BD1080p_x265)_Track6_PT-BR.ass,TRADUZIDO,,,,,,,,false,,2669438,25,703,14,0,0,0,0,0,0,0,0,0
2026-08-07T21:13:57.350231500Z,MANIFESTO_HISTORICO,[DB]86_-_01_(Dual Audio_10bit_BD1080p_x265)_Track6_PT-BR.ass,TRADUZIDO,,,,,,,,false,,2669438,25,1774,824,303,0,246,0,170,76,0,0,76
2026-08-07T21:13:57.350231500Z,MANIFESTO_HISTORICO,[DB]86_-_01_(Dual Audio_10bit_BD1080p_x265)_Track6_PT-BR.parcial.ass,TRADUZIDO,,,,,,,,false,,2669438,25,1774,824,303,0,246,0,166,80,0,0,80
2026-08-07T21:13:57.350231500Z,MANIFESTO_HISTORICO,[DB]86_-_02_(Dual Audio_10bit_BD1080p_x265)_Track6_PT-BR.ass,TRADUZIDO,,,,,,,,false,,2669438,25,2839,1698,303,0,264,0,170,94,0,0,94
2026-08-07T21:13:57.350231500Z,MANIFESTO_HISTORICO,[DB]86_-_03_(Dual Audio_10bit_BD1080p_x265)_Track6_PT-BR.ass,TRADUZIDO,,,,,,,,false,,2669438,25,2819,1683,303,0,264,0,167,97,0,0,97
2026-08-07T21:13:57.350231500Z,MANIFESTO_HISTORICO,[DB]86_-_04_(Dual Audio_10bit_BD1080p_x265)_Track6_PT-BR.ass,TRADUZIDO,,,,,,,,false,,2669438,25,3420,2303,304,0,262,0,175,87,0,0,87
2026-08-07T21:13:57.350231500Z,MANIFESTO_HISTORICO,[DB]86_-_05_(Dual Audio_10bit_BD1080p_x265)_Track6_PT-BR.ass,TRADUZIDO,,,,,,,,false,,2669438,25,2828,1688,303,0,264,0,173,91,0,0,91
2026-08-07T21:13:57.350231500Z,MANIFESTO_HISTORICO,[DB]86_-_06_(Dual Audio_10bit_BD1080p_x265)_Track6_PT-BR.ass,TRADUZIDO,,,,,,,,false,,2669438,25,3499,2305,304,0,262,0,173,89,0,0,89
2026-08-07T21:13:57.350231500Z,MANIFESTO_HISTORICO,[DB]86_-_07_(Dual Audio_10bit_BD1080p_x265)_Track6_PT-BR.ass,TRADUZIDO,,,,,,,,false,,2669438,25,2732,1697,303,0,261,0,174,87,0,0,87
2026-08-07T21:13:57.350231500Z,MANIFESTO_HISTORICO,[DB]86_-_08_(Dual Audio_10bit_BD1080p_x265)_Track6_PT-BR.ass,TRADUZIDO,,,,,,,,false,,2669438,25,3579,2305,304,0,262,0,177,85,0,0,85
2026-08-07T21:13:57.350231500Z,MANIFESTO_HISTORICO,[DB]86_-_09_(Dual Audio_10bit_BD1080p_x265)_Track6_PT-BR.ass,TRADUZIDO,,,,,,,,false,,2669438,25,1850,717,303,0,246,0,166,80,0,0,80
2026-08-07T21:13:57.350231500Z,MANIFESTO_HISTORICO,[DB]86_-_10_(Dual Audio_10bit_BD1080p_x265)_Track6_PT-BR.ass,TRADUZIDO,,,,,,,,false,,2669438,25,2029,719,303,0,247,0,174,73,0,0,73
2026-08-07T21:13:57.350231500Z,MANIFESTO_HISTORICO,[DB]86_-_11_(Dual Audio_10bit_BD1080p_x265)_Track6_PT-BR.ass,TRADUZIDO,,,,,,,,false,,2669438,25,2001,949,302,0,245,0,167,78,0,0,78
2026-08-07T21:16:28.778962100Z,MANIFESTO_HISTORICO,Guilty Crown - 01_Track4_PT-BR.ass,TRADUZIDO,,,,,,,,false,,27516,23,281,19,10,0,1,0,0,1,0,0,1
2026-08-07T21:16:28.778962100Z,MANIFESTO_HISTORICO,Guilty Crown - 02_Track4_PT-BR.ass,TRADUZIDO,,,,,,,,false,,27516,23,303,0,20,0,1,0,0,1,0,0,1
2026-08-07T21:16:28.778962100Z,MANIFESTO_HISTORICO,Guilty Crown - 03_Track4_PT-BR.ass,TRADUZIDO,,,,,,,,false,,27516,23,380,5,20,0,1,0,0,1,0,0,1
2026-08-07T21:16:28.778962100Z,MANIFESTO_HISTORICO,Guilty Crown - 04_Track4_PT-BR.ass,TRADUZIDO,,,,,,,,false,,27516,23,328,0,20,0,1,1,0,0,0,0,0
2026-08-07T21:16:28.778962100Z,MANIFESTO_HISTORICO,Guilty Crown - 05_Track4_PT-BR.ass,TRADUZIDO,,,,,,,,false,,27516,23,305,2,20,0,1,0,0,1,0,0,1
2026-08-07T21:16:28.778962100Z,MANIFESTO_HISTORICO,Guilty Crown - 06_Track4_PT-BR.ass,TRADUZIDO,,,,,,,,false,,27516,23,280,0,13,0,1,1,0,0,0,0,0
2026-08-07T21:16:28.778962100Z,MANIFESTO_HISTORICO,Guilty Crown - 07_Track4_PT-BR.ass,TRADUZIDO,,,,,,,,false,,27516,23,340,0,20,0,1,1,0,0,0,0,0
2026-08-07T21:16:28.778962100Z,MANIFESTO_HISTORICO,Guilty Crown - 08_Track4_PT-BR.ass,TRADUZIDO,,,,,,,,false,,27516,23,312,0,20,0,1,0,1,0,0,0,0
2026-08-07T21:16:28.778962100Z,MANIFESTO_HISTORICO,Guilty Crown - 09_Track4_PT-BR.ass,TRADUZIDO,,,,,,,,false,,27516,23,284,0,20,0,1,0,0,1,0,0,1
2026-08-07T21:16:28.778962100Z,MANIFESTO_HISTORICO,Guilty Crown - 10_Track4_PT-BR.ass,TRADUZIDO,,,,,,,,false,,27516,23,306,4,20,0,1,0,1,0,0,0,0
2026-08-07T21:16:28.778962100Z,MANIFESTO_HISTORICO,Guilty Crown - 11_Track4_PT-BR.ass,TRADUZIDO,,,,,,,,false,,27516,23,320,0,20,0,1,0,0,1,0,0,1
2026-08-07T21:16:28.778962100Z,MANIFESTO_HISTORICO,Guilty Crown - 12_Track4_PT-BR.ass,TRADUZIDO,,,,,,,,false,,27516,23,280,0,17,0,1,0,0,1,0,0,1
2026-08-07T21:16:28.778962100Z,MANIFESTO_HISTORICO,Guilty Crown - 13_Track4_PT-BR.ass,TRADUZIDO,,,,,,,,false,,27516,23,390,4,28,0,1,0,1,0,0,0,0
2026-08-07T21:16:28.778962100Z,MANIFESTO_HISTORICO,Guilty Crown - 14_Track4_PT-BR.ass,TRADUZIDO,,,,,,,,false,,27516,23,424,0,28,0,1,0,1,0,0,0,0
2026-08-07T21:16:28.778962100Z,MANIFESTO_HISTORICO,Guilty Crown - 15_Track4_PT-BR.ass,TRADUZIDO,,,,,,,,false,,27516,23,352,0,28,0,1,0,1,0,0,0,0
2026-08-07T21:16:28.778962100Z,MANIFESTO_HISTORICO,Guilty Crown - 16_Track4_PT-BR.ass,TRADUZIDO,,,,,,,,false,,27516,23,393,0,28,0,1,0,1,0,0,0,0
2026-08-07T21:16:28.778962100Z,MANIFESTO_HISTORICO,Guilty Crown - 17_Track4_PT-BR.ass,TRADUZIDO,,,,,,,,false,,27516,23,327,0,28,0,1,0,1,0,0,0,0
2026-08-07T21:16:28.778962100Z,MANIFESTO_HISTORICO,Guilty Crown - 18_Track4_PT-BR.ass,TRADUZIDO,,,,,,,,false,,27516,23,303,0,28,0,1,0,1,0,0,0,0
2026-08-07T21:16:28.778962100Z,MANIFESTO_HISTORICO,Guilty Crown - 19_Track4_PT-BR.ass,TRADUZIDO,,,,,,,,false,,27516,23,347,0,28,0,1,0,1,0,0,0,0
2026-08-07T21:16:28.778962100Z,MANIFESTO_HISTORICO,Guilty Crown - 20_Track4_PT-BR.ass,TRADUZIDO,,,,,,,,false,,27516,23,395,8,28,0,1,0,1,0,0,0,0
2026-08-07T21:16:28.778962100Z,MANIFESTO_HISTORICO,Guilty Crown - 21_Track4_PT-BR.ass,TRADUZIDO,,,,,,,,false,,27516,23,321,0,28,0,1,0,1,0,0,0,0
2026-08-07T21:16:28.778962100Z,MANIFESTO_HISTORICO,Guilty Crown - 22_Track4_PT-BR.ass,TRADUZIDO,,,,,,,,false,,27516,23,274,0,11,0,1,0,1,0,0,0,0
2026-08-07T21:16:28.778962100Z,MANIFESTO_HISTORICO,Guilty Crown OVA - 01_Track2_PT-BR.ass,TRADUZIDO,,,,,,,,false,,27516,23,98,0,0,0,0,0,0,0,0,0,0
2026-08-07T23:13:38.975670700Z,MANIFESTO_HISTORICO,Guilty Crown - 01_Track4_PT-BR.ass,TRADUZIDO,,,,,,,,false,,1031,23,281,19,11,0,0,0,0,0,0,0,0
2026-08-07T23:13:38.975670700Z,MANIFESTO_HISTORICO,Guilty Crown - 02_Track4_PT-BR.ass,TRADUZIDO,,,,,,,,false,,1031,23,303,0,21,0,0,0,0,0,0,0,0
2026-08-07T23:13:38.975670700Z,MANIFESTO_HISTORICO,Guilty Crown - 03_Track4_PT-BR.ass,TRADUZIDO,,,,,,,,false,,1031,23,380,5,21,0,0,0,0,0,0,0,0
2026-08-07T23:13:38.975670700Z,MANIFESTO_HISTORICO,Guilty Crown - 04_Track4_PT-BR.ass,TRADUZIDO,,,,,,,,false,,1031,23,328,0,21,0,0,0,0,0,0,0,0
2026-08-07T23:13:38.975670700Z,MANIFESTO_HISTORICO,Guilty Crown - 05_Track4_PT-BR.ass,TRADUZIDO,,,,,,,,false,,1031,23,305,2,21,0,0,0,0,0,0,0,0
2026-08-07T23:13:38.975670700Z,MANIFESTO_HISTORICO,Guilty Crown - 06_Track4_PT-BR.ass,TRADUZIDO,,,,,,,,false,,1031,23,280,0,14,0,0,0,0,0,0,0,0
2026-08-07T23:13:38.975670700Z,MANIFESTO_HISTORICO,Guilty Crown - 07_Track4_PT-BR.ass,TRADUZIDO,,,,,,,,false,,1031,23,340,0,21,0,0,0,0,0,0,0,0
2026-08-07T23:13:38.975670700Z,MANIFESTO_HISTORICO,Guilty Crown - 08_Track4_PT-BR.ass,TRADUZIDO,,,,,,,,false,,1031,23,312,0,21,0,0,0,0,0,0,0,0
2026-08-07T23:13:38.975670700Z,MANIFESTO_HISTORICO,Guilty Crown - 09_Track4_PT-BR.ass,TRADUZIDO,,,,,,,,false,,1031,23,284,0,21,0,0,0,0,0,0,0,0
2026-08-07T23:13:38.975670700Z,MANIFESTO_HISTORICO,Guilty Crown - 10_Track4_PT-BR.ass,TRADUZIDO,,,,,,,,false,,1031,23,306,4,21,0,0,0,0,0,0,0,0
2026-08-07T23:13:38.975670700Z,MANIFESTO_HISTORICO,Guilty Crown - 11_Track4_PT-BR.ass,TRADUZIDO,,,,,,,,false,,1031,23,320,0,21,0,0,0,0,0,0,0,0
2026-08-07T23:13:38.975670700Z,MANIFESTO_HISTORICO,Guilty Crown - 12_Track4_PT-BR.ass,TRADUZIDO,,,,,,,,false,,1031,23,280,0,18,0,0,0,0,0,0,0,0
2026-08-07T23:13:38.975670700Z,MANIFESTO_HISTORICO,Guilty Crown - 13_Track4_PT-BR.ass,TRADUZIDO,,,,,,,,false,,1031,23,390,4,29,0,0,0,0,0,0,0,0
2026-08-07T23:13:38.975670700Z,MANIFESTO_HISTORICO,Guilty Crown - 14_Track4_PT-BR.ass,TRADUZIDO,,,,,,,,false,,1031,23,424,0,29,0,0,0,0,0,0,0,0
2026-08-07T23:13:38.975670700Z,MANIFESTO_HISTORICO,Guilty Crown - 15_Track4_PT-BR.ass,TRADUZIDO,,,,,,,,false,,1031,23,352,0,29,0,0,0,0,0,0,0,0
2026-08-07T23:13:38.975670700Z,MANIFESTO_HISTORICO,Guilty Crown - 16_Track4_PT-BR.ass,TRADUZIDO,,,,,,,,false,,1031,23,393,0,29,0,0,0,0,0,0,0,0
2026-08-07T23:13:38.975670700Z,MANIFESTO_HISTORICO,Guilty Crown - 17_Track4_PT-BR.ass,TRADUZIDO,,,,,,,,false,,1031,23,327,0,29,0,0,0,0,0,0,0,0
2026-08-07T23:13:38.975670700Z,MANIFESTO_HISTORICO,Guilty Crown - 18_Track4_PT-BR.ass,TRADUZIDO,,,,,,,,false,,1031,23,303,0,29,0,0,0,0,0,0,0,0
2026-08-07T23:13:38.975670700Z,MANIFESTO_HISTORICO,Guilty Crown - 19_Track4_PT-BR.ass,TRADUZIDO,,,,,,,,false,,1031,23,347,0,29,0,0,0,0,0,0,0,0
2026-08-07T23:13:38.975670700Z,MANIFESTO_HISTORICO,Guilty Crown - 20_Track4_PT-BR.ass,TRADUZIDO,,,,,,,,false,,1031,23,395,8,29,0,0,0,0,0,0,0,0
2026-08-07T23:13:38.975670700Z,MANIFESTO_HISTORICO,Guilty Crown - 21_Track4_PT-BR.ass,TRADUZIDO,,,,,,,,false,,1031,23,321,0,29,0,0,0,0,0,0,0,0
2026-08-07T23:13:38.975670700Z,MANIFESTO_HISTORICO,Guilty Crown - 22_Track4_PT-BR.ass,TRADUZIDO,,,,,,,,false,,1031,23,274,0,12,0,0,0,0,0,0,0,0
2026-08-07T23:13:38.975670700Z,MANIFESTO_HISTORICO,Guilty Crown OVA - 01_Track2_PT-BR.ass,TRADUZIDO,,,,,,,,false,,1031,23,98,0,0,0,0,0,0,0,0,0,0
2026-08-07T23:14:01.188311Z,MANIFESTO_HISTORICO,Guilty Crown - 01_Track4_PT-BR.ass,TRADUZIDO,,,,,,,,false,,1349,23,281,19,11,0,0,0,0,0,0,0,0
2026-08-07T23:14:01.188311Z,MANIFESTO_HISTORICO,Guilty Crown - 02_Track4_PT-BR.ass,TRADUZIDO,,,,,,,,false,,1349,23,303,0,21,0,0,0,0,0,0,0,0
2026-08-07T23:14:01.188311Z,MANIFESTO_HISTORICO,Guilty Crown - 03_Track4_PT-BR.ass,TRADUZIDO,,,,,,,,false,,1349,23,380,5,21,0,0,0,0,0,0,0,0
2026-08-07T23:14:01.188311Z,MANIFESTO_HISTORICO,Guilty Crown - 04_Track4_PT-BR.ass,TRADUZIDO,,,,,,,,false,,1349,23,328,0,21,0,0,0,0,0,0,0,0
2026-08-07T23:14:01.188311Z,MANIFESTO_HISTORICO,Guilty Crown - 05_Track4_PT-BR.ass,TRADUZIDO,,,,,,,,false,,1349,23,305,2,21,0,0,0,0,0,0,0,0
2026-08-07T23:14:01.188311Z,MANIFESTO_HISTORICO,Guilty Crown - 06_Track4_PT-BR.ass,TRADUZIDO,,,,,,,,false,,1349,23,280,0,14,0,0,0,0,0,0,0,0
2026-08-07T23:14:01.188311Z,MANIFESTO_HISTORICO,Guilty Crown - 07_Track4_PT-BR.ass,TRADUZIDO,,,,,,,,false,,1349,23,340,0,21,0,0,0,0,0,0,0,0
2026-08-07T23:14:01.188311Z,MANIFESTO_HISTORICO,Guilty Crown - 08_Track4_PT-BR.ass,TRADUZIDO,,,,,,,,false,,1349,23,312,0,21,0,0,0,0,0,0,0,0
2026-08-07T23:14:01.188311Z,MANIFESTO_HISTORICO,Guilty Crown - 09_Track4_PT-BR.ass,TRADUZIDO,,,,,,,,false,,1349,23,284,0,21,0,0,0,0,0,0,0,0
2026-08-07T23:14:01.188311Z,MANIFESTO_HISTORICO,Guilty Crown - 10_Track4_PT-BR.ass,TRADUZIDO,,,,,,,,false,,1349,23,306,4,21,0,0,0,0,0,0,0,0
2026-08-07T23:14:01.188311Z,MANIFESTO_HISTORICO,Guilty Crown - 11_Track4_PT-BR.ass,TRADUZIDO,,,,,,,,false,,1349,23,320,0,21,0,0,0,0,0,0,0,0
2026-08-07T23:14:01.188311Z,MANIFESTO_HISTORICO,Guilty Crown - 12_Track4_PT-BR.ass,TRADUZIDO,,,,,,,,false,,1349,23,280,0,18,0,0,0,0,0,0,0,0
2026-08-07T23:14:01.188311Z,MANIFESTO_HISTORICO,Guilty Crown - 13_Track4_PT-BR.ass,TRADUZIDO,,,,,,,,false,,1349,23,390,4,29,0,0,0,0,0,0,0,0
2026-08-07T23:14:01.188311Z,MANIFESTO_HISTORICO,Guilty Crown - 14_Track4_PT-BR.ass,TRADUZIDO,,,,,,,,false,,1349,23,424,0,29,0,0,0,0,0,0,0,0
2026-08-07T23:14:01.188311Z,MANIFESTO_HISTORICO,Guilty Crown - 15_Track4_PT-BR.ass,TRADUZIDO,,,,,,,,false,,1349,23,352,0,29,0,0,0,0,0,0,0,0
2026-08-07T23:14:01.188311Z,MANIFESTO_HISTORICO,Guilty Crown - 16_Track4_PT-BR.ass,TRADUZIDO,,,,,,,,false,,1349,23,393,0,29,0,0,0,0,0,0,0,0
2026-08-07T23:14:01.188311Z,MANIFESTO_HISTORICO,Guilty Crown - 17_Track4_PT-BR.ass,TRADUZIDO,,,,,,,,false,,1349,23,327,0,29,0,0,0,0,0,0,0,0
2026-08-07T23:14:01.188311Z,MANIFESTO_HISTORICO,Guilty Crown - 18_Track4_PT-BR.ass,TRADUZIDO,,,,,,,,false,,1349,23,303,0,29,0,0,0,0,0,0,0,0
2026-08-07T23:14:01.188311Z,MANIFESTO_HISTORICO,Guilty Crown - 19_Track4_PT-BR.ass,TRADUZIDO,,,,,,,,false,,1349,23,347,0,29,0,0,0,0,0,0,0,0
2026-08-07T23:14:01.188311Z,MANIFESTO_HISTORICO,Guilty Crown - 20_Track4_PT-BR.ass,TRADUZIDO,,,,,,,,false,,1349,23,395,8,29,0,0,0,0,0,0,0,0
2026-08-07T23:14:01.188311Z,MANIFESTO_HISTORICO,Guilty Crown - 21_Track4_PT-BR.ass,TRADUZIDO,,,,,,,,false,,1349,23,321,0,29,0,0,0,0,0,0,0,0
2026-08-07T23:14:01.188311Z,MANIFESTO_HISTORICO,Guilty Crown - 22_Track4_PT-BR.ass,TRADUZIDO,,,,,,,,false,,1349,23,274,0,12,0,0,0,0,0,0,0,0
2026-08-07T23:14:01.188311Z,MANIFESTO_HISTORICO,Guilty Crown OVA - 01_Track2_PT-BR.ass,TRADUZIDO,,,,,,,,false,,1349,23,98,0,0,0,0,0,0,0,0,0,0
2026-08-07T23:16:50.509600200Z,MANIFESTO_HISTORICO,Guilty Crown - 01_Track4_PT-BR.ass,TRADUZIDO,,,,,,,,false,,751,23,281,19,11,0,0,0,0,0,0,0,0
2026-08-07T23:16:50.509600200Z,MANIFESTO_HISTORICO,Guilty Crown - 02_Track4_PT-BR.ass,TRADUZIDO,,,,,,,,false,,751,23,303,0,21,0,0,0,0,0,0,0,0
2026-08-07T23:16:50.509600200Z,MANIFESTO_HISTORICO,Guilty Crown - 03_Track4_PT-BR.ass,TRADUZIDO,,,,,,,,false,,751,23,380,5,21,0,0,0,0,0,0,0,0
2026-08-07T23:16:50.509600200Z,MANIFESTO_HISTORICO,Guilty Crown - 04_Track4_PT-BR.ass,TRADUZIDO,,,,,,,,false,,751,23,328,0,21,0,0,0,0,0,0,0,0
2026-08-07T23:16:50.509600200Z,MANIFESTO_HISTORICO,Guilty Crown - 05_Track4_PT-BR.ass,TRADUZIDO,,,,,,,,false,,751,23,305,2,21,0,0,0,0,0,0,0,0
2026-08-07T23:16:50.509600200Z,MANIFESTO_HISTORICO,Guilty Crown - 06_Track4_PT-BR.ass,TRADUZIDO,,,,,,,,false,,751,23,280,0,14,0,0,0,0,0,0,0,0
2026-08-07T23:16:50.509600200Z,MANIFESTO_HISTORICO,Guilty Crown - 07_Track4_PT-BR.ass,TRADUZIDO,,,,,,,,false,,751,23,340,0,21,0,0,0,0,0,0,0,0
2026-08-07T23:16:50.509600200Z,MANIFESTO_HISTORICO,Guilty Crown - 08_Track4_PT-BR.ass,TRADUZIDO,,,,,,,,false,,751,23,312,0,21,0,0,0,0,0,0,0,0
2026-08-07T23:16:50.509600200Z,MANIFESTO_HISTORICO,Guilty Crown - 09_Track4_PT-BR.ass,TRADUZIDO,,,,,,,,false,,751,23,284,0,21,0,0,0,0,0,0,0,0
2026-08-07T23:16:50.509600200Z,MANIFESTO_HISTORICO,Guilty Crown - 10_Track4_PT-BR.ass,TRADUZIDO,,,,,,,,false,,751,23,306,4,21,0,0,0,0,0,0,0,0
2026-08-07T23:16:50.509600200Z,MANIFESTO_HISTORICO,Guilty Crown - 11_Track4_PT-BR.ass,TRADUZIDO,,,,,,,,false,,751,23,320,0,21,0,0,0,0,0,0,0,0
2026-08-07T23:16:50.509600200Z,MANIFESTO_HISTORICO,Guilty Crown - 12_Track4_PT-BR.ass,TRADUZIDO,,,,,,,,false,,751,23,280,0,18,0,0,0,0,0,0,0,0
2026-08-07T23:16:50.509600200Z,MANIFESTO_HISTORICO,Guilty Crown - 13_Track4_PT-BR.ass,TRADUZIDO,,,,,,,,false,,751,23,390,4,29,0,0,0,0,0,0,0,0
2026-08-07T23:16:50.509600200Z,MANIFESTO_HISTORICO,Guilty Crown - 14_Track4_PT-BR.ass,TRADUZIDO,,,,,,,,false,,751,23,424,0,29,0,0,0,0,0,0,0,0
2026-08-07T23:16:50.509600200Z,MANIFESTO_HISTORICO,Guilty Crown - 15_Track4_PT-BR.ass,TRADUZIDO,,,,,,,,false,,751,23,352,0,29,0,0,0,0,0,0,0,0
2026-08-07T23:16:50.509600200Z,MANIFESTO_HISTORICO,Guilty Crown - 16_Track4_PT-BR.ass,TRADUZIDO,,,,,,,,false,,751,23,393,0,29,0,0,0,0,0,0,0,0
2026-08-07T23:16:50.509600200Z,MANIFESTO_HISTORICO,Guilty Crown - 17_Track4_PT-BR.ass,TRADUZIDO,,,,,,,,false,,751,23,327,0,29,0,0,0,0,0,0,0,0
2026-08-07T23:16:50.509600200Z,MANIFESTO_HISTORICO,Guilty Crown - 18_Track4_PT-BR.ass,TRADUZIDO,,,,,,,,false,,751,23,303,0,29,0,0,0,0,0,0,0,0
2026-08-07T23:16:50.509600200Z,MANIFESTO_HISTORICO,Guilty Crown - 19_Track4_PT-BR.ass,TRADUZIDO,,,,,,,,false,,751,23,347,0,29,0,0,0,0,0,0,0,0
2026-08-07T23:16:50.509600200Z,MANIFESTO_HISTORICO,Guilty Crown - 20_Track4_PT-BR.ass,TRADUZIDO,,,,,,,,false,,751,23,395,8,29,0,0,0,0,0,0,0,0
2026-08-07T23:16:50.509600200Z,MANIFESTO_HISTORICO,Guilty Crown - 21_Track4_PT-BR.ass,TRADUZIDO,,,,,,,,false,,751,23,321,0,29,0,0,0,0,0,0,0,0
2026-08-07T23:16:50.509600200Z,MANIFESTO_HISTORICO,Guilty Crown - 22_Track4_PT-BR.ass,TRADUZIDO,,,,,,,,false,,751,23,274,0,12,0,0,0,0,0,0,0,0
2026-08-07T23:16:50.509600200Z,MANIFESTO_HISTORICO,Guilty Crown OVA - 01_Track2_PT-BR.ass,TRADUZIDO,,,,,,,,false,,751,23,98,0,0,0,0,0,0,0,0,0,0
2026-08-07T23:40:50.809076400Z,MANIFESTO_HISTORICO,Guilty Crown - 01_Track4_PT-BR.ass,TRADUZIDO,,,,,,,,false,,91544,3,281,42,11,0,12,7,0,5,0,0,5
2026-08-07T23:40:50.809076400Z,MANIFESTO_HISTORICO,Guilty Crown - 02_Track4_PT-BR.ass,TRADUZIDO,,,,,,,,false,,91544,3,303,3,21,0,26,8,1,17,0,0,17
2026-08-07T23:40:50.809076400Z,MANIFESTO_HISTORICO,Guilty Crown - 03_Track4_PT-BR.ass,TRADUZIDO,,,,,,,,false,,91544,3,380,8,21,0,23,5,2,16,0,0,9
2026-08-08T00:13:08.218226600Z,MANIFESTO_HISTORICO,Guilty Crown - 01_Track4_PT-BR.ass,TRADUZIDO,,,,,,,,false,,658848,23,281,42,11,0,12,7,0,5,0,0,5
2026-08-08T00:13:08.218226600Z,MANIFESTO_HISTORICO,Guilty Crown - 02_Track4_PT-BR.ass,TRADUZIDO,,,,,,,,false,,658848,23,303,3,21,0,26,8,5,13,0,0,13
2026-08-08T00:13:08.218226600Z,MANIFESTO_HISTORICO,Guilty Crown - 03_Track4_PT-BR.ass,TRADUZIDO,,,,,,,,false,,658848,23,380,8,21,0,23,7,6,10,0,0,10
2026-08-08T00:13:08.218226600Z,MANIFESTO_HISTORICO,Guilty Crown - 04_Track4_PT-BR.ass,TRADUZIDO,,,,,,,,false,,658848,23,328,3,21,0,23,0,11,12,0,0,12
2026-08-08T00:13:08.218226600Z,MANIFESTO_HISTORICO,Guilty Crown - 05_Track4_PT-BR.ass,TRADUZIDO,,,,,,,,false,,658848,23,305,5,21,0,27,5,7,15,0,0,15
2026-08-08T00:13:08.218226600Z,MANIFESTO_HISTORICO,Guilty Crown - 06_Track4_PT-BR.ass,TRADUZIDO,,,,,,,,false,,658848,23,280,5,14,0,16,0,9,7,0,0,7
2026-08-08T00:13:08.218226600Z,MANIFESTO_HISTORICO,Guilty Crown - 07_Track4_PT-BR.ass,TRADUZIDO,,,,,,,,false,,658848,23,340,3,21,0,23,0,10,13,0,0,13
2026-08-08T00:13:08.218226600Z,MANIFESTO_HISTORICO,Guilty Crown - 08_Track4_PT-BR.ass,TRADUZIDO,,,,,,,,false,,658848,23,312,3,21,0,26,0,9,17,0,0,17
2026-08-08T00:13:08.218226600Z,MANIFESTO_HISTORICO,Guilty Crown - 09_Track4_PT-BR.ass,TRADUZIDO,,,,,,,,false,,658848,23,284,5,21,0,23,0,9,14,0,0,14
2026-08-08T00:13:08.218226600Z,MANIFESTO_HISTORICO,Guilty Crown - 10_Track4_PT-BR.ass,TRADUZIDO,,,,,,,,false,,658848,23,306,8,21,0,27,0,9,18,0,0,18
2026-08-08T00:13:08.218226600Z,MANIFESTO_HISTORICO,Guilty Crown - 11_Track4_PT-BR.ass,TRADUZIDO,,,,,,,,false,,658848,23,320,3,21,0,40,0,12,28,0,0,28
2026-08-08T00:13:08.218226600Z,MANIFESTO_HISTORICO,Guilty Crown - 12_Track4_PT-BR.ass,TRADUZIDO,,,,,,,,false,,658848,23,280,3,18,0,20,0,9,11,0,0,11
2026-08-08T00:13:08.218226600Z,MANIFESTO_HISTORICO,Guilty Crown - 13_Track4_PT-BR.ass,TRADUZIDO,,,,,,,,false,,658848,23,392,15,29,0,37,0,26,11,0,0,11
2026-08-08T00:13:08.218226600Z,MANIFESTO_HISTORICO,Guilty Crown - 14_Track4_PT-BR.ass,TRADUZIDO,,,,,,,,false,,658848,23,426,9,29,0,34,0,25,9,0,0,9
2026-08-08T00:13:08.218226600Z,MANIFESTO_HISTORICO,Guilty Crown - 15_Track4_PT-BR.ass,TRADUZIDO,,,,,,,,false,,658848,23,354,0,29,0,34,0,23,11,0,0,11
2026-08-08T00:13:08.218226600Z,MANIFESTO_HISTORICO,Guilty Crown - 16_Track4_PT-BR.ass,TRADUZIDO,,,,,,,,false,,658848,23,395,2,29,0,34,0,24,10,0,0,10
2026-08-08T00:13:08.218226600Z,MANIFESTO_HISTORICO,Guilty Crown - 17_Track4_PT-BR.ass,TRADUZIDO,,,,,,,,false,,658848,23,329,1,29,0,34,0,28,6,0,0,6
2026-08-08T00:13:08.218226600Z,MANIFESTO_HISTORICO,Guilty Crown - 18_Track4_PT-BR.ass,TRADUZIDO,,,,,,,,false,,658848,23,305,0,29,0,38,0,26,12,0,0,12
2026-08-08T00:13:08.218226600Z,MANIFESTO_HISTORICO,Guilty Crown - 19_Track4_PT-BR.ass,TRADUZIDO,,,,,,,,false,,658848,23,349,0,29,0,34,0,25,9,0,0,9
2026-08-08T00:13:08.218226600Z,MANIFESTO_HISTORICO,Guilty Crown - 20_Track4_PT-BR.ass,TRADUZIDO,,,,,,,,false,,658848,23,397,8,29,0,34,0,25,9,0,0,9
2026-08-08T00:13:08.218226600Z,MANIFESTO_HISTORICO,Guilty Crown - 21_Track4_PT-BR.ass,TRADUZIDO,,,,,,,,false,,658848,23,323,0,29,0,40,0,29,11,0,0,11
2026-08-08T00:13:08.218226600Z,MANIFESTO_HISTORICO,Guilty Crown - 22_Track4_PT-BR.ass,TRADUZIDO,,,,,,,,false,,658848,23,276,0,12,0,28,0,10,18,0,0,18
2026-08-08T00:13:08.218226600Z,MANIFESTO_HISTORICO,Guilty Crown OVA - 01_Track2_PT-BR.ass,TRADUZIDO,,,,,,,,false,,658848,23,98,0,0,0,0,0,0,0,0,0,0
2026-08-08T18:34:55.869256500Z,MANIFESTO_HISTORICO,Mobile.Suit.Gundam.The.08th.MS.Team.S00E02_Track2_PT-BR.ass,TRADUZIDO,,,,,,,,false,,1617077,26,114,0,20,0,20,0,4,16,0,0,16
2026-08-08T18:34:55.869256500Z,MANIFESTO_HISTORICO,Mobile.Suit.Gundam.The.08th.MS.Team.S00E02_Track2_PT-BR_PT-BR.ass,TRADUZIDO,,,,,,,,false,,1617077,26,114,0,20,0,20,0,6,14,0,0,14
2026-08-08T18:34:55.869256500Z,MANIFESTO_HISTORICO,Mobile.Suit.Gundam.The.08th.MS.Team.S01E01_Track3_PT-BR.ass,TRADUZIDO,,,,,,,,false,,1617077,26,430,2,70,0,70,0,13,57,0,0,57
2026-08-08T18:34:55.869256500Z,MANIFESTO_HISTORICO,Mobile.Suit.Gundam.The.08th.MS.Team.S01E01_Track3_PT-BR_PT-BR.ass,TRADUZIDO,,,,,,,,false,,1617077,26,430,2,70,0,70,0,14,56,0,0,56
2026-08-08T18:34:55.869256500Z,MANIFESTO_HISTORICO,Mobile.Suit.Gundam.The.08th.MS.Team.S01E02_Track3_PT-BR.ass,TRADUZIDO,,,,,,,,false,,1617077,26,411,3,70,0,70,0,14,56,0,0,56
2026-08-08T18:34:55.869256500Z,MANIFESTO_HISTORICO,Mobile.Suit.Gundam.The.08th.MS.Team.S01E02_Track3_PT-BR_PT-BR.ass,TRADUZIDO,,,,,,,,false,,1617077,26,411,3,70,0,70,0,13,57,0,0,57
2026-08-08T18:34:55.869256500Z,MANIFESTO_HISTORICO,Mobile.Suit.Gundam.The.08th.MS.Team.S01E03_Track3_PT-BR.ass,TRADUZIDO,,,,,,,,false,,1617077,26,486,3,70,0,70,0,14,56,0,0,56
2026-08-08T18:34:55.869256500Z,MANIFESTO_HISTORICO,Mobile.Suit.Gundam.The.08th.MS.Team.S01E03_Track3_PT-BR_PT-BR.ass,TRADUZIDO,,,,,,,,false,,1617077,26,486,3,70,0,70,0,15,55,0,0,55
2026-08-08T18:34:55.869256500Z,MANIFESTO_HISTORICO,Mobile.Suit.Gundam.The.08th.MS.Team.S01E04_Track3_PT-BR.ass,TRADUZIDO,,,,,,,,false,,1617077,26,485,3,70,0,70,0,16,54,0,0,54
2026-08-08T18:34:55.869256500Z,MANIFESTO_HISTORICO,Mobile.Suit.Gundam.The.08th.MS.Team.S01E04_Track3_PT-BR_PT-BR.ass,TRADUZIDO,,,,,,,,false,,1617077,26,485,3,70,0,70,0,18,52,0,0,52
2026-08-08T18:34:55.869256500Z,MANIFESTO_HISTORICO,Mobile.Suit.Gundam.The.08th.MS.Team.S01E05_Track3_PT-BR.ass,TRADUZIDO,,,,,,,,false,,1617077,26,589,3,104,0,102,0,17,85,0,0,85
2026-08-08T18:34:55.869256500Z,MANIFESTO_HISTORICO,Mobile.Suit.Gundam.The.08th.MS.Team.S01E05_Track3_PT-BR_PT-BR.ass,TRADUZIDO,,,,,,,,false,,1617077,26,589,3,104,0,102,0,14,88,0,0,88
2026-08-08T18:34:55.869256500Z,MANIFESTO_HISTORICO,Mobile.Suit.Gundam.The.08th.MS.Team.S01E06_Track3_PT-BR.ass,TRADUZIDO,,,,,,,,false,,1617077,26,486,3,90,0,88,0,19,69,0,0,69
2026-08-08T18:34:55.869256500Z,MANIFESTO_HISTORICO,Mobile.Suit.Gundam.The.08th.MS.Team.S01E06_Track3_PT-BR_PT-BR.ass,TRADUZIDO,,,,,,,,false,,1617077,26,486,3,90,0,88,0,19,69,0,0,69
2026-08-08T18:34:55.869256500Z,MANIFESTO_HISTORICO,Mobile.Suit.Gundam.The.08th.MS.Team.S01E07_Track3_PT-BR.ass,TRADUZIDO,,,,,,,,false,,1617077,26,353,3,70,0,70,0,13,57,0,0,57
2026-08-08T18:34:55.869256500Z,MANIFESTO_HISTORICO,Mobile.Suit.Gundam.The.08th.MS.Team.S01E07_Track3_PT-BR_PT-BR.ass,TRADUZIDO,,,,,,,,false,,1617077,26,353,3,70,0,70,0,17,53,0,0,53
2026-08-08T18:34:55.869256500Z,MANIFESTO_HISTORICO,Mobile.Suit.Gundam.The.08th.MS.Team.S01E08_Track3_PT-BR.ass,TRADUZIDO,,,,,,,,false,,1617077,26,446,3,70,0,70,0,17,53,0,0,53
2026-08-08T18:34:55.869256500Z,MANIFESTO_HISTORICO,Mobile.Suit.Gundam.The.08th.MS.Team.S01E08_Track3_PT-BR_PT-BR.ass,TRADUZIDO,,,,,,,,false,,1617077,26,446,3,70,0,70,0,16,54,0,0,54
2026-08-08T18:34:55.869256500Z,MANIFESTO_HISTORICO,Mobile.Suit.Gundam.The.08th.MS.Team.S01E09_Track3_PT-BR.ass,TRADUZIDO,,,,,,,,false,,1617077,26,468,3,70,0,70,0,14,56,0,0,56
2026-08-08T18:34:55.869256500Z,MANIFESTO_HISTORICO,Mobile.Suit.Gundam.The.08th.MS.Team.S01E09_Track3_PT-BR_PT-BR.ass,TRADUZIDO,,,,,,,,false,,1617077,26,468,3,70,0,70,0,16,54,0,0,54
2026-08-08T18:34:55.869256500Z,MANIFESTO_HISTORICO,Mobile.Suit.Gundam.The.08th.MS.Team.S01E10_Track3_PT-BR.ass,TRADUZIDO,,,,,,,,false,,1617077,26,406,5,70,0,70,0,17,53,0,0,53
2026-08-08T18:34:55.869256500Z,MANIFESTO_HISTORICO,Mobile.Suit.Gundam.The.08th.MS.Team.S01E10_Track3_PT-BR_PT-BR.ass,TRADUZIDO,,,,,,,,false,,1617077,26,406,5,70,0,70,0,14,56,0,0,56
2026-08-08T18:34:55.869256500Z,MANIFESTO_HISTORICO,Mobile.Suit.Gundam.The.08th.MS.Team.S01E11_Track3_PT-BR.ass,TRADUZIDO,,,,,,,,false,,1617077,26,371,3,90,0,32,0,12,20,0,0,20
2026-08-08T18:34:55.869256500Z,MANIFESTO_HISTORICO,Mobile.Suit.Gundam.The.08th.MS.Team.S01E11_Track3_PT-BR_PT-BR.ass,TRADUZIDO,,,,,,,,false,,1617077,26,371,3,90,0,32,0,5,27,0,0,27
2026-08-08T18:34:55.869256500Z,MANIFESTO_HISTORICO,Mobile.Suit.Gundam.The.08th.MS.Team.S01E12_Track3_PT-BR.ass,TRADUZIDO,,,,,,,,false,,1617077,26,574,245,18,0,16,0,3,13,0,0,13
2026-08-08T18:34:55.869256500Z,MANIFESTO_HISTORICO,Mobile.Suit.Gundam.The.08th.MS.Team.S01E12_Track3_PT-BR_PT-BR.ass,TRADUZIDO,,,,,,,,false,,1617077,26,574,245,18,0,16,0,4,12,0,0,12
2026-08-08T21:07:07.571478800Z,MANIFESTO_HISTORICO,Mobile.Suit.Gundam.The.08th.MS.Team.S01E02_Track3_PT-BR_PT-BR.ass,TRADUZIDO,,,,,,,,false,,1634119,26,411,3,70,0,70,10,13,47,0,0,47
2026-08-08T21:07:07.571478800Z,MANIFESTO_HISTORICO,UC 0079 - Mobile Suit Gundam - The 08th MS Team - S01E01 - Track3 PT-BR.ass,TRADUZIDO,,,,,,,,false,,1634119,26,430,2,70,0,70,0,14,56,0,0,56
2026-08-08T21:07:07.571478800Z,MANIFESTO_HISTORICO,UC 0079 - Mobile Suit Gundam - The 08th MS Team - S01E01.ass,TRADUZIDO,,,,,,,,false,,1634119,26,430,2,70,0,70,0,14,56,0,0,56
2026-08-08T21:07:07.571478800Z,MANIFESTO_HISTORICO,UC 0079 - Mobile Suit Gundam - The 08th MS Team - S01E02 - Track2 PT-BR.ass,TRADUZIDO,,,,,,,,false,,1634119,26,114,0,20,0,20,0,5,15,0,0,15
2026-08-08T21:07:07.571478800Z,MANIFESTO_HISTORICO,UC 0079 - Mobile Suit Gundam - The 08th MS Team - S01E02 - Track3 PT-BR.ass,TRADUZIDO,,,,,,,,false,,1634119,26,411,3,70,0,70,0,12,58,0,0,58
2026-08-08T21:07:07.571478800Z,MANIFESTO_HISTORICO,UC 0079 - Mobile Suit Gundam - The 08th MS Team - S01E02.ass,TRADUZIDO,,,,,,,,false,,1634119,26,114,0,20,0,20,0,5,15,0,0,15
2026-08-08T21:07:07.571478800Z,MANIFESTO_HISTORICO,UC 0079 - Mobile Suit Gundam - The 08th MS Team - S01E03 - Track3 PT-BR.ass,TRADUZIDO,,,,,,,,false,,1634119,26,486,3,70,0,70,0,17,53,0,0,53
2026-08-08T21:07:07.571478800Z,MANIFESTO_HISTORICO,UC 0079 - Mobile Suit Gundam - The 08th MS Team - S01E03.ass,TRADUZIDO,,,,,,,,false,,1634119,26,486,3,70,0,70,0,20,50,0,0,50
2026-08-08T21:07:07.571478800Z,MANIFESTO_HISTORICO,UC 0079 - Mobile Suit Gundam - The 08th MS Team - S01E04 - Track3 PT-BR.ass,TRADUZIDO,,,,,,,,false,,1634119,26,485,3,70,0,70,0,18,52,0,0,52
2026-08-08T21:07:07.571478800Z,MANIFESTO_HISTORICO,UC 0079 - Mobile Suit Gundam - The 08th MS Team - S01E04.ass,TRADUZIDO,,,,,,,,false,,1634119,26,485,3,70,0,70,0,15,55,0,0,55
2026-08-08T21:07:07.571478800Z,MANIFESTO_HISTORICO,UC 0079 - Mobile Suit Gundam - The 08th MS Team - S01E05 - Track3 PT-BR.ass,TRADUZIDO,,,,,,,,false,,1634119,26,589,3,104,0,102,0,17,85,0,0,85
2026-08-08T21:07:07.571478800Z,MANIFESTO_HISTORICO,UC 0079 - Mobile Suit Gundam - The 08th MS Team - S01E05.ass,TRADUZIDO,,,,,,,,false,,1634119,26,589,3,104,0,102,0,18,84,0,0,84
2026-08-08T21:07:07.571478800Z,MANIFESTO_HISTORICO,UC 0079 - Mobile Suit Gundam - The 08th MS Team - S01E06 - Track3 PT-BR.ass,TRADUZIDO,,,,,,,,false,,1634119,26,486,3,90,0,88,0,20,68,0,0,68
2026-08-08T21:07:07.571478800Z,MANIFESTO_HISTORICO,UC 0079 - Mobile Suit Gundam - The 08th MS Team - S01E06.ass,TRADUZIDO,,,,,,,,false,,1634119,26,486,3,90,0,88,0,18,70,0,0,70
2026-08-08T21:07:07.571478800Z,MANIFESTO_HISTORICO,UC 0079 - Mobile Suit Gundam - The 08th MS Team - S01E07 - Track3 PT-BR.ass,TRADUZIDO,,,,,,,,false,,1634119,26,353,3,70,0,70,0,20,50,0,0,50
2026-08-08T21:07:07.571478800Z,MANIFESTO_HISTORICO,UC 0079 - Mobile Suit Gundam - The 08th MS Team - S01E07.ass,TRADUZIDO,,,,,,,,false,,1634119,26,353,3,70,0,70,0,13,57,0,0,57
2026-08-08T21:07:07.571478800Z,MANIFESTO_HISTORICO,UC 0079 - Mobile Suit Gundam - The 08th MS Team - S01E08 - Track3 PT-BR.ass,TRADUZIDO,,,,,,,,false,,1634119,26,446,3,70,0,70,0,18,52,0,0,52
2026-08-08T21:07:07.571478800Z,MANIFESTO_HISTORICO,UC 0079 - Mobile Suit Gundam - The 08th MS Team - S01E08.ass,TRADUZIDO,,,,,,,,false,,1634119,26,446,3,70,0,70,0,15,55,0,0,55
2026-08-08T21:07:07.571478800Z,MANIFESTO_HISTORICO,UC 0079 - Mobile Suit Gundam - The 08th MS Team - S01E09 - Track3 PT-BR.ass,TRADUZIDO,,,,,,,,false,,1634119,26,468,3,70,0,70,0,17,53,0,0,53
2026-08-08T21:07:07.571478800Z,MANIFESTO_HISTORICO,UC 0079 - Mobile Suit Gundam - The 08th MS Team - S01E09.ass,TRADUZIDO,,,,,,,,false,,1634119,26,468,3,70,0,70,0,22,48,0,0,48
2026-08-08T21:07:07.571478800Z,MANIFESTO_HISTORICO,UC 0079 - Mobile Suit Gundam - The 08th MS Team - S01E10 - Track3 PT-BR.ass,TRADUZIDO,,,,,,,,false,,1634119,26,406,5,70,0,70,0,16,54,0,0,54
2026-08-08T21:07:07.571478800Z,MANIFESTO_HISTORICO,UC 0079 - Mobile Suit Gundam - The 08th MS Team - S01E10.ass,TRADUZIDO,,,,,,,,false,,1634119,26,406,5,70,0,70,0,14,56,0,0,56
2026-08-08T21:07:07.571478800Z,MANIFESTO_HISTORICO,UC 0079 - Mobile Suit Gundam - The 08th MS Team - S01E11 - Track3 PT-BR.ass,TRADUZIDO,,,,,,,,false,,1634119,26,371,3,90,0,32,0,11,21,0,0,21
2026-08-08T21:07:07.571478800Z,MANIFESTO_HISTORICO,UC 0079 - Mobile Suit Gundam - The 08th MS Team - S01E11.ass,TRADUZIDO,,,,,,,,false,,1634119,26,371,3,90,0,32,0,5,27,0,0,27
2026-08-08T21:07:07.571478800Z,MANIFESTO_HISTORICO,UC 0079 - Mobile Suit Gundam - The 08th MS Team - S01E12 - Track3 PT-BR.ass,TRADUZIDO,,,,,,,,false,,1634119,26,574,245,18,0,16,0,5,11,0,0,11
2026-08-08T21:07:07.571478800Z,MANIFESTO_HISTORICO,UC 0079 - Mobile Suit Gundam - The 08th MS Team - S01E12.ass,TRADUZIDO,,,,,,,,false,,1634119,26,574,245,18,0,16,0,6,10,0,0,10
2026-08-09T22:33:48.452382800Z,MANIFESTO_HISTORICO,Mobile.Suit.Gundam.The.08th.MS.Team.S00E02_Track2_PT-BR.ass,TRADUZIDO,,,,Mobile Suit Gundam: The 08th MS Team,gundam_08ms,f32106d0c6642417a20523e857f1b484f3a3eaa511c43fa550a63e523cd4dd72,mistralai/mistral-nemo-instruct-2407,false,,398412,13,114,0,20,0,20,0,20,0,0,0,0
2026-08-09T22:33:48.452382800Z,MANIFESTO_HISTORICO,Mobile.Suit.Gundam.The.08th.MS.Team.S01E01_Track3_PT-BR.ass,TRADUZIDO,,,,Mobile Suit Gundam: The 08th MS Team,gundam_08ms,f32106d0c6642417a20523e857f1b484f3a3eaa511c43fa550a63e523cd4dd72,mistralai/mistral-nemo-instruct-2407,false,,398412,13,430,2,70,0,70,0,70,0,0,0,0
2026-08-09T22:33:48.452382800Z,MANIFESTO_HISTORICO,Mobile.Suit.Gundam.The.08th.MS.Team.S01E02_Track3_PT-BR.ass,TRADUZIDO,,,,Mobile Suit Gundam: The 08th MS Team,gundam_08ms,f32106d0c6642417a20523e857f1b484f3a3eaa511c43fa550a63e523cd4dd72,mistralai/mistral-nemo-instruct-2407,false,,398412,13,411,3,70,0,70,0,70,0,0,0,0
2026-08-09T22:33:48.452382800Z,MANIFESTO_HISTORICO,Mobile.Suit.Gundam.The.08th.MS.Team.S01E03_Track3_PT-BR.ass,TRADUZIDO,,,,Mobile Suit Gundam: The 08th MS Team,gundam_08ms,f32106d0c6642417a20523e857f1b484f3a3eaa511c43fa550a63e523cd4dd72,mistralai/mistral-nemo-instruct-2407,false,,398412,13,486,3,70,0,70,0,70,0,0,0,0
2026-08-09T22:33:48.452382800Z,MANIFESTO_HISTORICO,Mobile.Suit.Gundam.The.08th.MS.Team.S01E04_Track3_PT-BR.ass,TRADUZIDO,,,,Mobile Suit Gundam: The 08th MS Team,gundam_08ms,f32106d0c6642417a20523e857f1b484f3a3eaa511c43fa550a63e523cd4dd72,mistralai/mistral-nemo-instruct-2407,false,,398412,13,485,3,70,0,70,0,70,0,0,0,0
2026-08-09T22:33:48.452382800Z,MANIFESTO_HISTORICO,Mobile.Suit.Gundam.The.08th.MS.Team.S01E05_Track3_PT-BR.ass,TRADUZIDO,,,,Mobile Suit Gundam: The 08th MS Team,gundam_08ms,f32106d0c6642417a20523e857f1b484f3a3eaa511c43fa550a63e523cd4dd72,mistralai/mistral-nemo-instruct-2407,false,,398412,13,589,3,104,0,102,0,102,0,0,0,0
2026-08-09T22:33:48.452382800Z,MANIFESTO_HISTORICO,Mobile.Suit.Gundam.The.08th.MS.Team.S01E06_Track3_PT-BR.ass,TRADUZIDO,,,,Mobile Suit Gundam: The 08th MS Team,gundam_08ms,f32106d0c6642417a20523e857f1b484f3a3eaa511c43fa550a63e523cd4dd72,mistralai/mistral-nemo-instruct-2407,false,,398412,13,486,3,90,0,88,0,88,0,0,0,0
2026-08-09T22:33:48.452382800Z,MANIFESTO_HISTORICO,Mobile.Suit.Gundam.The.08th.MS.Team.S01E07_Track3_PT-BR.ass,TRADUZIDO,,,,Mobile Suit Gundam: The 08th MS Team,gundam_08ms,f32106d0c6642417a20523e857f1b484f3a3eaa511c43fa550a63e523cd4dd72,mistralai/mistral-nemo-instruct-2407,false,,398412,13,353,3,70,0,70,0,70,0,0,0,0
2026-08-09T22:33:48.452382800Z,MANIFESTO_HISTORICO,Mobile.Suit.Gundam.The.08th.MS.Team.S01E08_Track3_PT-BR.ass,TRADUZIDO,,,,Mobile Suit Gundam: The 08th MS Team,gundam_08ms,f32106d0c6642417a20523e857f1b484f3a3eaa511c43fa550a63e523cd4dd72,mistralai/mistral-nemo-instruct-2407,false,,398412,13,446,3,70,0,70,0,70,0,0,0,0
2026-08-09T22:33:48.452382800Z,MANIFESTO_HISTORICO,Mobile.Suit.Gundam.The.08th.MS.Team.S01E09_Track3_PT-BR.ass,TRADUZIDO,,,,Mobile Suit Gundam: The 08th MS Team,gundam_08ms,f32106d0c6642417a20523e857f1b484f3a3eaa511c43fa550a63e523cd4dd72,mistralai/mistral-nemo-instruct-2407,false,,398412,13,468,3,70,0,70,0,70,0,0,0,0
2026-08-09T22:33:48.452382800Z,MANIFESTO_HISTORICO,Mobile.Suit.Gundam.The.08th.MS.Team.S01E10_Track3_PT-BR.ass,TRADUZIDO,,,,Mobile Suit Gundam: The 08th MS Team,gundam_08ms,f32106d0c6642417a20523e857f1b484f3a3eaa511c43fa550a63e523cd4dd72,mistralai/mistral-nemo-instruct-2407,false,,398412,13,406,5,70,0,70,0,70,0,0,0,0
2026-08-09T22:33:48.452382800Z,MANIFESTO_HISTORICO,Mobile.Suit.Gundam.The.08th.MS.Team.S01E11_Track3_PT-BR.ass,TRADUZIDO,,,,Mobile Suit Gundam: The 08th MS Team,gundam_08ms,f32106d0c6642417a20523e857f1b484f3a3eaa511c43fa550a63e523cd4dd72,mistralai/mistral-nemo-instruct-2407,false,,398412,13,371,3,90,0,32,0,32,0,0,0,0
2026-08-09T22:33:48.452382800Z,MANIFESTO_HISTORICO,Mobile.Suit.Gundam.The.08th.MS.Team.S01E12_Track3_PT-BR.ass,TRADUZIDO,,,,Mobile Suit Gundam: The 08th MS Team,gundam_08ms,f32106d0c6642417a20523e857f1b484f3a3eaa511c43fa550a63e523cd4dd72,mistralai/mistral-nemo-instruct-2407,false,,398412,13,574,245,18,0,16,0,16,0,0,0,0
2026-08-10T13:04:58.157029200Z,MANIFESTO_HISTORICO,Mobile Suit Zeta Gundam - S01E01_Track2_PT-BR.ass,TRADUZIDO,,,,Mobile Suit Zeta Gundam,gundam_zeta,cc81b4ba215df0095772e9f086d9d2286acef347100cc47a13712fb762842cad,mistralai/mistral-nemo-instruct-2407,false,,23397,50,592,299,50,0,0,0,0,0,0,0,0
2026-08-10T13:04:58.157029200Z,MANIFESTO_HISTORICO,Mobile Suit Zeta Gundam - S01E02_Track2_PT-BR.ass,TRADUZIDO,,,,Mobile Suit Zeta Gundam,gundam_zeta,cc81b4ba215df0095772e9f086d9d2286acef347100cc47a13712fb762842cad,mistralai/mistral-nemo-instruct-2407,false,,23397,50,685,2,50,0,0,0,0,0,0,0,0
2026-08-10T13:04:58.157029200Z,MANIFESTO_HISTORICO,Mobile Suit Zeta Gundam - S01E03_Track2_PT-BR.ass,TRADUZIDO,,,,Mobile Suit Zeta Gundam,gundam_zeta,cc81b4ba215df0095772e9f086d9d2286acef347100cc47a13712fb762842cad,mistralai/mistral-nemo-instruct-2407,false,,23397,50,739,2,50,0,0,0,0,0,0,0,0
2026-08-10T13:04:58.157029200Z,MANIFESTO_HISTORICO,Mobile Suit Zeta Gundam - S01E04_Track2_PT-BR.ass,TRADUZIDO,,,,Mobile Suit Zeta Gundam,gundam_zeta,cc81b4ba215df0095772e9f086d9d2286acef347100cc47a13712fb762842cad,mistralai/mistral-nemo-instruct-2407,false,,23397,50,701,2,50,0,0,0,0,0,0,0,0
2026-08-10T13:04:58.157029200Z,MANIFESTO_HISTORICO,Mobile Suit Zeta Gundam - S01E05_Track2_PT-BR.ass,TRADUZIDO,,,,Mobile Suit Zeta Gundam,gundam_zeta,cc81b4ba215df0095772e9f086d9d2286acef347100cc47a13712fb762842cad,mistralai/mistral-nemo-instruct-2407,false,,23397,50,691,2,50,0,0,0,0,0,0,0,0
2026-08-10T13:04:58.157029200Z,MANIFESTO_HISTORICO,Mobile Suit Zeta Gundam - S01E06_Track2_PT-BR.ass,TRADUZIDO,,,,Mobile Suit Zeta Gundam,gundam_zeta,cc81b4ba215df0095772e9f086d9d2286acef347100cc47a13712fb762842cad,mistralai/mistral-nemo-instruct-2407,false,,23397,50,726,2,50,0,0,0,0,0,0,0,0
2026-08-10T13:04:58.157029200Z,MANIFESTO_HISTORICO,Mobile Suit Zeta Gundam - S01E07_Track2_PT-BR.ass,TRADUZIDO,,,,Mobile Suit Zeta Gundam,gundam_zeta,cc81b4ba215df0095772e9f086d9d2286acef347100cc47a13712fb762842cad,mistralai/mistral-nemo-instruct-2407,false,,23397,50,685,1,50,0,0,0,0,0,0,0,0
2026-08-10T13:04:58.157029200Z,MANIFESTO_HISTORICO,Mobile Suit Zeta Gundam - S01E08_Track2_PT-BR.ass,TRADUZIDO,,,,Mobile Suit Zeta Gundam,gundam_zeta,cc81b4ba215df0095772e9f086d9d2286acef347100cc47a13712fb762842cad,mistralai/mistral-nemo-instruct-2407,false,,23397,50,676,298,50,0,0,0,0,0,0,0,0
2026-08-10T13:04:58.157029200Z,MANIFESTO_HISTORICO,Mobile Suit Zeta Gundam - S01E09_Track2_PT-BR.ass,TRADUZIDO,,,,Mobile Suit Zeta Gundam,gundam_zeta,cc81b4ba215df0095772e9f086d9d2286acef347100cc47a13712fb762842cad,mistralai/mistral-nemo-instruct-2407,false,,23397,50,731,2,50,0,0,0,0,0,0,0,0
2026-08-10T13:04:58.157029200Z,MANIFESTO_HISTORICO,Mobile Suit Zeta Gundam - S01E10_Track2_PT-BR.ass,TRADUZIDO,,,,Mobile Suit Zeta Gundam,gundam_zeta,cc81b4ba215df0095772e9f086d9d2286acef347100cc47a13712fb762842cad,mistralai/mistral-nemo-instruct-2407,false,,23397,50,691,2,50,0,0,0,0,0,0,0,0
2026-08-10T13:04:58.157029200Z,MANIFESTO_HISTORICO,Mobile Suit Zeta Gundam - S01E11_Track2_PT-BR.ass,TRADUZIDO,,,,Mobile Suit Zeta Gundam,gundam_zeta,cc81b4ba215df0095772e9f086d9d2286acef347100cc47a13712fb762842cad,mistralai/mistral-nemo-instruct-2407,false,,23397,50,746,1,50,0,0,0,0,0,0,0,0
2026-08-10T13:04:58.157029200Z,MANIFESTO_HISTORICO,Mobile Suit Zeta Gundam - S01E12_Track2_PT-BR.ass,TRADUZIDO,,,,Mobile Suit Zeta Gundam,gundam_zeta,cc81b4ba215df0095772e9f086d9d2286acef347100cc47a13712fb762842cad,mistralai/mistral-nemo-instruct-2407,false,,23397,50,685,2,50,0,0,0,0,0,0,0,0
2026-08-10T13:04:58.157029200Z,MANIFESTO_HISTORICO,Mobile Suit Zeta Gundam - S01E13_Track2_PT-BR.ass,TRADUZIDO,,,,Mobile Suit Zeta Gundam,gundam_zeta,cc81b4ba215df0095772e9f086d9d2286acef347100cc47a13712fb762842cad,mistralai/mistral-nemo-instruct-2407,false,,23397,50,735,2,50,0,0,0,0,0,0,0,0
2026-08-10T13:04:58.157029200Z,MANIFESTO_HISTORICO,Mobile Suit Zeta Gundam - S01E14_Track2_PT-BR.ass,TRADUZIDO,,,,Mobile Suit Zeta Gundam,gundam_zeta,cc81b4ba215df0095772e9f086d9d2286acef347100cc47a13712fb762842cad,mistralai/mistral-nemo-instruct-2407,false,,23397,50,660,298,50,0,0,0,0,0,0,0,0
2026-08-10T13:04:58.157029200Z,MANIFESTO_HISTORICO,Mobile Suit Zeta Gundam - S01E15_Track2_PT-BR.ass,TRADUZIDO,,,,Mobile Suit Zeta Gundam,gundam_zeta,cc81b4ba215df0095772e9f086d9d2286acef347100cc47a13712fb762842cad,mistralai/mistral-nemo-instruct-2407,false,,23397,50,738,2,50,0,0,0,0,0,0,0,0
2026-08-10T13:04:58.157029200Z,MANIFESTO_HISTORICO,Mobile Suit Zeta Gundam - S01E16_Track2_PT-BR.ass,TRADUZIDO,,,,Mobile Suit Zeta Gundam,gundam_zeta,cc81b4ba215df0095772e9f086d9d2286acef347100cc47a13712fb762842cad,mistralai/mistral-nemo-instruct-2407,false,,23397,50,764,1,50,0,0,0,0,0,0,0,0
2026-08-10T13:04:58.157029200Z,MANIFESTO_HISTORICO,Mobile Suit Zeta Gundam - S01E17_Track2_PT-BR.ass,TRADUZIDO,,,,Mobile Suit Zeta Gundam,gundam_zeta,cc81b4ba215df0095772e9f086d9d2286acef347100cc47a13712fb762842cad,mistralai/mistral-nemo-instruct-2407,false,,23397,50,715,2,50,0,0,0,0,0,0,0,0
2026-08-10T13:04:58.157029200Z,MANIFESTO_HISTORICO,Mobile Suit Zeta Gundam - S01E18_Track2_PT-BR.ass,TRADUZIDO,,,,Mobile Suit Zeta Gundam,gundam_zeta,cc81b4ba215df0095772e9f086d9d2286acef347100cc47a13712fb762842cad,mistralai/mistral-nemo-instruct-2407,false,,23397,50,768,1,50,0,0,0,0,0,0,0,0
2026-08-10T13:04:58.157029200Z,MANIFESTO_HISTORICO,Mobile Suit Zeta Gundam - S01E19_Track2_PT-BR.ass,TRADUZIDO,,,,Mobile Suit Zeta Gundam,gundam_zeta,cc81b4ba215df0095772e9f086d9d2286acef347100cc47a13712fb762842cad,mistralai/mistral-nemo-instruct-2407,false,,23397,50,704,2,50,0,0,0,0,0,0,0,0
2026-08-10T13:04:58.157029200Z,MANIFESTO_HISTORICO,Mobile Suit Zeta Gundam - S01E20_Track2_PT-BR.ass,TRADUZIDO,,,,Mobile Suit Zeta Gundam,gundam_zeta,cc81b4ba215df0095772e9f086d9d2286acef347100cc47a13712fb762842cad,mistralai/mistral-nemo-instruct-2407,false,,23397,50,739,2,50,0,0,0,0,0,0,0,0
2026-08-10T13:04:58.157029200Z,MANIFESTO_HISTORICO,Mobile Suit Zeta Gundam - S01E21_Track2_PT-BR.ass,TRADUZIDO,,,,Mobile Suit Zeta Gundam,gundam_zeta,cc81b4ba215df0095772e9f086d9d2286acef347100cc47a13712fb762842cad,mistralai/mistral-nemo-instruct-2407,false,,23397,50,734,2,50,0,0,0,0,0,0,0,0
2026-08-10T13:04:58.157029200Z,MANIFESTO_HISTORICO,Mobile Suit Zeta Gundam - S01E22_Track2_PT-BR.ass,TRADUZIDO,,,,Mobile Suit Zeta Gundam,gundam_zeta,cc81b4ba215df0095772e9f086d9d2286acef347100cc47a13712fb762842cad,mistralai/mistral-nemo-instruct-2407,false,,23397,50,759,2,50,0,0,0,0,0,0,0,0
2026-08-10T13:04:58.157029200Z,MANIFESTO_HISTORICO,Mobile Suit Zeta Gundam - S01E23_Track2_PT-BR.ass,TRADUZIDO,,,,Mobile Suit Zeta Gundam,gundam_zeta,cc81b4ba215df0095772e9f086d9d2286acef347100cc47a13712fb762842cad,mistralai/mistral-nemo-instruct-2407,false,,23397,50,764,2,50,0,0,0,0,0,0,0,0
2026-08-10T13:04:58.157029200Z,MANIFESTO_HISTORICO,Mobile Suit Zeta Gundam - S01E24_Track2_PT-BR.ass,TRADUZIDO,,,,Mobile Suit Zeta Gundam,gundam_zeta,cc81b4ba215df0095772e9f086d9d2286acef347100cc47a13712fb762842cad,mistralai/mistral-nemo-instruct-2407,false,,23397,50,439,11,40,0,2,0,2,0,0,0,0
2026-08-10T13:04:58.157029200Z,MANIFESTO_HISTORICO,Mobile Suit Zeta Gundam - S01E25_Track2_PT-BR.ass,TRADUZIDO,,,,Mobile Suit Zeta Gundam,gundam_zeta,cc81b4ba215df0095772e9f086d9d2286acef347100cc47a13712fb762842cad,mistralai/mistral-nemo-instruct-2407,false,,23397,50,446,4,40,0,2,0,2,0,0,0,0
2026-08-10T13:04:58.157029200Z,MANIFESTO_HISTORICO,Mobile Suit Zeta Gundam - S01E26_Track2_PT-BR.ass,TRADUZIDO,,,,Mobile Suit Zeta Gundam,gundam_zeta,cc81b4ba215df0095772e9f086d9d2286acef347100cc47a13712fb762842cad,mistralai/mistral-nemo-instruct-2407,false,,23397,50,438,4,40,0,2,0,2,0,0,0,0
2026-08-10T13:04:58.157029200Z,MANIFESTO_HISTORICO,Mobile Suit Zeta Gundam - S01E27_Track2_PT-BR.ass,TRADUZIDO,,,,Mobile Suit Zeta Gundam,gundam_zeta,cc81b4ba215df0095772e9f086d9d2286acef347100cc47a13712fb762842cad,mistralai/mistral-nemo-instruct-2407,false,,23397,50,457,4,40,0,2,0,2,0,0,0,0
2026-08-10T13:04:58.157029200Z,MANIFESTO_HISTORICO,Mobile Suit Zeta Gundam - S01E28_Track2_PT-BR.ass,TRADUZIDO,,,,Mobile Suit Zeta Gundam,gundam_zeta,cc81b4ba215df0095772e9f086d9d2286acef347100cc47a13712fb762842cad,mistralai/mistral-nemo-instruct-2407,false,,23397,50,451,3,40,0,2,0,2,0,0,0,0
2026-08-10T13:04:58.157029200Z,MANIFESTO_HISTORICO,Mobile Suit Zeta Gundam - S01E29_Track2_PT-BR.ass,TRADUZIDO,,,,Mobile Suit Zeta Gundam,gundam_zeta,cc81b4ba215df0095772e9f086d9d2286acef347100cc47a13712fb762842cad,mistralai/mistral-nemo-instruct-2407,false,,23397,50,472,4,40,0,2,0,2,0,0,0,0
2026-08-10T13:04:58.157029200Z,MANIFESTO_HISTORICO,Mobile Suit Zeta Gundam - S01E30_Track2_PT-BR.ass,TRADUZIDO,,,,Mobile Suit Zeta Gundam,gundam_zeta,cc81b4ba215df0095772e9f086d9d2286acef347100cc47a13712fb762842cad,mistralai/mistral-nemo-instruct-2407,false,,23397,50,374,3,40,0,2,0,2,0,0,0,0
2026-08-10T13:04:58.157029200Z,MANIFESTO_HISTORICO,Mobile Suit Zeta Gundam - S01E31_Track2_PT-BR.ass,TRADUZIDO,,,,Mobile Suit Zeta Gundam,gundam_zeta,cc81b4ba215df0095772e9f086d9d2286acef347100cc47a13712fb762842cad,mistralai/mistral-nemo-instruct-2407,false,,23397,50,422,4,40,0,2,0,2,0,0,0,0
2026-08-10T13:04:58.157029200Z,MANIFESTO_HISTORICO,Mobile Suit Zeta Gundam - S01E32_Track2_PT-BR.ass,TRADUZIDO,,,,Mobile Suit Zeta Gundam,gundam_zeta,cc81b4ba215df0095772e9f086d9d2286acef347100cc47a13712fb762842cad,mistralai/mistral-nemo-instruct-2407,false,,23397,50,427,3,40,0,2,0,2,0,0,0,0
2026-08-10T13:04:58.157029200Z,MANIFESTO_HISTORICO,Mobile Suit Zeta Gundam - S01E33_Track2_PT-BR.ass,TRADUZIDO,,,,Mobile Suit Zeta Gundam,gundam_zeta,cc81b4ba215df0095772e9f086d9d2286acef347100cc47a13712fb762842cad,mistralai/mistral-nemo-instruct-2407,false,,23397,50,416,4,40,0,2,0,2,0,0,0,0
2026-08-10T13:04:58.157029200Z,MANIFESTO_HISTORICO,Mobile Suit Zeta Gundam - S01E34_Track2_PT-BR.ass,TRADUZIDO,,,,Mobile Suit Zeta Gundam,gundam_zeta,cc81b4ba215df0095772e9f086d9d2286acef347100cc47a13712fb762842cad,mistralai/mistral-nemo-instruct-2407,false,,23397,50,433,4,40,0,2,0,2,0,0,0,0
2026-08-10T13:04:58.157029200Z,MANIFESTO_HISTORICO,Mobile Suit Zeta Gundam - S01E35_Track2_PT-BR.ass,TRADUZIDO,,,,Mobile Suit Zeta Gundam,gundam_zeta,cc81b4ba215df0095772e9f086d9d2286acef347100cc47a13712fb762842cad,mistralai/mistral-nemo-instruct-2407,false,,23397,50,415,3,40,0,2,0,2,0,0,0,0
2026-08-10T13:04:58.157029200Z,MANIFESTO_HISTORICO,Mobile Suit Zeta Gundam - S01E36_Track2_PT-BR.ass,TRADUZIDO,,,,Mobile Suit Zeta Gundam,gundam_zeta,cc81b4ba215df0095772e9f086d9d2286acef347100cc47a13712fb762842cad,mistralai/mistral-nemo-instruct-2407,false,,23397,50,394,4,40,0,2,0,2,0,0,0,0
2026-08-10T13:04:58.157029200Z,MANIFESTO_HISTORICO,Mobile Suit Zeta Gundam - S01E37_Track2_PT-BR.ass,TRADUZIDO,,,,Mobile Suit Zeta Gundam,gundam_zeta,cc81b4ba215df0095772e9f086d9d2286acef347100cc47a13712fb762842cad,mistralai/mistral-nemo-instruct-2407,false,,23397,50,456,4,40,0,2,0,2,0,0,0,0
2026-08-10T13:04:58.157029200Z,MANIFESTO_HISTORICO,Mobile Suit Zeta Gundam - S01E38_Track2_PT-BR.ass,TRADUZIDO,,,,Mobile Suit Zeta Gundam,gundam_zeta,cc81b4ba215df0095772e9f086d9d2286acef347100cc47a13712fb762842cad,mistralai/mistral-nemo-instruct-2407,false,,23397,50,461,4,40,0,2,0,2,0,0,0,0
2026-08-10T13:04:58.157029200Z,MANIFESTO_HISTORICO,Mobile Suit Zeta Gundam - S01E39_Track2_PT-BR.ass,TRADUZIDO,,,,Mobile Suit Zeta Gundam,gundam_zeta,cc81b4ba215df0095772e9f086d9d2286acef347100cc47a13712fb762842cad,mistralai/mistral-nemo-instruct-2407,false,,23397,50,471,4,40,0,2,0,2,0,0,0,0
2026-08-10T13:04:58.157029200Z,MANIFESTO_HISTORICO,Mobile Suit Zeta Gundam - S01E40_Track2_PT-BR.ass,TRADUZIDO,,,,Mobile Suit Zeta Gundam,gundam_zeta,cc81b4ba215df0095772e9f086d9d2286acef347100cc47a13712fb762842cad,mistralai/mistral-nemo-instruct-2407,false,,23397,50,458,4,40,0,2,0,2,0,0,0,0
2026-08-10T13:04:58.157029200Z,MANIFESTO_HISTORICO,Mobile Suit Zeta Gundam - S01E41_Track2_PT-BR.ass,TRADUZIDO,,,,Mobile Suit Zeta Gundam,gundam_zeta,cc81b4ba215df0095772e9f086d9d2286acef347100cc47a13712fb762842cad,mistralai/mistral-nemo-instruct-2407,false,,23397,50,487,4,40,0,2,0,2,0,0,0,0
2026-08-10T13:04:58.157029200Z,MANIFESTO_HISTORICO,Mobile Suit Zeta Gundam - S01E42_Track2_PT-BR.ass,TRADUZIDO,,,,Mobile Suit Zeta Gundam,gundam_zeta,cc81b4ba215df0095772e9f086d9d2286acef347100cc47a13712fb762842cad,mistralai/mistral-nemo-instruct-2407,false,,23397,50,392,4,40,0,2,0,2,0,0,0,0
2026-08-10T13:04:58.157029200Z,MANIFESTO_HISTORICO,Mobile Suit Zeta Gundam - S01E43_Track2_PT-BR.ass,TRADUZIDO,,,,Mobile Suit Zeta Gundam,gundam_zeta,cc81b4ba215df0095772e9f086d9d2286acef347100cc47a13712fb762842cad,mistralai/mistral-nemo-instruct-2407,false,,23397,50,400,4,40,0,2,0,2,0,0,0,0
2026-08-10T13:04:58.157029200Z,MANIFESTO_HISTORICO,Mobile Suit Zeta Gundam - S01E44_Track2_PT-BR.ass,TRADUZIDO,,,,Mobile Suit Zeta Gundam,gundam_zeta,cc81b4ba215df0095772e9f086d9d2286acef347100cc47a13712fb762842cad,mistralai/mistral-nemo-instruct-2407,false,,23397,50,453,4,40,0,2,0,2,0,0,0,0
2026-08-10T13:04:58.157029200Z,MANIFESTO_HISTORICO,Mobile Suit Zeta Gundam - S01E45_Track2_PT-BR.ass,TRADUZIDO,,,,Mobile Suit Zeta Gundam,gundam_zeta,cc81b4ba215df0095772e9f086d9d2286acef347100cc47a13712fb762842cad,mistralai/mistral-nemo-instruct-2407,false,,23397,50,386,4,40,0,2,0,2,0,0,0,0
2026-08-10T13:04:58.157029200Z,MANIFESTO_HISTORICO,Mobile Suit Zeta Gundam - S01E46_Track2_PT-BR.ass,TRADUZIDO,,,,Mobile Suit Zeta Gundam,gundam_zeta,cc81b4ba215df0095772e9f086d9d2286acef347100cc47a13712fb762842cad,mistralai/mistral-nemo-instruct-2407,false,,23397,50,430,4,40,0,2,0,2,0,0,0,0
2026-08-10T13:04:58.157029200Z,MANIFESTO_HISTORICO,Mobile Suit Zeta Gundam - S01E47_Track2_PT-BR.ass,TRADUZIDO,,,,Mobile Suit Zeta Gundam,gundam_zeta,cc81b4ba215df0095772e9f086d9d2286acef347100cc47a13712fb762842cad,mistralai/mistral-nemo-instruct-2407,false,,23397,50,429,4,40,0,2,0,2,0,0,0,0
2026-08-10T13:04:58.157029200Z,MANIFESTO_HISTORICO,Mobile Suit Zeta Gundam - S01E48_Track2_PT-BR.ass,TRADUZIDO,,,,Mobile Suit Zeta Gundam,gundam_zeta,cc81b4ba215df0095772e9f086d9d2286acef347100cc47a13712fb762842cad,mistralai/mistral-nemo-instruct-2407,false,,23397,50,387,4,40,0,2,0,2,0,0,0,0
2026-08-10T13:04:58.157029200Z,MANIFESTO_HISTORICO,Mobile Suit Zeta Gundam - S01E49_Track2_PT-BR.ass,TRADUZIDO,,,,Mobile Suit Zeta Gundam,gundam_zeta,cc81b4ba215df0095772e9f086d9d2286acef347100cc47a13712fb762842cad,mistralai/mistral-nemo-instruct-2407,false,,23397,50,365,4,40,0,2,0,2,0,0,0,0
2026-08-10T13:04:58.157029200Z,MANIFESTO_HISTORICO,Mobile Suit Zeta Gundam - S01E50_Track2_PT-BR.ass,TRADUZIDO,,,,Mobile Suit Zeta Gundam,gundam_zeta,cc81b4ba215df0095772e9f086d9d2286acef347100cc47a13712fb762842cad,mistralai/mistral-nemo-instruct-2407,false,,23397,50,408,3,40,0,2,0,2,0,0,0,0
2026-08-13T20:33:43.732014100Z,MANIFESTO_HISTORICO,Mobile Suit Gundam Unicorn Re0096 (2016) - S01E01 - Departure 0096_Track4_PT-BR.ass,TRADUZIDO,,,,Mobile Suit Gundam Unicorn,gundam_unicorn,4c29e781a502990495166b66b32d7de7ab73bec0da9819871dc799138d91313c,aya-expanse-8b,false,,121577,22,406,6,12,0,18,0,18,0,0,0,0
2026-08-13T20:33:43.732014100Z,MANIFESTO_HISTORICO,Mobile Suit Gundam Unicorn Re0096 (2016) - S01E02 - First Blood_Track4_PT-BR.ass,TRADUZIDO,,,,Mobile Suit Gundam Unicorn,gundam_unicorn,4c29e781a502990495166b66b32d7de7ab73bec0da9819871dc799138d91313c,aya-expanse-8b,false,,121577,22,495,6,12,0,18,0,18,0,0,0,0
2026-08-13T20:33:43.732014100Z,MANIFESTO_HISTORICO,Mobile Suit Gundam Unicorn Re0096 (2016) - S01E03 - They Called It Gundam_Track4_PT-BR.ass,TRADUZIDO,,,,Mobile Suit Gundam Unicorn,gundam_unicorn,4c29e781a502990495166b66b32d7de7ab73bec0da9819871dc799138d91313c,aya-expanse-8b,false,,121577,22,379,6,12,0,18,0,18,0,0,0,0
2026-08-13T20:33:43.732014100Z,MANIFESTO_HISTORICO,Mobile Suit Gundam Unicorn Re0096 (2016) - S01E04 - Full Frontal's Pursuit_Track4_PT-BR.ass,TRADUZIDO,,,,Mobile Suit Gundam Unicorn,gundam_unicorn,4c29e781a502990495166b66b32d7de7ab73bec0da9819871dc799138d91313c,aya-expanse-8b,false,,121577,22,560,6,12,0,18,0,18,0,0,0,0
2026-08-13T20:33:43.732014100Z,MANIFESTO_HISTORICO,Mobile Suit Gundam Unicorn Re0096 (2016) - S01E05 - Clash with the Red Comet_Track4_PT-BR.ass,TRADUZIDO,,,,Mobile Suit Gundam Unicorn,gundam_unicorn,4c29e781a502990495166b66b32d7de7ab73bec0da9819871dc799138d91313c,aya-expanse-8b,false,,121577,22,456,6,12,0,18,0,18,0,0,0,0
2026-08-13T20:33:43.732014100Z,MANIFESTO_HISTORICO,Mobile Suit Gundam Unicorn Re0096 (2016) - S01E06 - Under the Mask_Track3_PT-BR.ass,TRADUZIDO,,,,Mobile Suit Gundam Unicorn,gundam_unicorn,4c29e781a502990495166b66b32d7de7ab73bec0da9819871dc799138d91313c,aya-expanse-8b,false,,121577,22,480,7,12,0,18,0,18,0,0,0,0
2026-08-13T20:33:43.732014100Z,MANIFESTO_HISTORICO,Mobile Suit Gundam Unicorn Re0096 (2016) - S01E07 - The Battle of Palau_Track3_PT-BR.ass,TRADUZIDO,,,,Mobile Suit Gundam Unicorn,gundam_unicorn,4c29e781a502990495166b66b32d7de7ab73bec0da9819871dc799138d91313c,aya-expanse-8b,false,,121577,22,452,7,12,0,18,0,18,0,0,0,0
2026-08-13T20:33:43.732014100Z,MANIFESTO_HISTORICO,"Mobile Suit Gundam Unicorn Re0096 (2016) - S01E08 - Laplace, Where It All Began_Track3_PT-BR.ass",TRADUZIDO,,,,Mobile Suit Gundam Unicorn,gundam_unicorn,4c29e781a502990495166b66b32d7de7ab73bec0da9819871dc799138d91313c,aya-expanse-8b,false,,121577,22,537,6,12,0,18,0,18,0,0,0,0
2026-08-13T20:33:43.732014100Z,MANIFESTO_HISTORICO,Mobile Suit Gundam Unicorn Re0096 (2016) - S01E09 - Retribution_Track3_PT-BR.ass,TRADUZIDO,,,,Mobile Suit Gundam Unicorn,gundam_unicorn,4c29e781a502990495166b66b32d7de7ab73bec0da9819871dc799138d91313c,aya-expanse-8b,false,,121577,22,441,6,0,0,0,0,0,0,0,0,0
2026-08-13T20:33:43.732014100Z,MANIFESTO_HISTORICO,Mobile Suit Gundam Unicorn Re0096 (2016) - S01E10 - From the Scorching Earth_Track3_PT-BR.ass,TRADUZIDO,,,,Mobile Suit Gundam Unicorn,gundam_unicorn,4c29e781a502990495166b66b32d7de7ab73bec0da9819871dc799138d91313c,aya-expanse-8b,false,,121577,22,436,6,12,0,18,0,18,0,0,0,0
2026-08-13T20:33:43.732014100Z,MANIFESTO_HISTORICO,Mobile Suit Gundam Unicorn Re0096 (2016) - S01E11 - Battle at Torrington_Track3_PT-BR.ass,TRADUZIDO,,,,Mobile Suit Gundam Unicorn,gundam_unicorn,4c29e781a502990495166b66b32d7de7ab73bec0da9819871dc799138d91313c,aya-expanse-8b,false,,121577,22,456,7,12,0,18,0,18,0,0,0,0
2026-08-13T20:33:43.732014100Z,MANIFESTO_HISTORICO,Mobile Suit Gundam Unicorn Re0096 (2016) - S01E12 - A Private War_Track4_PT-BR.ass,TRADUZIDO,,,,Mobile Suit Gundam Unicorn,gundam_unicorn,4c29e781a502990495166b66b32d7de7ab73bec0da9819871dc799138d91313c,aya-expanse-8b,false,,121577,22,422,7,12,0,18,0,18,0,0,0,0
2026-08-13T20:33:43.732014100Z,MANIFESTO_HISTORICO,"Mobile Suit Gundam Unicorn Re0096 (2016) - S01E13 - Banagher Links, Soldier_Track4_PT-BR.ass",TRADUZIDO,,,,Mobile Suit Gundam Unicorn,gundam_unicorn,4c29e781a502990495166b66b32d7de7ab73bec0da9819871dc799138d91313c,aya-expanse-8b,false,,121577,22,433,6,1,0,22,0,22,0,0,0,0
2026-08-13T20:33:43.732014100Z,MANIFESTO_HISTORICO,Mobile Suit Gundam Unicorn Re0096 (2016) - S01E14 - Clash of the Two Unicorns_Track4_PT-BR.ass,TRADUZIDO,,,,Mobile Suit Gundam Unicorn,gundam_unicorn,4c29e781a502990495166b66b32d7de7ab73bec0da9819871dc799138d91313c,aya-expanse-8b,false,,121577,22,412,6,1,0,22,0,22,0,0,0,0
2026-08-13T20:33:43.732014100Z,MANIFESTO_HISTORICO,Mobile Suit Gundam Unicorn Re0096 (2016) - S01E15 - Waiting in Space_Track4_PT-BR.ass,TRADUZIDO,,,,Mobile Suit Gundam Unicorn,gundam_unicorn,4c29e781a502990495166b66b32d7de7ab73bec0da9819871dc799138d91313c,aya-expanse-8b,false,,121577,22,382,7,1,0,22,0,22,0,0,0,0
2026-08-13T20:33:43.732014100Z,MANIFESTO_HISTORICO,Mobile Suit Gundam Unicorn Re0096 (2016) - S01E16 - The Side Co-Prosperity Sphere_Track4_PT-BR.ass,TRADUZIDO,,,,Mobile Suit Gundam Unicorn,gundam_unicorn,4c29e781a502990495166b66b32d7de7ab73bec0da9819871dc799138d91313c,aya-expanse-8b,false,,121577,22,473,7,1,0,22,0,22,0,0,0,0
2026-08-13T20:33:43.732014100Z,MANIFESTO_HISTORICO,Mobile Suit Gundam Unicorn Re0096 (2016) - S01E17 - Nahel Argama Recaptured_Track4_PT-BR.ass,TRADUZIDO,,,,Mobile Suit Gundam Unicorn,gundam_unicorn,4c29e781a502990495166b66b32d7de7ab73bec0da9819871dc799138d91313c,aya-expanse-8b,false,,121577,22,470,6,1,0,22,0,22,0,0,0,0
2026-08-13T20:33:43.732014100Z,MANIFESTO_HISTORICO,Mobile Suit Gundam Unicorn Re0096 (2016) - S01E18 - Fateful Battle_Track4_PT-BR.ass,TRADUZIDO,,,,Mobile Suit Gundam Unicorn,gundam_unicorn,4c29e781a502990495166b66b32d7de7ab73bec0da9819871dc799138d91313c,aya-expanse-8b,false,,121577,22,225,1,1,0,22,0,22,0,0,0,0
2026-08-13T20:33:43.732014100Z,MANIFESTO_HISTORICO,Mobile Suit Gundam Unicorn Re0096 (2016) - S01E19 - Another Cosmic Glow_Track4_PT-BR.ass,TRADUZIDO,,,,Mobile Suit Gundam Unicorn,gundam_unicorn,4c29e781a502990495166b66b32d7de7ab73bec0da9819871dc799138d91313c,aya-expanse-8b,false,,121577,22,362,7,1,0,22,0,22,0,0,0,0
2026-08-13T20:33:43.732014100Z,MANIFESTO_HISTORICO,Mobile Suit Gundam Unicorn Re0096 (2016) - S01E20 - Laplace's Box_Track4_PT-BR.ass,TRADUZIDO,,,,Mobile Suit Gundam Unicorn,gundam_unicorn,4c29e781a502990495166b66b32d7de7ab73bec0da9819871dc799138d91313c,aya-expanse-8b,false,,121577,22,450,7,1,0,22,0,22,0,0,0,0
2026-08-13T20:33:43.732014100Z,MANIFESTO_HISTORICO,Mobile Suit Gundam Unicorn Re0096 (2016) - S01E21 - To the World's End_Track4_PT-BR.ass,TRADUZIDO,,,,Mobile Suit Gundam Unicorn,gundam_unicorn,4c29e781a502990495166b66b32d7de7ab73bec0da9819871dc799138d91313c,aya-expanse-8b,false,,121577,22,364,7,1,0,22,0,22,0,0,0,0
2026-08-13T20:33:43.732014100Z,MANIFESTO_HISTORICO,Mobile Suit Gundam Unicorn Re0096 (2016) - S01E22 - Return_Track4_PT-BR.ass,TRADUZIDO,,,,Mobile Suit Gundam Unicorn,gundam_unicorn,4c29e781a502990495166b66b32d7de7ab73bec0da9819871dc799138d91313c,aya-expanse-8b,false,,121577,22,431,7,0,0,0,0,0,0,0,0,0
2026-08-13T20:53:55.178655700Z,MANIFESTO_HISTORICO,Mobile Suit Gundam Unicorn Re0096 (2016) - S01E01 - Departure 0096_Track4_PT-BR.ass,TRADUZIDO,,,,Mobile Suit Gundam Unicorn,gundam_unicorn,4c29e781a502990495166b66b32d7de7ab73bec0da9819871dc799138d91313c,aya-expanse-8b,false,,19756,22,406,6,12,0,18,16,2,0,0,0,0
2026-08-13T20:53:55.178655700Z,MANIFESTO_HISTORICO,Mobile Suit Gundam Unicorn Re0096 (2016) - S01E02 - First Blood_Track4_PT-BR.ass,TRADUZIDO,,,,Mobile Suit Gundam Unicorn,gundam_unicorn,4c29e781a502990495166b66b32d7de7ab73bec0da9819871dc799138d91313c,aya-expanse-8b,false,,19756,22,495,6,12,0,18,16,2,0,0,0,0
2026-08-13T20:53:55.178655700Z,MANIFESTO_HISTORICO,Mobile Suit Gundam Unicorn Re0096 (2016) - S01E03 - They Called It Gundam_Track4_PT-BR.ass,TRADUZIDO,,,,Mobile Suit Gundam Unicorn,gundam_unicorn,4c29e781a502990495166b66b32d7de7ab73bec0da9819871dc799138d91313c,aya-expanse-8b,false,,19756,22,379,6,12,0,18,16,2,0,0,0,0
2026-08-13T20:53:55.178655700Z,MANIFESTO_HISTORICO,Mobile Suit Gundam Unicorn Re0096 (2016) - S01E04 - Full Frontal's Pursuit_Track4_PT-BR.ass,TRADUZIDO,,,,Mobile Suit Gundam Unicorn,gundam_unicorn,4c29e781a502990495166b66b32d7de7ab73bec0da9819871dc799138d91313c,aya-expanse-8b,false,,19756,22,560,6,12,0,18,16,2,0,0,0,0
2026-08-13T20:53:55.178655700Z,MANIFESTO_HISTORICO,Mobile Suit Gundam Unicorn Re0096 (2016) - S01E05 - Clash with the Red Comet_Track4_PT-BR.ass,TRADUZIDO,,,,Mobile Suit Gundam Unicorn,gundam_unicorn,4c29e781a502990495166b66b32d7de7ab73bec0da9819871dc799138d91313c,aya-expanse-8b,false,,19756,22,456,6,12,0,18,16,2,0,0,0,0
2026-08-13T20:53:55.178655700Z,MANIFESTO_HISTORICO,Mobile Suit Gundam Unicorn Re0096 (2016) - S01E06 - Under the Mask_Track3_PT-BR.ass,TRADUZIDO,,,,Mobile Suit Gundam Unicorn,gundam_unicorn,4c29e781a502990495166b66b32d7de7ab73bec0da9819871dc799138d91313c,aya-expanse-8b,false,,19756,22,480,7,12,0,18,16,2,0,0,0,0
2026-08-13T20:53:55.178655700Z,MANIFESTO_HISTORICO,Mobile Suit Gundam Unicorn Re0096 (2016) - S01E07 - The Battle of Palau_Track3_PT-BR.ass,TRADUZIDO,,,,Mobile Suit Gundam Unicorn,gundam_unicorn,4c29e781a502990495166b66b32d7de7ab73bec0da9819871dc799138d91313c,aya-expanse-8b,false,,19756,22,452,7,12,0,18,16,2,0,0,0,0
2026-08-13T20:53:55.178655700Z,MANIFESTO_HISTORICO,"Mobile Suit Gundam Unicorn Re0096 (2016) - S01E08 - Laplace, Where It All Began_Track3_PT-BR.ass",TRADUZIDO,,,,Mobile Suit Gundam Unicorn,gundam_unicorn,4c29e781a502990495166b66b32d7de7ab73bec0da9819871dc799138d91313c,aya-expanse-8b,false,,19756,22,537,6,12,0,18,16,2,0,0,0,0
2026-08-13T20:53:55.178655700Z,MANIFESTO_HISTORICO,Mobile Suit Gundam Unicorn Re0096 (2016) - S01E09 - Retribution_Track3_PT-BR.ass,TRADUZIDO,,,,Mobile Suit Gundam Unicorn,gundam_unicorn,4c29e781a502990495166b66b32d7de7ab73bec0da9819871dc799138d91313c,aya-expanse-8b,false,,19756,22,441,6,0,0,0,0,0,0,0,0,0
2026-08-13T20:53:55.178655700Z,MANIFESTO_HISTORICO,Mobile Suit Gundam Unicorn Re0096 (2016) - S01E10 - From the Scorching Earth_Track3_PT-BR.ass,TRADUZIDO,,,,Mobile Suit Gundam Unicorn,gundam_unicorn,4c29e781a502990495166b66b32d7de7ab73bec0da9819871dc799138d91313c,aya-expanse-8b,false,,19756,22,436,6,12,0,18,16,2,0,0,0,0
2026-08-13T20:53:55.178655700Z,MANIFESTO_HISTORICO,Mobile Suit Gundam Unicorn Re0096 (2016) - S01E11 - Battle at Torrington_Track3_PT-BR.ass,TRADUZIDO,,,,Mobile Suit Gundam Unicorn,gundam_unicorn,4c29e781a502990495166b66b32d7de7ab73bec0da9819871dc799138d91313c,aya-expanse-8b,false,,19756,22,456,7,12,0,18,16,2,0,0,0,0
2026-08-13T20:53:55.178655700Z,MANIFESTO_HISTORICO,Mobile Suit Gundam Unicorn Re0096 (2016) - S01E12 - A Private War_Track4_PT-BR.ass,TRADUZIDO,,,,Mobile Suit Gundam Unicorn,gundam_unicorn,4c29e781a502990495166b66b32d7de7ab73bec0da9819871dc799138d91313c,aya-expanse-8b,false,,19756,22,422,7,12,0,18,16,2,0,0,0,0
2026-08-13T20:53:55.178655700Z,MANIFESTO_HISTORICO,"Mobile Suit Gundam Unicorn Re0096 (2016) - S01E13 - Banagher Links, Soldier_Track4_PT-BR.ass",TRADUZIDO,,,,Mobile Suit Gundam Unicorn,gundam_unicorn,4c29e781a502990495166b66b32d7de7ab73bec0da9819871dc799138d91313c,aya-expanse-8b,false,,19756,22,433,6,1,0,22,22,0,0,0,0,0
2026-08-13T20:53:55.178655700Z,MANIFESTO_HISTORICO,Mobile Suit Gundam Unicorn Re0096 (2016) - S01E14 - Clash of the Two Unicorns_Track4_PT-BR.ass,TRADUZIDO,,,,Mobile Suit Gundam Unicorn,gundam_unicorn,4c29e781a502990495166b66b32d7de7ab73bec0da9819871dc799138d91313c,aya-expanse-8b,false,,19756,22,412,6,1,0,22,22,0,0,0,0,0
2026-08-13T20:53:55.178655700Z,MANIFESTO_HISTORICO,Mobile Suit Gundam Unicorn Re0096 (2016) - S01E15 - Waiting in Space_Track4_PT-BR.ass,TRADUZIDO,,,,Mobile Suit Gundam Unicorn,gundam_unicorn,4c29e781a502990495166b66b32d7de7ab73bec0da9819871dc799138d91313c,aya-expanse-8b,false,,19756,22,382,7,1,0,22,22,0,0,0,0,0
2026-08-13T20:53:55.178655700Z,MANIFESTO_HISTORICO,Mobile Suit Gundam Unicorn Re0096 (2016) - S01E16 - The Side Co-Prosperity Sphere_Track4_PT-BR.ass,TRADUZIDO,,,,Mobile Suit Gundam Unicorn,gundam_unicorn,4c29e781a502990495166b66b32d7de7ab73bec0da9819871dc799138d91313c,aya-expanse-8b,false,,19756,22,473,7,1,0,22,22,0,0,0,0,0
2026-08-13T20:53:55.178655700Z,MANIFESTO_HISTORICO,Mobile Suit Gundam Unicorn Re0096 (2016) - S01E17 - Nahel Argama Recaptured_Track4_PT-BR.ass,TRADUZIDO,,,,Mobile Suit Gundam Unicorn,gundam_unicorn,4c29e781a502990495166b66b32d7de7ab73bec0da9819871dc799138d91313c,aya-expanse-8b,false,,19756,22,470,6,1,0,22,22,0,0,0,0,0
2026-08-13T20:53:55.178655700Z,MANIFESTO_HISTORICO,Mobile Suit Gundam Unicorn Re0096 (2016) - S01E18 - Fateful Battle_Track4_PT-BR.ass,TRADUZIDO,,,,Mobile Suit Gundam Unicorn,gundam_unicorn,4c29e781a502990495166b66b32d7de7ab73bec0da9819871dc799138d91313c,aya-expanse-8b,false,,19756,22,225,1,1,0,22,22,0,0,0,0,0
2026-08-13T20:53:55.178655700Z,MANIFESTO_HISTORICO,Mobile Suit Gundam Unicorn Re0096 (2016) - S01E19 - Another Cosmic Glow_Track4_PT-BR.ass,TRADUZIDO,,,,Mobile Suit Gundam Unicorn,gundam_unicorn,4c29e781a502990495166b66b32d7de7ab73bec0da9819871dc799138d91313c,aya-expanse-8b,false,,19756,22,362,7,1,0,22,22,0,0,0,0,0
2026-08-13T20:53:55.178655700Z,MANIFESTO_HISTORICO,Mobile Suit Gundam Unicorn Re0096 (2016) - S01E20 - Laplace's Box_Track4_PT-BR.ass,TRADUZIDO,,,,Mobile Suit Gundam Unicorn,gundam_unicorn,4c29e781a502990495166b66b32d7de7ab73bec0da9819871dc799138d91313c,aya-expanse-8b,false,,19756,22,450,7,1,0,22,22,0,0,0,0,0
2026-08-13T20:53:55.178655700Z,MANIFESTO_HISTORICO,Mobile Suit Gundam Unicorn Re0096 (2016) - S01E21 - To the World's End_Track4_PT-BR.ass,TRADUZIDO,,,,Mobile Suit Gundam Unicorn,gundam_unicorn,4c29e781a502990495166b66b32d7de7ab73bec0da9819871dc799138d91313c,aya-expanse-8b,false,,19756,22,364,7,1,0,22,22,0,0,0,0,0
2026-08-13T20:53:55.178655700Z,MANIFESTO_HISTORICO,Mobile Suit Gundam Unicorn Re0096 (2016) - S01E22 - Return_Track4_PT-BR.ass,TRADUZIDO,,,,Mobile Suit Gundam Unicorn,gundam_unicorn,4c29e781a502990495166b66b32d7de7ab73bec0da9819871dc799138d91313c,aya-expanse-8b,false,,19756,22,431,7,0,0,0,0,0,0,0,0,0
2026-08-13T21:55:23.262401600Z,MANIFESTO_HISTORICO,Mobile Suit Gundam Unicorn Re0096 (2016) - S01E01 - Departure 0096_Track4_PT-BR.ass,TRADUZIDO,,,,Mobile Suit Gundam Unicorn,gundam_unicorn,4c29e781a502990495166b66b32d7de7ab73bec0da9819871dc799138d91313c,aya-expanse-8b,false,,8179,2,406,0,12,0,24,16,8,0,0,0,0
2026-08-13T21:55:23.262401600Z,MANIFESTO_HISTORICO,Mobile Suit Gundam Unicorn Re0096 (2016) - S01E22 - Return_Track4_PT-BR.ass,TRADUZIDO,,,,Mobile Suit Gundam Unicorn,gundam_unicorn,4c29e781a502990495166b66b32d7de7ab73bec0da9819871dc799138d91313c,aya-expanse-8b,false,,8179,2,431,1,0,0,6,0,6,0,0,0,0
2026-08-13T22:27:41.663029100Z,MANIFESTO_HISTORICO,"Mobile Suit Gundam Unicorn Re0096 (2016) - S01E13 - Banagher Links, Soldier_Track4_PT-BR.ass",TRADUZIDO,,,,Mobile Suit Gundam Unicorn,gundam_unicorn,4c29e781a502990495166b66b32d7de7ab73bec0da9819871dc799138d91313c,aya-expanse-8b,false,,7321,1,433,0,1,0,28,22,6,0,0,0,0
2026-08-14T22:29:20.157188500Z,MANIFESTO_HISTORICO,[DB]86 Part 2_-_01_(Dual Audio_10bit_BD1080p_x265)_Track6_PT-BR.ass,TRADUZIDO,,,,86 (Eighty-Six),eight_six,475723eb9e180fc07a5b0fccb6cebe8473de73ab9cb6e67478438371ef1bae7e,aya-expanse-8b,false,,1628711,25,4616,4134,0,0,9,0,7,2,0,0,2
2026-08-14T22:29:20.157188500Z,MANIFESTO_HISTORICO,[DB]86 Part 2_-_02_(Dual Audio_10bit_BD1080p_x265)_Track6_PT-BR.ass,TRADUZIDO,,,,86 (Eighty-Six),eight_six,475723eb9e180fc07a5b0fccb6cebe8473de73ab9cb6e67478438371ef1bae7e,aya-expanse-8b,false,,1628711,25,5246,4670,3,3,44,0,43,1,0,0,1
2026-08-14T22:29:20.157188500Z,MANIFESTO_HISTORICO,[DB]86 Part 2_-_03_(Dual Audio_10bit_BD1080p_x265)_Track6_PT-BR.ass,TRADUZIDO,,,,86 (Eighty-Six),eight_six,475723eb9e180fc07a5b0fccb6cebe8473de73ab9cb6e67478438371ef1bae7e,aya-expanse-8b,false,,1628711,25,5272,4670,3,1,40,0,39,1,0,0,1
2026-08-14T22:29:20.157188500Z,MANIFESTO_HISTORICO,[DB]86 Part 2_-_04_(Dual Audio_10bit_BD1080p_x265)_Track6_PT-BR.ass,TRADUZIDO,,,,86 (Eighty-Six),eight_six,475723eb9e180fc07a5b0fccb6cebe8473de73ab9cb6e67478438371ef1bae7e,aya-expanse-8b,false,,1628711,25,5335,4670,0,1,39,0,39,0,0,0,0
2026-08-14T22:29:20.157188500Z,MANIFESTO_HISTORICO,[DB]86 Part 2_-_05_(Dual Audio_10bit_BD1080p_x265)_Track6_PT-BR.ass,TRADUZIDO,,,,86 (Eighty-Six),eight_six,475723eb9e180fc07a5b0fccb6cebe8473de73ab9cb6e67478438371ef1bae7e,aya-expanse-8b,false,,1628711,25,5145,4670,0,0,39,0,37,2,0,0,2
2026-08-14T22:29:20.157188500Z,MANIFESTO_HISTORICO,[DB]86 Part 2_-_06_(Dual Audio_10bit_BD1080p_x265)_Track6_PT-BR.ass,TRADUZIDO,,,,86 (Eighty-Six),eight_six,475723eb9e180fc07a5b0fccb6cebe8473de73ab9cb6e67478438371ef1bae7e,aya-expanse-8b,false,,1628711,25,5363,4670,0,0,54,0,48,6,0,0,6
2026-08-14T22:29:20.157188500Z,MANIFESTO_HISTORICO,[DB]86 Part 2_-_07_(Dual Audio_10bit_BD1080p_x265)_Track6_PT-BR.ass,TRADUZIDO,,,,86 (Eighty-Six),eight_six,475723eb9e180fc07a5b0fccb6cebe8473de73ab9cb6e67478438371ef1bae7e,aya-expanse-8b,false,,1628711,25,4611,4134,0,2,11,0,8,3,0,0,3
2026-08-14T22:29:20.157188500Z,MANIFESTO_HISTORICO,[DB]86 Part 2_-_08_(Dual Audio_10bit_BD1080p_x265)_Track6_PT-BR.ass,TRADUZIDO,,,,86 (Eighty-Six),eight_six,475723eb9e180fc07a5b0fccb6cebe8473de73ab9cb6e67478438371ef1bae7e,aya-expanse-8b,false,,1628711,25,5216,4670,0,3,33,0,33,0,0,0,0
2026-08-14T22:29:20.157188500Z,MANIFESTO_HISTORICO,[DB]86 Part 2_-_09_(Dual Audio_10bit_BD1080p_x265)_Track6_PT-BR.ass,TRADUZIDO,,,,86 (Eighty-Six),eight_six,475723eb9e180fc07a5b0fccb6cebe8473de73ab9cb6e67478438371ef1bae7e,aya-expanse-8b,false,,1628711,25,4627,4134,0,2,9,0,6,3,0,0,3
2026-08-14T22:29:20.157188500Z,MANIFESTO_HISTORICO,[DB]86 Part 2_-_10_(Dual Audio_10bit_BD1080p_x265)_Track6_PT-BR.ass,TRADUZIDO,,,,86 (Eighty-Six),eight_six,475723eb9e180fc07a5b0fccb6cebe8473de73ab9cb6e67478438371ef1bae7e,aya-expanse-8b,false,,1628711,25,5128,4670,0,2,36,0,35,1,0,0,1
2026-08-14T22:29:20.157188500Z,MANIFESTO_HISTORICO,[DB]86 Part 2_-_11_(Dual Audio_10bit_BD1080p_x265)_Track6_PT-BR.ass,TRADUZIDO,,,,86 (Eighty-Six),eight_six,475723eb9e180fc07a5b0fccb6cebe8473de73ab9cb6e67478438371ef1bae7e,aya-expanse-8b,false,,1628711,25,4796,4135,0,10,8,0,8,0,0,0,0
2026-08-14T22:29:20.157188500Z,MANIFESTO_HISTORICO,[DB]86 Part 2_-_12_(Dual Audio_10bit_BD1080p_x265)_Track6_PT-BR.ass,TRADUZIDO,,,,86 (Eighty-Six),eight_six,475723eb9e180fc07a5b0fccb6cebe8473de73ab9cb6e67478438371ef1bae7e,aya-expanse-8b,false,,1628711,25,703,0,0,3,11,0,8,3,0,0,3
2026-08-14T22:29:20.157188500Z,MANIFESTO_HISTORICO,[DB]86_-_01_(Dual Audio_10bit_BD1080p_x265)_Track6_PT-BR.ass,TRADUZIDO,,,,86 (Eighty-Six),eight_six,475723eb9e180fc07a5b0fccb6cebe8473de73ab9cb6e67478438371ef1bae7e,aya-expanse-8b,false,,1628711,25,1774,254,559,3,556,0,330,226,0,0,226
2026-08-14T22:29:20.157188500Z,MANIFESTO_HISTORICO,[DB]86_-_02_(Dual Audio_10bit_BD1080p_x265)_Track6_PT-BR.ass,TRADUZIDO,,,,86 (Eighty-Six),eight_six,475723eb9e180fc07a5b0fccb6cebe8473de73ab9cb6e67478438371ef1bae7e,aya-expanse-8b,false,,1628711,25,2839,1119,550,0,595,0,365,230,0,0,230
2026-08-14T22:29:20.157188500Z,MANIFESTO_HISTORICO,[DB]86_-_03_(Dual Audio_10bit_BD1080p_x265)_Track6_PT-BR.ass,TRADUZIDO,,,,86 (Eighty-Six),eight_six,475723eb9e180fc07a5b0fccb6cebe8473de73ab9cb6e67478438371ef1bae7e,aya-expanse-8b,false,,1628711,25,2819,1119,553,0,578,0,351,227,0,0,227
2026-08-14T22:29:20.157188500Z,MANIFESTO_HISTORICO,[DB]86_-_04_(Dual Audio_10bit_BD1080p_x265)_Track6_PT-BR.ass,TRADUZIDO,,,,86 (Eighty-Six),eight_six,475723eb9e180fc07a5b0fccb6cebe8473de73ab9cb6e67478438371ef1bae7e,aya-expanse-8b,false,,1628711,25,3420,1709,558,3,599,0,374,225,0,0,225
2026-08-14T22:29:20.157188500Z,MANIFESTO_HISTORICO,[DB]86_-_05_(Dual Audio_10bit_BD1080p_x265)_Track6_PT-BR.ass,TRADUZIDO,,,,86 (Eighty-Six),eight_six,475723eb9e180fc07a5b0fccb6cebe8473de73ab9cb6e67478438371ef1bae7e,aya-expanse-8b,false,,1628711,25,2828,1119,556,0,580,0,353,227,0,0,227
2026-08-14T22:29:20.157188500Z,MANIFESTO_HISTORICO,[DB]86_-_06_(Dual Audio_10bit_BD1080p_x265)_Track6_PT-BR.ass,TRADUZIDO,,,,86 (Eighty-Six),eight_six,475723eb9e180fc07a5b0fccb6cebe8473de73ab9cb6e67478438371ef1bae7e,aya-expanse-8b,false,,1628711,25,3499,1708,555,0,608,0,381,227,0,0,227
2026-08-14T22:29:20.157188500Z,MANIFESTO_HISTORICO,[DB]86_-_06_(Dual Audio_10bit_BD1080p_x265)_Track6_PT-BR.parcial.ass,TRADUZIDO,,,,86 (Eighty-Six),eight_six,475723eb9e180fc07a5b0fccb6cebe8473de73ab9cb6e67478438371ef1bae7e,aya-expanse-8b,false,,1628711,25,3499,1708,555,0,608,0,381,227,0,0,227
2026-08-14T22:29:20.157188500Z,MANIFESTO_HISTORICO,[DB]86_-_07_(Dual Audio_10bit_BD1080p_x265)_Track6_PT-BR.ass,TRADUZIDO,,,,86 (Eighty-Six),eight_six,475723eb9e180fc07a5b0fccb6cebe8473de73ab9cb6e67478438371ef1bae7e,aya-expanse-8b,false,,1628711,25,2732,1119,550,3,589,0,359,230,0,0,230
2026-08-14T22:29:20.157188500Z,MANIFESTO_HISTORICO,[DB]86_-_08_(Dual Audio_10bit_BD1080p_x265)_Track6_PT-BR.ass,TRADUZIDO,,,,86 (Eighty-Six),eight_six,475723eb9e180fc07a5b0fccb6cebe8473de73ab9cb6e67478438371ef1bae7e,aya-expanse-8b,false,,1628711,25,3579,1708,555,0,608,0,376,232,0,0,232
2026-08-14T22:29:20.157188500Z,MANIFESTO_HISTORICO,[DB]86_-_09_(Dual Audio_10bit_BD1080p_x265)_Track6_PT-BR.ass,TRADUZIDO,,,,86 (Eighty-Six),eight_six,475723eb9e180fc07a5b0fccb6cebe8473de73ab9cb6e67478438371ef1bae7e,aya-expanse-8b,false,,1628711,25,1850,160,550,0,556,0,329,227,0,0,227
2026-08-14T22:29:20.157188500Z,MANIFESTO_HISTORICO,[DB]86_-_10_(Dual Audio_10bit_BD1080p_x265)_Track6_PT-BR.ass,TRADUZIDO,,,,86 (Eighty-Six),eight_six,475723eb9e180fc07a5b0fccb6cebe8473de73ab9cb6e67478438371ef1bae7e,aya-expanse-8b,false,,1628711,25,2029,160,550,0,559,0,331,228,0,0,228
2026-08-14T22:29:20.157188500Z,MANIFESTO_HISTORICO,[DB]86_-_11_(Dual Audio_10bit_BD1080p_x265)_Track6_PT-BR.ass,TRADUZIDO,,,,86 (Eighty-Six),eight_six,475723eb9e180fc07a5b0fccb6cebe8473de73ab9cb6e67478438371ef1bae7e,aya-expanse-8b,false,,1628711,25,2001,377,550,0,569,0,339,230,0,0,230
2026-08-14T22:29:20.157188500Z,MANIFESTO_HISTORICO,[DB]86_-_11_(Dual Audio_10bit_BD1080p_x265)_Track6_PT-BR.parcial.ass,TRADUZIDO,,,,86 (Eighty-Six),eight_six,475723eb9e180fc07a5b0fccb6cebe8473de73ab9cb6e67478438371ef1bae7e,aya-expanse-8b,false,,1628711,25,2001,377,550,0,569,0,338,231,0,0,231
2026-08-15T00:34:21.587605200Z,MANIFESTO_HISTORICO,[DB]86 Part 2_-_01_(Dual Audio_10bit_BD1080p_x265)_Track6_PT-BR.ass,TRADUZIDO,,,,86 (Eighty-Six),eight_six,475723eb9e180fc07a5b0fccb6cebe8473de73ab9cb6e67478438371ef1bae7e,aya-expanse-8b,false,,87021,23,4616,4134,0,0,9,2,7,0,0,0,0
2026-08-15T00:34:21.587605200Z,MANIFESTO_HISTORICO,[DB]86 Part 2_-_02_(Dual Audio_10bit_BD1080p_x265)_Track6_PT-BR.ass,TRADUZIDO,,,,86 (Eighty-Six),eight_six,475723eb9e180fc07a5b0fccb6cebe8473de73ab9cb6e67478438371ef1bae7e,aya-expanse-8b,false,,87021,23,5246,4670,3,2,44,14,30,0,0,0,0
2026-08-15T00:34:21.587605200Z,MANIFESTO_HISTORICO,[DB]86 Part 2_-_03_(Dual Audio_10bit_BD1080p_x265)_Track6_PT-BR.ass,TRADUZIDO,,,,86 (Eighty-Six),eight_six,475723eb9e180fc07a5b0fccb6cebe8473de73ab9cb6e67478438371ef1bae7e,aya-expanse-8b,false,,87021,23,5272,4670,3,0,41,13,28,0,0,0,0
2026-08-15T00:34:21.587605200Z,MANIFESTO_HISTORICO,[DB]86 Part 2_-_04_(Dual Audio_10bit_BD1080p_x265)_Track6_PT-BR.ass,TRADUZIDO,,,,86 (Eighty-Six),eight_six,475723eb9e180fc07a5b0fccb6cebe8473de73ab9cb6e67478438371ef1bae7e,aya-expanse-8b,false,,87021,23,5335,4670,0,1,39,13,26,0,0,0,0
2026-08-15T00:34:21.587605200Z,MANIFESTO_HISTORICO,[DB]86 Part 2_-_05_(Dual Audio_10bit_BD1080p_x265)_Track6_PT-BR.ass,TRADUZIDO,,,,86 (Eighty-Six),eight_six,475723eb9e180fc07a5b0fccb6cebe8473de73ab9cb6e67478438371ef1bae7e,aya-expanse-8b,false,,87021,23,5145,4670,0,0,39,12,27,0,0,0,0
2026-08-15T00:34:21.587605200Z,MANIFESTO_HISTORICO,[DB]86 Part 2_-_06_(Dual Audio_10bit_BD1080p_x265)_Track6_PT-BR.ass,TRADUZIDO,,,,86 (Eighty-Six),eight_six,475723eb9e180fc07a5b0fccb6cebe8473de73ab9cb6e67478438371ef1bae7e,aya-expanse-8b,false,,87021,23,5363,4670,0,0,54,16,38,0,0,0,0
2026-08-15T00:34:21.587605200Z,MANIFESTO_HISTORICO,[DB]86 Part 2_-_07_(Dual Audio_10bit_BD1080p_x265)_Track6_PT-BR.ass,TRADUZIDO,,,,86 (Eighty-Six),eight_six,475723eb9e180fc07a5b0fccb6cebe8473de73ab9cb6e67478438371ef1bae7e,aya-expanse-8b,false,,87021,23,4611,4134,0,2,11,4,7,0,0,0,0
2026-08-15T00:34:21.587605200Z,MANIFESTO_HISTORICO,[DB]86 Part 2_-_08_(Dual Audio_10bit_BD1080p_x265)_Track6_PT-BR.ass,TRADUZIDO,,,,86 (Eighty-Six),eight_six,475723eb9e180fc07a5b0fccb6cebe8473de73ab9cb6e67478438371ef1bae7e,aya-expanse-8b,false,,87021,23,5216,4670,0,3,33,11,22,0,0,0,0
2026-08-15T00:34:21.587605200Z,MANIFESTO_HISTORICO,[DB]86 Part 2_-_09_(Dual Audio_10bit_BD1080p_x265)_Track6_PT-BR.ass,TRADUZIDO,,,,86 (Eighty-Six),eight_six,475723eb9e180fc07a5b0fccb6cebe8473de73ab9cb6e67478438371ef1bae7e,aya-expanse-8b,false,,87021,23,4627,4134,0,2,9,3,6,0,0,0,0
2026-08-15T00:34:21.587605200Z,MANIFESTO_HISTORICO,[DB]86 Part 2_-_10_(Dual Audio_10bit_BD1080p_x265)_Track6_PT-BR.ass,TRADUZIDO,,,,86 (Eighty-Six),eight_six,475723eb9e180fc07a5b0fccb6cebe8473de73ab9cb6e67478438371ef1bae7e,aya-expanse-8b,false,,87021,23,5128,4670,0,2,36,12,24,0,0,0,0
2026-08-15T00:34:21.587605200Z,MANIFESTO_HISTORICO,[DB]86 Part 2_-_11_(Dual Audio_10bit_BD1080p_x265)_Track6_PT-BR.ass,TRADUZIDO,,,,86 (Eighty-Six),eight_six,475723eb9e180fc07a5b0fccb6cebe8473de73ab9cb6e67478438371ef1bae7e,aya-expanse-8b,false,,87021,23,4796,4135,0,10,8,1,7,0,0,0,0
2026-08-15T00:34:21.587605200Z,MANIFESTO_HISTORICO,[DB]86 Part 2_-_12_(Dual Audio_10bit_BD1080p_x265)_Track6_PT-BR.ass,TRADUZIDO,,,,86 (Eighty-Six),eight_six,475723eb9e180fc07a5b0fccb6cebe8473de73ab9cb6e67478438371ef1bae7e,aya-expanse-8b,false,,87021,23,703,0,0,3,11,3,8,0,0,0,0
2026-08-15T00:34:21.587605200Z,MANIFESTO_HISTORICO,[DB]86_-_01_(Dual Audio_10bit_BD1080p_x265)_Track6_PT-BR.ass,TRADUZIDO,,,,86 (Eighty-Six),eight_six,475723eb9e180fc07a5b0fccb6cebe8473de73ab9cb6e67478438371ef1bae7e,aya-expanse-8b,false,,87021,23,1774,254,559,3,556,3,553,0,0,0,0
2026-08-15T00:34:21.587605200Z,MANIFESTO_HISTORICO,[DB]86_-_02_(Dual Audio_10bit_BD1080p_x265)_Track6_PT-BR.ass,TRADUZIDO,,,,86 (Eighty-Six),eight_six,475723eb9e180fc07a5b0fccb6cebe8473de73ab9cb6e67478438371ef1bae7e,aya-expanse-8b,false,,87021,23,2839,1119,550,1,595,13,581,1,0,0,1
2026-08-15T00:34:21.587605200Z,MANIFESTO_HISTORICO,[DB]86_-_03_(Dual Audio_10bit_BD1080p_x265)_Track6_PT-BR.ass,TRADUZIDO,,,,86 (Eighty-Six),eight_six,475723eb9e180fc07a5b0fccb6cebe8473de73ab9cb6e67478438371ef1bae7e,aya-expanse-8b,false,,87021,23,2819,1119,553,0,578,11,567,0,0,0,0
2026-08-15T00:34:21.587605200Z,MANIFESTO_HISTORICO,[DB]86_-_04_(Dual Audio_10bit_BD1080p_x265)_Track6_PT-BR.ass,TRADUZIDO,,,,86 (Eighty-Six),eight_six,475723eb9e180fc07a5b0fccb6cebe8473de73ab9cb6e67478438371ef1bae7e,aya-expanse-8b,false,,87021,23,3420,1709,558,3,599,18,581,0,0,0,0
2026-08-15T00:34:21.587605200Z,MANIFESTO_HISTORICO,[DB]86_-_05_(Dual Audio_10bit_BD1080p_x265)_Track6_PT-BR.ass,TRADUZIDO,,,,86 (Eighty-Six),eight_six,475723eb9e180fc07a5b0fccb6cebe8473de73ab9cb6e67478438371ef1bae7e,aya-expanse-8b,false,,87021,23,2828,1119,556,0,580,11,568,1,0,0,1
2026-08-15T00:34:21.587605200Z,MANIFESTO_HISTORICO,[DB]86_-_06_(Dual Audio_10bit_BD1080p_x265)_Track6_PT-BR.ass,TRADUZIDO,,,,86 (Eighty-Six),eight_six,475723eb9e180fc07a5b0fccb6cebe8473de73ab9cb6e67478438371ef1bae7e,aya-expanse-8b,false,,87021,23,3499,1708,555,0,608,21,587,0,0,0,0
2026-08-15T00:34:21.587605200Z,MANIFESTO_HISTORICO,[DB]86_-_07_(Dual Audio_10bit_BD1080p_x265)_Track6_PT-BR.ass,TRADUZIDO,,,,86 (Eighty-Six),eight_six,475723eb9e180fc07a5b0fccb6cebe8473de73ab9cb6e67478438371ef1bae7e,aya-expanse-8b,false,,87021,23,2732,1119,550,3,589,13,576,0,0,0,0
2026-08-15T00:34:21.587605200Z,MANIFESTO_HISTORICO,[DB]86_-_08_(Dual Audio_10bit_BD1080p_x265)_Track6_PT-BR.ass,TRADUZIDO,,,,86 (Eighty-Six),eight_six,475723eb9e180fc07a5b0fccb6cebe8473de73ab9cb6e67478438371ef1bae7e,aya-expanse-8b,false,,87021,23,3579,1708,555,0,608,21,587,0,0,0,0
2026-08-15T00:34:21.587605200Z,MANIFESTO_HISTORICO,[DB]86_-_09_(Dual Audio_10bit_BD1080p_x265)_Track6_PT-BR.ass,TRADUZIDO,,,,86 (Eighty-Six),eight_six,475723eb9e180fc07a5b0fccb6cebe8473de73ab9cb6e67478438371ef1bae7e,aya-expanse-8b,false,,87021,23,1850,160,550,0,556,3,553,0,0,0,0
2026-08-15T00:34:21.587605200Z,MANIFESTO_HISTORICO,[DB]86_-_10_(Dual Audio_10bit_BD1080p_x265)_Track6_PT-BR.ass,TRADUZIDO,,,,86 (Eighty-Six),eight_six,475723eb9e180fc07a5b0fccb6cebe8473de73ab9cb6e67478438371ef1bae7e,aya-expanse-8b,false,,87021,23,2029,160,550,0,559,5,554,0,0,0,0
2026-08-15T00:34:21.587605200Z,MANIFESTO_HISTORICO,[DB]86_-_11_(Dual Audio_10bit_BD1080p_x265)_Track6_PT-BR.ass,TRADUZIDO,,,,86 (Eighty-Six),eight_six,475723eb9e180fc07a5b0fccb6cebe8473de73ab9cb6e67478438371ef1bae7e,aya-expanse-8b,false,,87021,23,2001,377,550,0,569,11,554,4,0,0,4
2026-08-20T15:30:17.363632100Z,EXECUCAO,[DB]86_-_01_(Dual Audio_10bit_BD1080p_x265)_Track6_PT-BR.ass,TRADUZIDO,,COMPLETA,,86 (Eighty-Six),eight_six,475723eb9e180fc07a5b0fccb6cebe8473de73ab9cb6e67478438371ef1bae7e,aya-expanse-8b,false,DISPONIVEL,21805,11,1774,160,550,0,550,9,541,0,100,6,0
2026-08-20T15:30:17.363632100Z,EXECUCAO,[DB]86_-_02_(Dual Audio_10bit_BD1080p_x265)_Track6_PT-BR.ass,TRADUZIDO,,COMPLETA,,86 (Eighty-Six),eight_six,475723eb9e180fc07a5b0fccb6cebe8473de73ab9cb6e67478438371ef1bae7e,aya-expanse-8b,false,DISPONIVEL,21805,11,2839,1119,550,0,571,15,556,0,150,24,0
2026-08-20T15:30:17.363632100Z,EXECUCAO,[DB]86_-_03_(Dual Audio_10bit_BD1080p_x265)_Track6_PT-BR.ass,TRADUZIDO,,COMPLETA,,86 (Eighty-Six),eight_six,475723eb9e180fc07a5b0fccb6cebe8473de73ab9cb6e67478438371ef1bae7e,aya-expanse-8b,false,DISPONIVEL,21805,11,2819,1119,550,0,571,16,555,0,100,6,0
2026-08-20T15:30:17.363632100Z,EXECUCAO,[DB]86_-_04_(Dual Audio_10bit_BD1080p_x265)_Track6_PT-BR.ass,TRADUZIDO,,COMPLETA,,86 (Eighty-Six),eight_six,475723eb9e180fc07a5b0fccb6cebe8473de73ab9cb6e67478438371ef1bae7e,aya-expanse-8b,false,DISPONIVEL,21805,11,3420,1708,555,0,593,24,569,0,109,5,0
2026-08-20T15:30:17.363632100Z,EXECUCAO,[DB]86_-_05_(Dual Audio_10bit_BD1080p_x265)_Track6_PT-BR.ass,TRADUZIDO,,COMPLETA,,86 (Eighty-Six),eight_six,475723eb9e180fc07a5b0fccb6cebe8473de73ab9cb6e67478438371ef1bae7e,aya-expanse-8b,false,DISPONIVEL,21805,11,2828,1119,550,0,571,15,556,0,150,9,0
2026-08-20T15:30:17.363632100Z,EXECUCAO,[DB]86_-_06_(Dual Audio_10bit_BD1080p_x265)_Track6_PT-BR.ass,TRADUZIDO,,COMPLETA,,86 (Eighty-Six),eight_six,475723eb9e180fc07a5b0fccb6cebe8473de73ab9cb6e67478438371ef1bae7e,aya-expanse-8b,false,DISPONIVEL,21805,11,3499,1708,555,0,593,24,569,0,159,15,0
2026-08-20T15:30:17.363632100Z,EXECUCAO,[DB]86_-_07_(Dual Audio_10bit_BD1080p_x265)_Track6_PT-BR.ass,TRADUZIDO,,COMPLETA,,86 (Eighty-Six),eight_six,475723eb9e180fc07a5b0fccb6cebe8473de73ab9cb6e67478438371ef1bae7e,aya-expanse-8b,false,DISPONIVEL,21805,11,2732,1119,550,0,571,16,555,0,100,18,0
2026-08-20T15:30:17.363632100Z,EXECUCAO,[DB]86_-_08_(Dual Audio_10bit_BD1080p_x265)_Track6_PT-BR.ass,TRADUZIDO,,COMPLETA,,86 (Eighty-Six),eight_six,475723eb9e180fc07a5b0fccb6cebe8473de73ab9cb6e67478438371ef1bae7e,aya-expanse-8b,false,DISPONIVEL,21805,11,3579,1708,555,0,593,24,569,0,159,15,0
2026-08-20T15:30:17.363632100Z,EXECUCAO,[DB]86_-_09_(Dual Audio_10bit_BD1080p_x265)_Track6_PT-BR.ass,TRADUZIDO,,COMPLETA,,86 (Eighty-Six),eight_six,475723eb9e180fc07a5b0fccb6cebe8473de73ab9cb6e67478438371ef1bae7e,aya-expanse-8b,false,DISPONIVEL,21805,11,1850,160,550,0,550,9,541,0,150,6,0
2026-08-20T15:30:17.363632100Z,EXECUCAO,[DB]86_-_10_(Dual Audio_10bit_BD1080p_x265)_Track6_PT-BR.ass,TRADUZIDO,,COMPLETA,,86 (Eighty-Six),eight_six,475723eb9e180fc07a5b0fccb6cebe8473de73ab9cb6e67478438371ef1bae7e,aya-expanse-8b,false,DISPONIVEL,21805,11,2029,160,550,0,550,9,541,0,150,9,0
2026-08-20T15:30:17.363632100Z,EXECUCAO,[DB]86_-_11_(Dual Audio_10bit_BD1080p_x265)_Track6_PT-BR.ass,TRADUZIDO,,COMPLETA,,86 (Eighty-Six),eight_six,475723eb9e180fc07a5b0fccb6cebe8473de73ab9cb6e67478438371ef1bae7e,aya-expanse-8b,false,DISPONIVEL,21805,11,2001,160,550,0,550,9,541,0,150,15,0
2026-08-20T15:32:15.178298400Z,EXECUCAO,[DB]86 Part 2_-_01_(Dual Audio_10bit_BD1080p_x265)_Track6_PT-BR.ass,TRADUZIDO,,COMPLETA,,86 (Eighty-Six),eight_six,475723eb9e180fc07a5b0fccb6cebe8473de73ab9cb6e67478438371ef1bae7e,aya-expanse-8b,false,DISPONIVEL,6379,12,4616,4134,0,0,0,0,0,0,0,9,0
2026-08-20T15:32:15.178298400Z,EXECUCAO,[DB]86 Part 2_-_02_(Dual Audio_10bit_BD1080p_x265)_Track6_PT-BR.ass,TRADUZIDO,,COMPLETA,,86 (Eighty-Six),eight_six,475723eb9e180fc07a5b0fccb6cebe8473de73ab9cb6e67478438371ef1bae7e,aya-expanse-8b,false,DISPONIVEL,6379,12,5246,4670,0,0,33,11,22,0,3,11,0
2026-08-20T15:32:15.178298400Z,EXECUCAO,[DB]86 Part 2_-_03_(Dual Audio_10bit_BD1080p_x265)_Track6_PT-BR.ass,TRADUZIDO,,COMPLETA,,86 (Eighty-Six),eight_six,475723eb9e180fc07a5b0fccb6cebe8473de73ab9cb6e67478438371ef1bae7e,aya-expanse-8b,false,DISPONIVEL,6379,12,5272,4670,0,0,33,11,22,0,3,8,0
2026-08-20T15:32:15.178298400Z,EXECUCAO,[DB]86 Part 2_-_04_(Dual Audio_10bit_BD1080p_x265)_Track6_PT-BR.ass,TRADUZIDO,,COMPLETA,,86 (Eighty-Six),eight_six,475723eb9e180fc07a5b0fccb6cebe8473de73ab9cb6e67478438371ef1bae7e,aya-expanse-8b,false,DISPONIVEL,6379,12,5335,4670,0,0,33,11,22,0,3,6,0
2026-08-20T15:32:15.178298400Z,EXECUCAO,[DB]86 Part 2_-_05_(Dual Audio_10bit_BD1080p_x265)_Track6_PT-BR.ass,TRADUZIDO,,COMPLETA,,86 (Eighty-Six),eight_six,475723eb9e180fc07a5b0fccb6cebe8473de73ab9cb6e67478438371ef1bae7e,aya-expanse-8b,false,DISPONIVEL,6379,12,5145,4670,0,0,33,11,22,0,6,6,0
2026-08-20T15:32:15.178298400Z,EXECUCAO,[DB]86 Part 2_-_06_(Dual Audio_10bit_BD1080p_x265)_Track6_PT-BR.ass,TRADUZIDO,,COMPLETA,,86 (Eighty-Six),eight_six,475723eb9e180fc07a5b0fccb6cebe8473de73ab9cb6e67478438371ef1bae7e,aya-expanse-8b,false,DISPONIVEL,6379,12,5363,4670,0,0,33,11,22,0,3,21,0
2026-08-20T15:32:15.178298400Z,EXECUCAO,[DB]86 Part 2_-_07_(Dual Audio_10bit_BD1080p_x265)_Track6_PT-BR.ass,TRADUZIDO,,COMPLETA,,86 (Eighty-Six),eight_six,475723eb9e180fc07a5b0fccb6cebe8473de73ab9cb6e67478438371ef1bae7e,aya-expanse-8b,false,DISPONIVEL,6379,12,4611,4134,0,0,0,0,0,0,0,11,0
2026-08-20T15:32:15.178298400Z,EXECUCAO,[DB]86 Part 2_-_08_(Dual Audio_10bit_BD1080p_x265)_Track6_PT-BR.ass,TRADUZIDO,,COMPLETA,,86 (Eighty-Six),eight_six,475723eb9e180fc07a5b0fccb6cebe8473de73ab9cb6e67478438371ef1bae7e,aya-expanse-8b,false,DISPONIVEL,6379,12,5216,4670,0,0,33,11,22,0,3,0,0
2026-08-20T15:32:15.178298400Z,EXECUCAO,[DB]86 Part 2_-_09_(Dual Audio_10bit_BD1080p_x265)_Track6_PT-BR.ass,TRADUZIDO,,COMPLETA,,86 (Eighty-Six),eight_six,475723eb9e180fc07a5b0fccb6cebe8473de73ab9cb6e67478438371ef1bae7e,aya-expanse-8b,false,DISPONIVEL,6379,12,4627,4134,0,0,0,0,0,0,0,9,0
2026-08-20T15:32:15.178298400Z,EXECUCAO,[DB]86 Part 2_-_10_(Dual Audio_10bit_BD1080p_x265)_Track6_PT-BR.ass,TRADUZIDO,,COMPLETA,,86 (Eighty-Six),eight_six,475723eb9e180fc07a5b0fccb6cebe8473de73ab9cb6e67478438371ef1bae7e,aya-expanse-8b,false,DISPONIVEL,6379,12,5128,4670,0,0,33,11,22,0,3,3,0
2026-08-20T15:32:15.178298400Z,EXECUCAO,[DB]86 Part 2_-_11_(Dual Audio_10bit_BD1080p_x265)_Track6_PT-BR.ass,TRADUZIDO,,COMPLETA,,86 (Eighty-Six),eight_six,475723eb9e180fc07a5b0fccb6cebe8473de73ab9cb6e67478438371ef1bae7e,aya-expanse-8b,false,DISPONIVEL,6379,12,4796,4135,0,0,0,0,0,0,0,8,0
2026-08-20T15:32:15.178298400Z,EXECUCAO,[DB]86 Part 2_-_12_(Dual Audio_10bit_BD1080p_x265)_Track6_PT-BR.ass,TRADUZIDO,,COMPLETA,,86 (Eighty-Six),eight_six,475723eb9e180fc07a5b0fccb6cebe8473de73ab9cb6e67478438371ef1bae7e,aya-expanse-8b,false,DISPONIVEL,6379,12,703,0,0,0,0,0,0,0,0,11,0
2026-08-20T19:24:12.377046800Z,EXECUCAO,Mobile Suit Zeta Gundam - S01E01_Track2_PT-BR.ass,TRADUZIDO,,COMPLETA,,Mobile Suit Zeta Gundam,gundam_zeta,cc81b4ba215df0095772e9f086d9d2286acef347100cc47a13712fb762842cad,aya-expanse-8b,false,DISPONIVEL,247471,50,592,0,50,0,36,0,36,0,4,0,0
2026-08-20T19:24:12.377046800Z,EXECUCAO,Mobile Suit Zeta Gundam - S01E02_Track2_PT-BR.ass,TRADUZIDO,,COMPLETA,,Mobile Suit Zeta Gundam,gundam_zeta,cc81b4ba215df0095772e9f086d9d2286acef347100cc47a13712fb762842cad,aya-expanse-8b,false,DISPONIVEL,247471,50,685,0,50,0,36,0,36,0,4,0,0
2026-08-20T19:24:12.377046800Z,EXECUCAO,Mobile Suit Zeta Gundam - S01E03_Track2_PT-BR.ass,TRADUZIDO,,COMPLETA,,Mobile Suit Zeta Gundam,gundam_zeta,cc81b4ba215df0095772e9f086d9d2286acef347100cc47a13712fb762842cad,aya-expanse-8b,false,DISPONIVEL,247471,50,739,0,50,0,36,0,36,0,4,0,0
2026-08-20T19:24:12.377046800Z,EXECUCAO,Mobile Suit Zeta Gundam - S01E04_Track2_PT-BR.ass,TRADUZIDO,,COMPLETA,,Mobile Suit Zeta Gundam,gundam_zeta,cc81b4ba215df0095772e9f086d9d2286acef347100cc47a13712fb762842cad,aya-expanse-8b,false,DISPONIVEL,247471,50,701,0,50,0,36,0,36,0,4,0,0
2026-08-20T19:24:12.377046800Z,EXECUCAO,Mobile Suit Zeta Gundam - S01E05_Track2_PT-BR.ass,TRADUZIDO,,COMPLETA,,Mobile Suit Zeta Gundam,gundam_zeta,cc81b4ba215df0095772e9f086d9d2286acef347100cc47a13712fb762842cad,aya-expanse-8b,false,DISPONIVEL,247471,50,691,0,50,0,36,0,36,0,4,0,0
2026-08-20T19:24:12.377046800Z,EXECUCAO,Mobile Suit Zeta Gundam - S01E06_Track2_PT-BR.ass,TRADUZIDO,,COMPLETA,,Mobile Suit Zeta Gundam,gundam_zeta,cc81b4ba215df0095772e9f086d9d2286acef347100cc47a13712fb762842cad,aya-expanse-8b,false,DISPONIVEL,247471,50,726,0,50,0,36,0,36,0,2,0,0
2026-08-20T19:24:12.377046800Z,EXECUCAO,Mobile Suit Zeta Gundam - S01E07_Track2_PT-BR.ass,TRADUZIDO,,COMPLETA,,Mobile Suit Zeta Gundam,gundam_zeta,cc81b4ba215df0095772e9f086d9d2286acef347100cc47a13712fb762842cad,aya-expanse-8b,false,DISPONIVEL,247471,50,685,0,50,0,36,0,36,0,4,0,0
2026-08-20T19:24:12.377046800Z,EXECUCAO,Mobile Suit Zeta Gundam - S01E08_Track2_PT-BR.ass,TRADUZIDO,,COMPLETA,,Mobile Suit Zeta Gundam,gundam_zeta,cc81b4ba215df0095772e9f086d9d2286acef347100cc47a13712fb762842cad,aya-expanse-8b,false,DISPONIVEL,247471,50,676,0,50,0,36,0,36,0,6,0,0
2026-08-20T19:24:12.377046800Z,EXECUCAO,Mobile Suit Zeta Gundam - S01E09_Track2_PT-BR.ass,TRADUZIDO,,COMPLETA,,Mobile Suit Zeta Gundam,gundam_zeta,cc81b4ba215df0095772e9f086d9d2286acef347100cc47a13712fb762842cad,aya-expanse-8b,false,DISPONIVEL,247471,50,731,0,50,0,36,0,36,0,6,0,0
2026-08-20T19:24:12.377046800Z,EXECUCAO,Mobile Suit Zeta Gundam - S01E10_Track2_PT-BR.ass,TRADUZIDO,,COMPLETA,,Mobile Suit Zeta Gundam,gundam_zeta,cc81b4ba215df0095772e9f086d9d2286acef347100cc47a13712fb762842cad,aya-expanse-8b,false,DISPONIVEL,247471,50,691,0,50,0,36,0,36,0,6,0,0
2026-08-20T19:24:12.377046800Z,EXECUCAO,Mobile Suit Zeta Gundam - S01E11_Track2_PT-BR.ass,TRADUZIDO,,COMPLETA,,Mobile Suit Zeta Gundam,gundam_zeta,cc81b4ba215df0095772e9f086d9d2286acef347100cc47a13712fb762842cad,aya-expanse-8b,false,DISPONIVEL,247471,50,746,0,50,0,36,0,36,0,4,0,0
2026-08-20T19:24:12.377046800Z,EXECUCAO,Mobile Suit Zeta Gundam - S01E12_Track2_PT-BR.ass,TRADUZIDO,,COMPLETA,,Mobile Suit Zeta Gundam,gundam_zeta,cc81b4ba215df0095772e9f086d9d2286acef347100cc47a13712fb762842cad,aya-expanse-8b,false,DISPONIVEL,247471,50,685,0,50,0,36,0,36,0,4,0,0
2026-08-20T19:24:12.377046800Z,EXECUCAO,Mobile Suit Zeta Gundam - S01E13_Track2_PT-BR.ass,TRADUZIDO,,COMPLETA,,Mobile Suit Zeta Gundam,gundam_zeta,cc81b4ba215df0095772e9f086d9d2286acef347100cc47a13712fb762842cad,aya-expanse-8b,false,DISPONIVEL,247471,50,735,0,50,0,40,0,40,0,5,0,0
2026-08-20T19:24:12.377046800Z,EXECUCAO,Mobile Suit Zeta Gundam - S01E14_Track2_PT-BR.ass,TRADUZIDO,,COMPLETA,,Mobile Suit Zeta Gundam,gundam_zeta,cc81b4ba215df0095772e9f086d9d2286acef347100cc47a13712fb762842cad,aya-expanse-8b,false,DISPONIVEL,247471,50,660,0,50,0,36,0,36,0,4,0,0
2026-08-20T19:24:12.377046800Z,EXECUCAO,Mobile Suit Zeta Gundam - S01E15_Track2_PT-BR.ass,TRADUZIDO,,COMPLETA,,Mobile Suit Zeta Gundam,gundam_zeta,cc81b4ba215df0095772e9f086d9d2286acef347100cc47a13712fb762842cad,aya-expanse-8b,false,DISPONIVEL,247471,50,738,0,50,0,36,0,36,0,2,0,0
2026-08-20T19:24:12.377046800Z,EXECUCAO,Mobile Suit Zeta Gundam - S01E16_Track2_PT-BR.ass,TRADUZIDO,,COMPLETA,,Mobile Suit Zeta Gundam,gundam_zeta,cc81b4ba215df0095772e9f086d9d2286acef347100cc47a13712fb762842cad,aya-expanse-8b,false,DISPONIVEL,247471,50,764,0,50,0,36,0,36,0,6,0,0
2026-08-20T19:24:12.377046800Z,EXECUCAO,Mobile Suit Zeta Gundam - S01E17_Track2_PT-BR.ass,TRADUZIDO,,COMPLETA,,Mobile Suit Zeta Gundam,gundam_zeta,cc81b4ba215df0095772e9f086d9d2286acef347100cc47a13712fb762842cad,aya-expanse-8b,false,DISPONIVEL,247471,50,715,0,50,0,36,0,36,0,4,0,0
2026-08-20T19:24:12.377046800Z,EXECUCAO,Mobile Suit Zeta Gundam - S01E18_Track2_PT-BR.ass,TRADUZIDO,,COMPLETA,,Mobile Suit Zeta Gundam,gundam_zeta,cc81b4ba215df0095772e9f086d9d2286acef347100cc47a13712fb762842cad,aya-expanse-8b,false,DISPONIVEL,247471,50,768,0,50,0,36,0,36,0,2,0,0
2026-08-20T19:24:12.377046800Z,EXECUCAO,Mobile Suit Zeta Gundam - S01E19_Track2_PT-BR.ass,TRADUZIDO,,COMPLETA,,Mobile Suit Zeta Gundam,gundam_zeta,cc81b4ba215df0095772e9f086d9d2286acef347100cc47a13712fb762842cad,aya-expanse-8b,false,DISPONIVEL,247471,50,704,0,50,0,36,0,36,0,6,0,0
2026-08-20T19:24:12.377046800Z,EXECUCAO,Mobile Suit Zeta Gundam - S01E20_Track2_PT-BR.ass,TRADUZIDO,,COMPLETA,,Mobile Suit Zeta Gundam,gundam_zeta,cc81b4ba215df0095772e9f086d9d2286acef347100cc47a13712fb762842cad,aya-expanse-8b,false,DISPONIVEL,247471,50,739,0,50,0,36,0,36,0,4,0,0
2026-08-20T19:24:12.377046800Z,EXECUCAO,Mobile Suit Zeta Gundam - S01E21_Track2_PT-BR.ass,TRADUZIDO,,COMPLETA,,Mobile Suit Zeta Gundam,gundam_zeta,cc81b4ba215df0095772e9f086d9d2286acef347100cc47a13712fb762842cad,aya-expanse-8b,false,DISPONIVEL,247471,50,734,0,50,0,36,0,36,0,4,0,0
2026-08-20T19:24:12.377046800Z,EXECUCAO,Mobile Suit Zeta Gundam - S01E22_Track2_PT-BR.ass,TRADUZIDO,,COMPLETA,,Mobile Suit Zeta Gundam,gundam_zeta,cc81b4ba215df0095772e9f086d9d2286acef347100cc47a13712fb762842cad,aya-expanse-8b,false,DISPONIVEL,247471,50,759,0,50,0,36,0,36,0,4,0,0
2026-08-20T19:24:12.377046800Z,EXECUCAO,Mobile Suit Zeta Gundam - S01E23_Track2_PT-BR.ass,TRADUZIDO,,COMPLETA,,Mobile Suit Zeta Gundam,gundam_zeta,cc81b4ba215df0095772e9f086d9d2286acef347100cc47a13712fb762842cad,aya-expanse-8b,false,DISPONIVEL,247471,50,764,0,50,0,36,0,36,0,2,0,0
2026-08-20T19:24:12.377046800Z,EXECUCAO,Mobile Suit Zeta Gundam - S01E24_Track2_PT-BR.ass,TRADUZIDO,,COMPLETA,,Mobile Suit Zeta Gundam,gundam_zeta,cc81b4ba215df0095772e9f086d9d2286acef347100cc47a13712fb762842cad,aya-expanse-8b,false,DISPONIVEL,247471,50,439,0,40,0,38,0,38,0,4,0,0
2026-08-20T19:24:12.377046800Z,EXECUCAO,Mobile Suit Zeta Gundam - S01E25_Track2_PT-BR.ass,TRADUZIDO,,COMPLETA,,Mobile Suit Zeta Gundam,gundam_zeta,cc81b4ba215df0095772e9f086d9d2286acef347100cc47a13712fb762842cad,aya-expanse-8b,false,DISPONIVEL,247471,50,446,0,40,0,38,0,38,0,6,0,0
2026-08-20T19:24:12.377046800Z,EXECUCAO,Mobile Suit Zeta Gundam - S01E26_Track2_PT-BR.ass,TRADUZIDO,,COMPLETA,,Mobile Suit Zeta Gundam,gundam_zeta,cc81b4ba215df0095772e9f086d9d2286acef347100cc47a13712fb762842cad,aya-expanse-8b,false,DISPONIVEL,247471,50,438,0,40,0,38,0,38,0,8,0,0
2026-08-20T19:24:12.377046800Z,EXECUCAO,Mobile Suit Zeta Gundam - S01E27_Track2_PT-BR.ass,TRADUZIDO,,COMPLETA,,Mobile Suit Zeta Gundam,gundam_zeta,cc81b4ba215df0095772e9f086d9d2286acef347100cc47a13712fb762842cad,aya-expanse-8b,false,DISPONIVEL,247471,50,457,0,40,0,38,0,38,0,6,0,0
2026-08-20T19:24:12.377046800Z,EXECUCAO,Mobile Suit Zeta Gundam - S01E28_Track2_PT-BR.ass,TRADUZIDO,,COMPLETA,,Mobile Suit Zeta Gundam,gundam_zeta,cc81b4ba215df0095772e9f086d9d2286acef347100cc47a13712fb762842cad,aya-expanse-8b,false,DISPONIVEL,247471,50,451,0,40,0,38,0,38,0,8,0,0
2026-08-20T19:24:12.377046800Z,EXECUCAO,Mobile Suit Zeta Gundam - S01E29_Track2_PT-BR.ass,TRADUZIDO,,COMPLETA,,Mobile Suit Zeta Gundam,gundam_zeta,cc81b4ba215df0095772e9f086d9d2286acef347100cc47a13712fb762842cad,aya-expanse-8b,false,DISPONIVEL,247471,50,472,0,40,0,38,0,38,0,6,0,0
2026-08-20T19:24:12.377046800Z,EXECUCAO,Mobile Suit Zeta Gundam - S01E30_Track2_PT-BR.ass,TRADUZIDO,,COMPLETA,,Mobile Suit Zeta Gundam,gundam_zeta,cc81b4ba215df0095772e9f086d9d2286acef347100cc47a13712fb762842cad,aya-expanse-8b,false,DISPONIVEL,247471,50,374,0,40,0,38,0,38,0,8,0,0
2026-08-20T19:24:12.377046800Z,EXECUCAO,Mobile Suit Zeta Gundam - S01E31_Track2_PT-BR.ass,TRADUZIDO,,COMPLETA,,Mobile Suit Zeta Gundam,gundam_zeta,cc81b4ba215df0095772e9f086d9d2286acef347100cc47a13712fb762842cad,aya-expanse-8b,false,DISPONIVEL,247471,50,422,0,40,0,38,0,38,0,4,0,0
2026-08-20T19:24:12.377046800Z,EXECUCAO,Mobile Suit Zeta Gundam - S01E32_Track2_PT-BR.ass,TRADUZIDO,,COMPLETA,,Mobile Suit Zeta Gundam,gundam_zeta,cc81b4ba215df0095772e9f086d9d2286acef347100cc47a13712fb762842cad,aya-expanse-8b,false,DISPONIVEL,247471,50,427,0,40,0,38,0,38,0,10,0,0
2026-08-20T19:24:12.377046800Z,EXECUCAO,Mobile Suit Zeta Gundam - S01E33_Track2_PT-BR.ass,TRADUZIDO,,COMPLETA,,Mobile Suit Zeta Gundam,gundam_zeta,cc81b4ba215df0095772e9f086d9d2286acef347100cc47a13712fb762842cad,aya-expanse-8b,false,DISPONIVEL,247471,50,416,0,40,0,38,0,38,0,6,0,0
2026-08-20T19:24:12.377046800Z,EXECUCAO,Mobile Suit Zeta Gundam - S01E34_Track2_PT-BR.ass,TRADUZIDO,,COMPLETA,,Mobile Suit Zeta Gundam,gundam_zeta,cc81b4ba215df0095772e9f086d9d2286acef347100cc47a13712fb762842cad,aya-expanse-8b,false,DISPONIVEL,247471,50,433,0,40,0,38,0,38,0,10,0,0
2026-08-20T19:24:12.377046800Z,EXECUCAO,Mobile Suit Zeta Gundam - S01E35_Track2_PT-BR.ass,TRADUZIDO,,COMPLETA,,Mobile Suit Zeta Gundam,gundam_zeta,cc81b4ba215df0095772e9f086d9d2286acef347100cc47a13712fb762842cad,aya-expanse-8b,false,DISPONIVEL,247471,50,415,0,40,0,38,0,38,0,6,0,0
2026-08-20T19:24:12.377046800Z,EXECUCAO,Mobile Suit Zeta Gundam - S01E36_Track2_PT-BR.ass,TRADUZIDO,,COMPLETA,,Mobile Suit Zeta Gundam,gundam_zeta,cc81b4ba215df0095772e9f086d9d2286acef347100cc47a13712fb762842cad,aya-expanse-8b,false,DISPONIVEL,247471,50,394,0,40,0,38,0,38,0,6,0,0
2026-08-20T19:24:12.377046800Z,EXECUCAO,Mobile Suit Zeta Gundam - S01E37_Track2_PT-BR.ass,TRADUZIDO,,COMPLETA,,Mobile Suit Zeta Gundam,gundam_zeta,cc81b4ba215df0095772e9f086d9d2286acef347100cc47a13712fb762842cad,aya-expanse-8b,false,DISPONIVEL,247471,50,456,0,40,0,38,0,38,0,8,0,0
2026-08-20T19:24:12.377046800Z,EXECUCAO,Mobile Suit Zeta Gundam - S01E38_Track2_PT-BR.ass,TRADUZIDO,,COMPLETA,,Mobile Suit Zeta Gundam,gundam_zeta,cc81b4ba215df0095772e9f086d9d2286acef347100cc47a13712fb762842cad,aya-expanse-8b,false,DISPONIVEL,247471,50,461,0,40,0,38,0,38,0,6,0,0
2026-08-20T19:24:12.377046800Z,EXECUCAO,Mobile Suit Zeta Gundam - S01E39_Track2_PT-BR.ass,TRADUZIDO,,COMPLETA,,Mobile Suit Zeta Gundam,gundam_zeta,cc81b4ba215df0095772e9f086d9d2286acef347100cc47a13712fb762842cad,aya-expanse-8b,false,DISPONIVEL,247471,50,471,0,40,0,38,0,38,0,6,0,0
2026-08-20T19:24:12.377046800Z,EXECUCAO,Mobile Suit Zeta Gundam - S01E40_Track2_PT-BR.ass,TRADUZIDO,,COMPLETA,,Mobile Suit Zeta Gundam,gundam_zeta,cc81b4ba215df0095772e9f086d9d2286acef347100cc47a13712fb762842cad,aya-expanse-8b,false,DISPONIVEL,247471,50,458,0,40,0,38,0,38,0,8,0,0
2026-08-20T19:24:12.377046800Z,EXECUCAO,Mobile Suit Zeta Gundam - S01E41_Track2_PT-BR.ass,TRADUZIDO,,COMPLETA,,Mobile Suit Zeta Gundam,gundam_zeta,cc81b4ba215df0095772e9f086d9d2286acef347100cc47a13712fb762842cad,aya-expanse-8b,false,DISPONIVEL,247471,50,487,0,40,0,38,0,38,0,8,0,0
2026-08-20T19:24:12.377046800Z,EXECUCAO,Mobile Suit Zeta Gundam - S01E42_Track2_PT-BR.ass,TRADUZIDO,,COMPLETA,,Mobile Suit Zeta Gundam,gundam_zeta,cc81b4ba215df0095772e9f086d9d2286acef347100cc47a13712fb762842cad,aya-expanse-8b,false,DISPONIVEL,247471,50,392,0,40,0,38,0,38,0,8,0,0
2026-08-20T19:24:12.377046800Z,EXECUCAO,Mobile Suit Zeta Gundam - S01E43_Track2_PT-BR.ass,TRADUZIDO,,COMPLETA,,Mobile Suit Zeta Gundam,gundam_zeta,cc81b4ba215df0095772e9f086d9d2286acef347100cc47a13712fb762842cad,aya-expanse-8b,false,DISPONIVEL,247471,50,400,0,40,0,38,0,38,0,8,0,0
2026-08-20T19:24:12.377046800Z,EXECUCAO,Mobile Suit Zeta Gundam - S01E44_Track2_PT-BR.ass,TRADUZIDO,,COMPLETA,,Mobile Suit Zeta Gundam,gundam_zeta,cc81b4ba215df0095772e9f086d9d2286acef347100cc47a13712fb762842cad,aya-expanse-8b,false,DISPONIVEL,247471,50,453,0,40,0,38,0,38,0,8,0,0
2026-08-20T19:24:12.377046800Z,EXECUCAO,Mobile Suit Zeta Gundam - S01E45_Track2_PT-BR.ass,TRADUZIDO,,COMPLETA,,Mobile Suit Zeta Gundam,gundam_zeta,cc81b4ba215df0095772e9f086d9d2286acef347100cc47a13712fb762842cad,aya-expanse-8b,false,DISPONIVEL,247471,50,386,0,40,0,38,0,38,0,8,0,0
2026-08-20T19:24:12.377046800Z,EXECUCAO,Mobile Suit Zeta Gundam - S01E46_Track2_PT-BR.ass,TRADUZIDO,,COMPLETA,,Mobile Suit Zeta Gundam,gundam_zeta,cc81b4ba215df0095772e9f086d9d2286acef347100cc47a13712fb762842cad,aya-expanse-8b,false,DISPONIVEL,247471,50,430,0,40,0,38,0,38,0,6,0,0
2026-08-20T19:24:12.377046800Z,EXECUCAO,Mobile Suit Zeta Gundam - S01E47_Track2_PT-BR.ass,TRADUZIDO,,COMPLETA,,Mobile Suit Zeta Gundam,gundam_zeta,cc81b4ba215df0095772e9f086d9d2286acef347100cc47a13712fb762842cad,aya-expanse-8b,false,DISPONIVEL,247471,50,429,0,40,0,38,0,38,0,4,0,0
2026-08-20T19:24:12.377046800Z,EXECUCAO,Mobile Suit Zeta Gundam - S01E48_Track2_PT-BR.ass,TRADUZIDO,,COMPLETA,,Mobile Suit Zeta Gundam,gundam_zeta,cc81b4ba215df0095772e9f086d9d2286acef347100cc47a13712fb762842cad,aya-expanse-8b,false,DISPONIVEL,247471,50,387,0,40,0,38,0,38,0,8,0,0
2026-08-20T19:24:12.377046800Z,EXECUCAO,Mobile Suit Zeta Gundam - S01E49_Track2_PT-BR.ass,TRADUZIDO,,COMPLETA,,Mobile Suit Zeta Gundam,gundam_zeta,cc81b4ba215df0095772e9f086d9d2286acef347100cc47a13712fb762842cad,aya-expanse-8b,false,DISPONIVEL,247471,50,365,0,40,0,38,0,38,0,8,0,0
2026-08-20T19:24:12.377046800Z,EXECUCAO,Mobile Suit Zeta Gundam - S01E50_Track2_PT-BR.ass,TRADUZIDO,,COMPLETA,,Mobile Suit Zeta Gundam,gundam_zeta,cc81b4ba215df0095772e9f086d9d2286acef347100cc47a13712fb762842cad,aya-expanse-8b,false,DISPONIVEL,247471,50,408,0,40,0,38,0,38,0,8,0,0
2026-08-20T19:30:27.081967700Z,EXECUCAO,Mobile Suit Gundam Unicorn Re0096 (2016) - S01E01 - Departure 0096_Track4_PT-BR.ass,TRADUZIDO,,COMPLETA,,Mobile Suit Gundam Unicorn,gundam_unicorn,4c29e781a502990495166b66b32d7de7ab73bec0da9819871dc799138d91313c,aya-expanse-8b,false,DISPONIVEL,373686,22,406,0,41,0,144,22,121,1,1,0,1
2026-08-20T19:30:27.081967700Z,EXECUCAO,Mobile Suit Gundam Unicorn Re0096 (2016) - S01E02 - First Blood_Track4_PT-BR.ass,TRADUZIDO,,COMPLETA,,Mobile Suit Gundam Unicorn,gundam_unicorn,4c29e781a502990495166b66b32d7de7ab73bec0da9819871dc799138d91313c,aya-expanse-8b,false,DISPONIVEL,373686,22,495,0,41,0,144,16,126,2,1,0,2
2026-08-20T19:30:27.081967700Z,EXECUCAO,Mobile Suit Gundam Unicorn Re0096 (2016) - S01E03 - They Called It Gundam_Track4_PT-BR.ass,TRADUZIDO,,COMPLETA,,Mobile Suit Gundam Unicorn,gundam_unicorn,4c29e781a502990495166b66b32d7de7ab73bec0da9819871dc799138d91313c,aya-expanse-8b,false,DISPONIVEL,373686,22,379,0,41,0,144,16,126,2,1,0,2
2026-08-20T19:30:27.081967700Z,EXECUCAO,Mobile Suit Gundam Unicorn Re0096 (2016) - S01E04 - Full Frontal's Pursuit_Track4_PT-BR.ass,TRADUZIDO,,COMPLETA,,Mobile Suit Gundam Unicorn,gundam_unicorn,4c29e781a502990495166b66b32d7de7ab73bec0da9819871dc799138d91313c,aya-expanse-8b,false,DISPONIVEL,373686,22,560,0,41,0,144,16,128,0,1,0,0
2026-08-20T19:30:27.081967700Z,EXECUCAO,Mobile Suit Gundam Unicorn Re0096 (2016) - S01E05 - Clash with the Red Comet_Track4_PT-BR.ass,TRADUZIDO,,COMPLETA,,Mobile Suit Gundam Unicorn,gundam_unicorn,4c29e781a502990495166b66b32d7de7ab73bec0da9819871dc799138d91313c,aya-expanse-8b,false,DISPONIVEL,373686,22,456,0,41,0,144,16,128,0,1,0,0
2026-08-20T19:30:27.081967700Z,EXECUCAO,Mobile Suit Gundam Unicorn Re0096 (2016) - S01E06 - Under the Mask_Track3_PT-BR.ass,TRADUZIDO,,COMPLETA,,Mobile Suit Gundam Unicorn,gundam_unicorn,4c29e781a502990495166b66b32d7de7ab73bec0da9819871dc799138d91313c,aya-expanse-8b,false,DISPONIVEL,373686,22,480,0,41,0,144,16,127,1,2,0,1
2026-08-20T19:30:27.081967700Z,EXECUCAO,Mobile Suit Gundam Unicorn Re0096 (2016) - S01E07 - The Battle of Palau_Track3_PT-BR.ass,TRADUZIDO,,COMPLETA,,Mobile Suit Gundam Unicorn,gundam_unicorn,4c29e781a502990495166b66b32d7de7ab73bec0da9819871dc799138d91313c,aya-expanse-8b,false,DISPONIVEL,373686,22,452,0,41,0,144,16,128,0,1,0,0
2026-08-20T19:30:27.081967700Z,EXECUCAO,"Mobile Suit Gundam Unicorn Re0096 (2016) - S01E08 - Laplace, Where It All Began_Track3_PT-BR.ass",TRADUZIDO,,COMPLETA,,Mobile Suit Gundam Unicorn,gundam_unicorn,4c29e781a502990495166b66b32d7de7ab73bec0da9819871dc799138d91313c,aya-expanse-8b,false,DISPONIVEL,373686,22,537,0,41,0,144,16,127,1,1,0,1
2026-08-20T19:30:27.081967700Z,EXECUCAO,Mobile Suit Gundam Unicorn Re0096 (2016) - S01E09 - Retribution_Track3_PT-BR.ass,TRADUZIDO,,COMPLETA,,Mobile Suit Gundam Unicorn,gundam_unicorn,4c29e781a502990495166b66b32d7de7ab73bec0da9819871dc799138d91313c,aya-expanse-8b,false,DISPONIVEL,373686,22,441,0,29,0,126,0,125,1,1,0,1
2026-08-20T19:30:27.081967700Z,EXECUCAO,Mobile Suit Gundam Unicorn Re0096 (2016) - S01E10 - From the Scorching Earth_Track3_PT-BR.ass,TRADUZIDO,,COMPLETA,,Mobile Suit Gundam Unicorn,gundam_unicorn,4c29e781a502990495166b66b32d7de7ab73bec0da9819871dc799138d91313c,aya-expanse-8b,false,DISPONIVEL,373686,22,436,0,41,0,144,16,128,0,1,0,0
2026-08-20T19:30:27.081967700Z,EXECUCAO,Mobile Suit Gundam Unicorn Re0096 (2016) - S01E11 - Battle at Torrington_Track3_PT-BR.ass,TRADUZIDO,,COMPLETA,,Mobile Suit Gundam Unicorn,gundam_unicorn,4c29e781a502990495166b66b32d7de7ab73bec0da9819871dc799138d91313c,aya-expanse-8b,false,DISPONIVEL,373686,22,456,0,41,0,144,16,127,1,1,0,1
2026-08-20T19:30:27.081967700Z,EXECUCAO,Mobile Suit Gundam Unicorn Re0096 (2016) - S01E12 - A Private War_Track4_PT-BR.ass,TRADUZIDO,,COMPLETA,,Mobile Suit Gundam Unicorn,gundam_unicorn,4c29e781a502990495166b66b32d7de7ab73bec0da9819871dc799138d91313c,aya-expanse-8b,false,DISPONIVEL,373686,22,422,0,41,0,144,16,128,0,1,0,0
2026-08-20T19:30:27.081967700Z,EXECUCAO,"Mobile Suit Gundam Unicorn Re0096 (2016) - S01E13 - Banagher Links, Soldier_Track4_PT-BR.ass",TRADUZIDO,,COMPLETA,,Mobile Suit Gundam Unicorn,gundam_unicorn,4c29e781a502990495166b66b32d7de7ab73bec0da9819871dc799138d91313c,aya-expanse-8b,false,DISPONIVEL,373686,22,433,0,30,0,148,28,120,0,3,0,0
2026-08-20T19:30:27.081967700Z,EXECUCAO,Mobile Suit Gundam Unicorn Re0096 (2016) - S01E14 - Clash of the Two Unicorns_Track4_PT-BR.ass,TRADUZIDO,,COMPLETA,,Mobile Suit Gundam Unicorn,gundam_unicorn,4c29e781a502990495166b66b32d7de7ab73bec0da9819871dc799138d91313c,aya-expanse-8b,false,DISPONIVEL,373686,22,412,0,30,0,148,22,126,0,3,0,0
2026-08-20T19:30:27.081967700Z,EXECUCAO,Mobile Suit Gundam Unicorn Re0096 (2016) - S01E15 - Waiting in Space_Track4_PT-BR.ass,TRADUZIDO,,COMPLETA,,Mobile Suit Gundam Unicorn,gundam_unicorn,4c29e781a502990495166b66b32d7de7ab73bec0da9819871dc799138d91313c,aya-expanse-8b,false,DISPONIVEL,373686,22,382,0,30,0,148,22,126,0,3,0,0
2026-08-20T19:30:27.081967700Z,EXECUCAO,Mobile Suit Gundam Unicorn Re0096 (2016) - S01E16 - The Side Co-Prosperity Sphere_Track4_PT-BR.ass,TRADUZIDO,,COMPLETA,,Mobile Suit Gundam Unicorn,gundam_unicorn,4c29e781a502990495166b66b32d7de7ab73bec0da9819871dc799138d91313c,aya-expanse-8b,false,DISPONIVEL,373686,22,473,0,30,0,148,22,125,1,4,0,1
2026-08-20T19:30:27.081967700Z,EXECUCAO,Mobile Suit Gundam Unicorn Re0096 (2016) - S01E17 - Nahel Argama Recaptured_Track4_PT-BR.ass,TRADUZIDO,,COMPLETA,,Mobile Suit Gundam Unicorn,gundam_unicorn,4c29e781a502990495166b66b32d7de7ab73bec0da9819871dc799138d91313c,aya-expanse-8b,false,DISPONIVEL,373686,22,470,0,30,0,148,22,126,0,3,0,0
2026-08-20T19:30:27.081967700Z,EXECUCAO,Mobile Suit Gundam Unicorn Re0096 (2016) - S01E18 - Fateful Battle_Track4_PT-BR.ass,TRADUZIDO,,COMPLETA,,Mobile Suit Gundam Unicorn,gundam_unicorn,4c29e781a502990495166b66b32d7de7ab73bec0da9819871dc799138d91313c,aya-expanse-8b,false,DISPONIVEL,373686,22,225,0,1,0,22,22,0,0,3,0,0
2026-08-20T19:30:27.081967700Z,EXECUCAO,Mobile Suit Gundam Unicorn Re0096 (2016) - S01E19 - Another Cosmic Glow_Track4_PT-BR.ass,TRADUZIDO,,COMPLETA,,Mobile Suit Gundam Unicorn,gundam_unicorn,4c29e781a502990495166b66b32d7de7ab73bec0da9819871dc799138d91313c,aya-expanse-8b,false,DISPONIVEL,373686,22,362,0,30,0,148,22,126,0,3,0,0
2026-08-20T19:30:27.081967700Z,EXECUCAO,Mobile Suit Gundam Unicorn Re0096 (2016) - S01E20 - Laplace's Box_Track4_PT-BR.ass,TRADUZIDO,,COMPLETA,,Mobile Suit Gundam Unicorn,gundam_unicorn,4c29e781a502990495166b66b32d7de7ab73bec0da9819871dc799138d91313c,aya-expanse-8b,false,DISPONIVEL,373686,22,450,0,30,0,148,22,126,0,4,0,0
2026-08-20T19:30:27.081967700Z,EXECUCAO,Mobile Suit Gundam Unicorn Re0096 (2016) - S01E21 - To the World's End_Track4_PT-BR.ass,TRADUZIDO,,COMPLETA,,Mobile Suit Gundam Unicorn,gundam_unicorn,4c29e781a502990495166b66b32d7de7ab73bec0da9819871dc799138d91313c,aya-expanse-8b,false,DISPONIVEL,373686,22,364,0,30,0,148,22,124,2,5,0,2
2026-08-20T19:30:27.081967700Z,EXECUCAO,Mobile Suit Gundam Unicorn Re0096 (2016) - S01E22 - Return_Track4_PT-BR.ass,TRADUZIDO,,COMPLETA,,Mobile Suit Gundam Unicorn,gundam_unicorn,4c29e781a502990495166b66b32d7de7ab73bec0da9819871dc799138d91313c,aya-expanse-8b,false,DISPONIVEL,373686,22,431,0,29,0,126,6,119,1,0,0,1
2026-08-20T20:26:52.998653Z,EXECUCAO,[DB]86_-_01_(Dual Audio_10bit_BD1080p_x265)_Track6_PT-BR.ass,TRADUZIDO,,COMPLETA,,86 (Eighty-Six),eight_six,475723eb9e180fc07a5b0fccb6cebe8473de73ab9cb6e67478438371ef1bae7e,aya-expanse-8b,false,DISPONIVEL,64546,11,1774,160,550,0,550,0,550,0,100,0,0
2026-08-20T20:26:52.998653Z,EXECUCAO,[DB]86_-_02_(Dual Audio_10bit_BD1080p_x265)_Track6_PT-BR.ass,TRADUZIDO,,COMPLETA,,86 (Eighty-Six),eight_six,475723eb9e180fc07a5b0fccb6cebe8473de73ab9cb6e67478438371ef1bae7e,aya-expanse-8b,false,DISPONIVEL,64546,11,2839,1119,550,0,571,0,571,0,100,0,0
2026-08-20T20:26:52.998653Z,EXECUCAO,[DB]86_-_03_(Dual Audio_10bit_BD1080p_x265)_Track6_PT-BR.ass,TRADUZIDO,,COMPLETA,,86 (Eighty-Six),eight_six,475723eb9e180fc07a5b0fccb6cebe8473de73ab9cb6e67478438371ef1bae7e,aya-expanse-8b,false,DISPONIVEL,64546,11,2819,1119,550,0,571,0,571,0,100,0,0
2026-08-20T20:26:52.998653Z,EXECUCAO,[DB]86_-_04_(Dual Audio_10bit_BD1080p_x265)_Track6_PT-BR.ass,TRADUZIDO,,COMPLETA,,86 (Eighty-Six),eight_six,475723eb9e180fc07a5b0fccb6cebe8473de73ab9cb6e67478438371ef1bae7e,aya-expanse-8b,false,DISPONIVEL,64546,11,3420,1708,555,0,593,0,593,0,109,0,0
2026-08-20T20:26:52.998653Z,EXECUCAO,[DB]86_-_05_(Dual Audio_10bit_BD1080p_x265)_Track6_PT-BR.ass,TRADUZIDO,,COMPLETA,,86 (Eighty-Six),eight_six,475723eb9e180fc07a5b0fccb6cebe8473de73ab9cb6e67478438371ef1bae7e,aya-expanse-8b,false,DISPONIVEL,64546,11,2828,1119,550,0,571,0,571,0,100,0,0
2026-08-20T20:26:52.998653Z,EXECUCAO,[DB]86_-_06_(Dual Audio_10bit_BD1080p_x265)_Track6_PT-BR.ass,TRADUZIDO,,COMPLETA,,86 (Eighty-Six),eight_six,475723eb9e180fc07a5b0fccb6cebe8473de73ab9cb6e67478438371ef1bae7e,aya-expanse-8b,false,DISPONIVEL,64546,11,3499,1708,555,0,593,0,593,0,109,0,0
2026-08-20T20:26:52.998653Z,EXECUCAO,[DB]86_-_07_(Dual Audio_10bit_BD1080p_x265)_Track6_PT-BR.ass,TRADUZIDO,,COMPLETA,,86 (Eighty-Six),eight_six,475723eb9e180fc07a5b0fccb6cebe8473de73ab9cb6e67478438371ef1bae7e,aya-expanse-8b,false,DISPONIVEL,64546,11,2732,1119,550,0,571,0,571,0,100,0,0
2026-08-20T20:26:52.998653Z,EXECUCAO,[DB]86_-_08_(Dual Audio_10bit_BD1080p_x265)_Track6_PT-BR.ass,TRADUZIDO,,COMPLETA,,86 (Eighty-Six),eight_six,475723eb9e180fc07a5b0fccb6cebe8473de73ab9cb6e67478438371ef1bae7e,aya-expanse-8b,false,DISPONIVEL,64546,11,3579,1708,555,0,593,0,593,0,109,0,0
2026-08-20T20:26:52.998653Z,EXECUCAO,[DB]86_-_09_(Dual Audio_10bit_BD1080p_x265)_Track6_PT-BR.ass,TRADUZIDO,,COMPLETA,,86 (Eighty-Six),eight_six,475723eb9e180fc07a5b0fccb6cebe8473de73ab9cb6e67478438371ef1bae7e,aya-expanse-8b,false,DISPONIVEL,64546,11,1850,160,550,0,550,0,550,0,100,0,0
2026-08-20T20:26:52.998653Z,EXECUCAO,[DB]86_-_10_(Dual Audio_10bit_BD1080p_x265)_Track6_PT-BR.ass,TRADUZIDO,,COMPLETA,,86 (Eighty-Six),eight_six,475723eb9e180fc07a5b0fccb6cebe8473de73ab9cb6e67478438371ef1bae7e,aya-expanse-8b,false,DISPONIVEL,64546,11,2029,160,550,0,550,0,550,0,100,0,0
2026-08-20T20:26:52.998653Z,EXECUCAO,[DB]86_-_11_(Dual Audio_10bit_BD1080p_x265)_Track6_PT-BR.ass,TRADUZIDO,,COMPLETA,,86 (Eighty-Six),eight_six,475723eb9e180fc07a5b0fccb6cebe8473de73ab9cb6e67478438371ef1bae7e,aya-expanse-8b,false,DISPONIVEL,64546,11,2001,160,550,0,550,0,550,0,100,0,0
2026-08-20T20:27:17.772642300Z,EXECUCAO,[DB]86 Part 2_-_01_(Dual Audio_10bit_BD1080p_x265)_Track6_PT-BR.ass,TRADUZIDO,,COMPLETA,,86 (Eighty-Six),eight_six,475723eb9e180fc07a5b0fccb6cebe8473de73ab9cb6e67478438371ef1bae7e,aya-expanse-8b,false,DISPONIVEL,23512,12,4616,4134,0,0,0,0,0,0,0,0,0
2026-08-20T20:27:17.772642300Z,EXECUCAO,[DB]86 Part 2_-_02_(Dual Audio_10bit_BD1080p_x265)_Track6_PT-BR.ass,TRADUZIDO,,COMPLETA,,86 (Eighty-Six),eight_six,475723eb9e180fc07a5b0fccb6cebe8473de73ab9cb6e67478438371ef1bae7e,aya-expanse-8b,false,DISPONIVEL,23512,12,5246,4670,0,0,33,0,33,0,3,0,0
2026-08-20T20:27:17.772642300Z,EXECUCAO,[DB]86 Part 2_-_03_(Dual Audio_10bit_BD1080p_x265)_Track6_PT-BR.ass,TRADUZIDO,,COMPLETA,,86 (Eighty-Six),eight_six,475723eb9e180fc07a5b0fccb6cebe8473de73ab9cb6e67478438371ef1bae7e,aya-expanse-8b,false,DISPONIVEL,23512,12,5272,4670,0,0,33,0,33,0,3,0,0
2026-08-20T20:27:17.772642300Z,EXECUCAO,[DB]86 Part 2_-_04_(Dual Audio_10bit_BD1080p_x265)_Track6_PT-BR.ass,TRADUZIDO,,COMPLETA,,86 (Eighty-Six),eight_six,475723eb9e180fc07a5b0fccb6cebe8473de73ab9cb6e67478438371ef1bae7e,aya-expanse-8b,false,DISPONIVEL,23512,12,5335,4670,0,0,33,0,33,0,3,0,0
2026-08-20T20:27:17.772642300Z,EXECUCAO,[DB]86 Part 2_-_05_(Dual Audio_10bit_BD1080p_x265)_Track6_PT-BR.ass,TRADUZIDO,,COMPLETA,,86 (Eighty-Six),eight_six,475723eb9e180fc07a5b0fccb6cebe8473de73ab9cb6e67478438371ef1bae7e,aya-expanse-8b,false,DISPONIVEL,23512,12,5145,4670,0,0,33,0,33,0,3,0,0
2026-08-20T20:27:17.772642300Z,EXECUCAO,[DB]86 Part 2_-_06_(Dual Audio_10bit_BD1080p_x265)_Track6_PT-BR.ass,TRADUZIDO,,COMPLETA,,86 (Eighty-Six),eight_six,475723eb9e180fc07a5b0fccb6cebe8473de73ab9cb6e67478438371ef1bae7e,aya-expanse-8b,false,DISPONIVEL,23512,12,5363,4670,0,0,33,0,33,0,3,0,0
2026-08-20T20:27:17.772642300Z,EXECUCAO,[DB]86 Part 2_-_07_(Dual Audio_10bit_BD1080p_x265)_Track6_PT-BR.ass,TRADUZIDO,,COMPLETA,,86 (Eighty-Six),eight_six,475723eb9e180fc07a5b0fccb6cebe8473de73ab9cb6e67478438371ef1bae7e,aya-expanse-8b,false,DISPONIVEL,23512,12,4611,4134,0,0,0,0,0,0,0,0,0
2026-08-20T20:27:17.772642300Z,EXECUCAO,[DB]86 Part 2_-_08_(Dual Audio_10bit_BD1080p_x265)_Track6_PT-BR.ass,TRADUZIDO,,COMPLETA,,86 (Eighty-Six),eight_six,475723eb9e180fc07a5b0fccb6cebe8473de73ab9cb6e67478438371ef1bae7e,aya-expanse-8b,false,DISPONIVEL,23512,12,5216,4670,0,0,33,0,33,0,3,0,0
2026-08-20T20:27:17.772642300Z,EXECUCAO,[DB]86 Part 2_-_09_(Dual Audio_10bit_BD1080p_x265)_Track6_PT-BR.ass,TRADUZIDO,,COMPLETA,,86 (Eighty-Six),eight_six,475723eb9e180fc07a5b0fccb6cebe8473de73ab9cb6e67478438371ef1bae7e,aya-expanse-8b,false,DISPONIVEL,23512,12,4627,4134,0,0,0,0,0,0,0,0,0
2026-08-20T20:27:17.772642300Z,EXECUCAO,[DB]86 Part 2_-_10_(Dual Audio_10bit_BD1080p_x265)_Track6_PT-BR.ass,TRADUZIDO,,COMPLETA,,86 (Eighty-Six),eight_six,475723eb9e180fc07a5b0fccb6cebe8473de73ab9cb6e67478438371ef1bae7e,aya-expanse-8b,false,DISPONIVEL,23512,12,5128,4670,0,0,33,0,33,0,3,0,0
2026-08-20T20:27:17.772642300Z,EXECUCAO,[DB]86 Part 2_-_11_(Dual Audio_10bit_BD1080p_x265)_Track6_PT-BR.ass,TRADUZIDO,,COMPLETA,,86 (Eighty-Six),eight_six,475723eb9e180fc07a5b0fccb6cebe8473de73ab9cb6e67478438371ef1bae7e,aya-expanse-8b,false,DISPONIVEL,23512,12,4796,4135,0,0,0,0,0,0,0,0,0
2026-08-20T20:27:17.772642300Z,EXECUCAO,[DB]86 Part 2_-_12_(Dual Audio_10bit_BD1080p_x265)_Track6_PT-BR.ass,TRADUZIDO,,COMPLETA,,86 (Eighty-Six),eight_six,475723eb9e180fc07a5b0fccb6cebe8473de73ab9cb6e67478438371ef1bae7e,aya-expanse-8b,false,DISPONIVEL,23512,12,703,0,0,0,0,0,0,0,0,0,0
2026-08-20T20:31:47.348498500Z,EXECUCAO,Mobile Suit Zeta Gundam - S01E01_Track2_PT-BR.ass,TRADUZIDO,,COMPLETA,,Mobile Suit Zeta Gundam,gundam_zeta,cc81b4ba215df0095772e9f086d9d2286acef347100cc47a13712fb762842cad,aya-expanse-8b,false,DISPONIVEL,268280,50,592,0,50,0,36,0,36,0,6,0,0
2026-08-20T20:31:47.348498500Z,EXECUCAO,Mobile Suit Zeta Gundam - S01E02_Track2_PT-BR.ass,TRADUZIDO,,COMPLETA,,Mobile Suit Zeta Gundam,gundam_zeta,cc81b4ba215df0095772e9f086d9d2286acef347100cc47a13712fb762842cad,aya-expanse-8b,false,DISPONIVEL,268280,50,685,0,50,0,36,0,36,0,6,0,0
2026-08-20T20:31:47.348498500Z,EXECUCAO,Mobile Suit Zeta Gundam - S01E03_Track2_PT-BR.ass,TRADUZIDO,,COMPLETA,,Mobile Suit Zeta Gundam,gundam_zeta,cc81b4ba215df0095772e9f086d9d2286acef347100cc47a13712fb762842cad,aya-expanse-8b,false,DISPONIVEL,268280,50,739,0,50,0,36,0,36,0,6,0,0
2026-08-20T20:31:47.348498500Z,EXECUCAO,Mobile Suit Zeta Gundam - S01E04_Track2_PT-BR.ass,TRADUZIDO,,COMPLETA,,Mobile Suit Zeta Gundam,gundam_zeta,cc81b4ba215df0095772e9f086d9d2286acef347100cc47a13712fb762842cad,aya-expanse-8b,false,DISPONIVEL,268280,50,701,0,50,0,36,0,36,0,6,0,0
2026-08-20T20:31:47.348498500Z,EXECUCAO,Mobile Suit Zeta Gundam - S01E05_Track2_PT-BR.ass,TRADUZIDO,,COMPLETA,,Mobile Suit Zeta Gundam,gundam_zeta,cc81b4ba215df0095772e9f086d9d2286acef347100cc47a13712fb762842cad,aya-expanse-8b,false,DISPONIVEL,268280,50,691,0,50,0,36,0,36,0,6,0,0
2026-08-20T20:31:47.348498500Z,EXECUCAO,Mobile Suit Zeta Gundam - S01E06_Track2_PT-BR.ass,TRADUZIDO,,COMPLETA,,Mobile Suit Zeta Gundam,gundam_zeta,cc81b4ba215df0095772e9f086d9d2286acef347100cc47a13712fb762842cad,aya-expanse-8b,false,DISPONIVEL,268280,50,726,0,50,0,36,0,36,0,6,0,0
2026-08-20T20:31:47.348498500Z,EXECUCAO,Mobile Suit Zeta Gundam - S01E07_Track2_PT-BR.ass,TRADUZIDO,,COMPLETA,,Mobile Suit Zeta Gundam,gundam_zeta,cc81b4ba215df0095772e9f086d9d2286acef347100cc47a13712fb762842cad,aya-expanse-8b,false,DISPONIVEL,268280,50,685,0,50,0,36,0,36,0,6,0,0
2026-08-20T20:31:47.348498500Z,EXECUCAO,Mobile Suit Zeta Gundam - S01E08_Track2_PT-BR.ass,TRADUZIDO,,COMPLETA,,Mobile Suit Zeta Gundam,gundam_zeta,cc81b4ba215df0095772e9f086d9d2286acef347100cc47a13712fb762842cad,aya-expanse-8b,false,DISPONIVEL,268280,50,676,0,50,0,36,0,36,0,6,0,0
2026-08-20T20:31:47.348498500Z,EXECUCAO,Mobile Suit Zeta Gundam - S01E09_Track2_PT-BR.ass,TRADUZIDO,,COMPLETA,,Mobile Suit Zeta Gundam,gundam_zeta,cc81b4ba215df0095772e9f086d9d2286acef347100cc47a13712fb762842cad,aya-expanse-8b,false,DISPONIVEL,268280,50,731,0,50,0,36,0,36,0,6,0,0
2026-08-20T20:31:47.348498500Z,EXECUCAO,Mobile Suit Zeta Gundam - S01E10_Track2_PT-BR.ass,TRADUZIDO,,COMPLETA,,Mobile Suit Zeta Gundam,gundam_zeta,cc81b4ba215df0095772e9f086d9d2286acef347100cc47a13712fb762842cad,aya-expanse-8b,false,DISPONIVEL,268280,50,691,0,50,0,36,0,36,0,6,0,0
2026-08-20T20:31:47.348498500Z,EXECUCAO,Mobile Suit Zeta Gundam - S01E11_Track2_PT-BR.ass,TRADUZIDO,,COMPLETA,,Mobile Suit Zeta Gundam,gundam_zeta,cc81b4ba215df0095772e9f086d9d2286acef347100cc47a13712fb762842cad,aya-expanse-8b,false,DISPONIVEL,268280,50,746,0,50,0,36,0,36,0,6,0,0
2026-08-20T20:31:47.348498500Z,EXECUCAO,Mobile Suit Zeta Gundam - S01E12_Track2_PT-BR.ass,TRADUZIDO,,COMPLETA,,Mobile Suit Zeta Gundam,gundam_zeta,cc81b4ba215df0095772e9f086d9d2286acef347100cc47a13712fb762842cad,aya-expanse-8b,false,DISPONIVEL,268280,50,685,0,50,0,36,0,36,0,6,0,0
2026-08-20T20:31:47.348498500Z,EXECUCAO,Mobile Suit Zeta Gundam - S01E13_Track2_PT-BR.ass,TRADUZIDO,,COMPLETA,,Mobile Suit Zeta Gundam,gundam_zeta,cc81b4ba215df0095772e9f086d9d2286acef347100cc47a13712fb762842cad,aya-expanse-8b,false,DISPONIVEL,268280,50,735,0,50,0,40,0,40,0,7,0,0
2026-08-20T20:31:47.348498500Z,EXECUCAO,Mobile Suit Zeta Gundam - S01E14_Track2_PT-BR.ass,TRADUZIDO,,COMPLETA,,Mobile Suit Zeta Gundam,gundam_zeta,cc81b4ba215df0095772e9f086d9d2286acef347100cc47a13712fb762842cad,aya-expanse-8b,false,DISPONIVEL,268280,50,660,0,50,0,36,0,36,0,6,0,0
2026-08-20T20:31:47.348498500Z,EXECUCAO,Mobile Suit Zeta Gundam - S01E15_Track2_PT-BR.ass,TRADUZIDO,,COMPLETA,,Mobile Suit Zeta Gundam,gundam_zeta,cc81b4ba215df0095772e9f086d9d2286acef347100cc47a13712fb762842cad,aya-expanse-8b,false,DISPONIVEL,268280,50,738,0,50,0,36,0,36,0,6,0,0
2026-08-20T20:31:47.348498500Z,EXECUCAO,Mobile Suit Zeta Gundam - S01E16_Track2_PT-BR.ass,TRADUZIDO,,COMPLETA,,Mobile Suit Zeta Gundam,gundam_zeta,cc81b4ba215df0095772e9f086d9d2286acef347100cc47a13712fb762842cad,aya-expanse-8b,false,DISPONIVEL,268280,50,764,0,50,0,36,0,36,0,6,0,0
2026-08-20T20:31:47.348498500Z,EXECUCAO,Mobile Suit Zeta Gundam - S01E17_Track2_PT-BR.ass,TRADUZIDO,,COMPLETA,,Mobile Suit Zeta Gundam,gundam_zeta,cc81b4ba215df0095772e9f086d9d2286acef347100cc47a13712fb762842cad,aya-expanse-8b,false,DISPONIVEL,268280,50,715,0,50,0,36,0,36,0,6,0,0
2026-08-20T20:31:47.348498500Z,EXECUCAO,Mobile Suit Zeta Gundam - S01E18_Track2_PT-BR.ass,TRADUZIDO,,COMPLETA,,Mobile Suit Zeta Gundam,gundam_zeta,cc81b4ba215df0095772e9f086d9d2286acef347100cc47a13712fb762842cad,aya-expanse-8b,false,DISPONIVEL,268280,50,768,0,50,0,36,0,36,0,6,0,0
2026-08-20T20:31:47.348498500Z,EXECUCAO,Mobile Suit Zeta Gundam - S01E19_Track2_PT-BR.ass,TRADUZIDO,,COMPLETA,,Mobile Suit Zeta Gundam,gundam_zeta,cc81b4ba215df0095772e9f086d9d2286acef347100cc47a13712fb762842cad,aya-expanse-8b,false,DISPONIVEL,268280,50,704,0,50,0,36,0,36,0,6,0,0
2026-08-20T20:31:47.348498500Z,EXECUCAO,Mobile Suit Zeta Gundam - S01E20_Track2_PT-BR.ass,TRADUZIDO,,COMPLETA,,Mobile Suit Zeta Gundam,gundam_zeta,cc81b4ba215df0095772e9f086d9d2286acef347100cc47a13712fb762842cad,aya-expanse-8b,false,DISPONIVEL,268280,50,739,0,50,0,36,0,36,0,6,0,0
2026-08-20T20:31:47.348498500Z,EXECUCAO,Mobile Suit Zeta Gundam - S01E21_Track2_PT-BR.ass,TRADUZIDO,,COMPLETA,,Mobile Suit Zeta Gundam,gundam_zeta,cc81b4ba215df0095772e9f086d9d2286acef347100cc47a13712fb762842cad,aya-expanse-8b,false,DISPONIVEL,268280,50,734,0,50,0,36,0,36,0,6,0,0
2026-08-20T20:31:47.348498500Z,EXECUCAO,Mobile Suit Zeta Gundam - S01E22_Track2_PT-BR.ass,TRADUZIDO,,COMPLETA,,Mobile Suit Zeta Gundam,gundam_zeta,cc81b4ba215df0095772e9f086d9d2286acef347100cc47a13712fb762842cad,aya-expanse-8b,false,DISPONIVEL,268280,50,759,0,50,0,36,0,36,0,6,0,0
2026-08-20T20:31:47.348498500Z,EXECUCAO,Mobile Suit Zeta Gundam - S01E23_Track2_PT-BR.ass,TRADUZIDO,,COMPLETA,,Mobile Suit Zeta Gundam,gundam_zeta,cc81b4ba215df0095772e9f086d9d2286acef347100cc47a13712fb762842cad,aya-expanse-8b,false,DISPONIVEL,268280,50,764,0,50,0,36,0,36,0,6,0,0
2026-08-20T20:31:47.348498500Z,EXECUCAO,Mobile Suit Zeta Gundam - S01E24_Track2_PT-BR.ass,TRADUZIDO,,COMPLETA,,Mobile Suit Zeta Gundam,gundam_zeta,cc81b4ba215df0095772e9f086d9d2286acef347100cc47a13712fb762842cad,aya-expanse-8b,false,DISPONIVEL,268280,50,439,0,40,0,38,0,38,0,8,0,0
2026-08-20T20:31:47.348498500Z,EXECUCAO,Mobile Suit Zeta Gundam - S01E25_Track2_PT-BR.ass,TRADUZIDO,,COMPLETA,,Mobile Suit Zeta Gundam,gundam_zeta,cc81b4ba215df0095772e9f086d9d2286acef347100cc47a13712fb762842cad,aya-expanse-8b,false,DISPONIVEL,268280,50,446,0,40,0,38,0,38,0,8,0,0
2026-08-20T20:31:47.348498500Z,EXECUCAO,Mobile Suit Zeta Gundam - S01E26_Track2_PT-BR.ass,TRADUZIDO,,COMPLETA,,Mobile Suit Zeta Gundam,gundam_zeta,cc81b4ba215df0095772e9f086d9d2286acef347100cc47a13712fb762842cad,aya-expanse-8b,false,DISPONIVEL,268280,50,438,0,40,0,38,0,38,0,8,0,0
2026-08-20T20:31:47.348498500Z,EXECUCAO,Mobile Suit Zeta Gundam - S01E27_Track2_PT-BR.ass,TRADUZIDO,,COMPLETA,,Mobile Suit Zeta Gundam,gundam_zeta,cc81b4ba215df0095772e9f086d9d2286acef347100cc47a13712fb762842cad,aya-expanse-8b,false,DISPONIVEL,268280,50,457,0,40,0,38,0,38,0,8,0,0
2026-08-20T20:31:47.348498500Z,EXECUCAO,Mobile Suit Zeta Gundam - S01E28_Track2_PT-BR.ass,TRADUZIDO,,COMPLETA,,Mobile Suit Zeta Gundam,gundam_zeta,cc81b4ba215df0095772e9f086d9d2286acef347100cc47a13712fb762842cad,aya-expanse-8b,false,DISPONIVEL,268280,50,451,0,40,0,38,0,38,0,8,0,0
2026-08-20T20:31:47.348498500Z,EXECUCAO,Mobile Suit Zeta Gundam - S01E29_Track2_PT-BR.ass,TRADUZIDO,,COMPLETA,,Mobile Suit Zeta Gundam,gundam_zeta,cc81b4ba215df0095772e9f086d9d2286acef347100cc47a13712fb762842cad,aya-expanse-8b,false,DISPONIVEL,268280,50,472,0,40,0,38,0,38,0,8,0,0
2026-08-20T20:31:47.348498500Z,EXECUCAO,Mobile Suit Zeta Gundam - S01E30_Track2_PT-BR.ass,TRADUZIDO,,COMPLETA,,Mobile Suit Zeta Gundam,gundam_zeta,cc81b4ba215df0095772e9f086d9d2286acef347100cc47a13712fb762842cad,aya-expanse-8b,false,DISPONIVEL,268280,50,374,0,40,0,38,0,38,0,8,0,0
2026-08-20T20:31:47.348498500Z,EXECUCAO,Mobile Suit Zeta Gundam - S01E31_Track2_PT-BR.ass,TRADUZIDO,,COMPLETA,,Mobile Suit Zeta Gundam,gundam_zeta,cc81b4ba215df0095772e9f086d9d2286acef347100cc47a13712fb762842cad,aya-expanse-8b,false,DISPONIVEL,268280,50,422,0,40,0,38,0,38,0,8,0,0
2026-08-20T20:31:47.348498500Z,EXECUCAO,Mobile Suit Zeta Gundam - S01E32_Track2_PT-BR.ass,TRADUZIDO,,COMPLETA,,Mobile Suit Zeta Gundam,gundam_zeta,cc81b4ba215df0095772e9f086d9d2286acef347100cc47a13712fb762842cad,aya-expanse-8b,false,DISPONIVEL,268280,50,427,0,40,0,38,0,38,0,8,0,0
2026-08-20T20:31:47.348498500Z,EXECUCAO,Mobile Suit Zeta Gundam - S01E33_Track2_PT-BR.ass,TRADUZIDO,,COMPLETA,,Mobile Suit Zeta Gundam,gundam_zeta,cc81b4ba215df0095772e9f086d9d2286acef347100cc47a13712fb762842cad,aya-expanse-8b,false,DISPONIVEL,268280,50,416,0,40,0,38,0,38,0,8,0,0
2026-08-20T20:31:47.348498500Z,EXECUCAO,Mobile Suit Zeta Gundam - S01E34_Track2_PT-BR.ass,TRADUZIDO,,COMPLETA,,Mobile Suit Zeta Gundam,gundam_zeta,cc81b4ba215df0095772e9f086d9d2286acef347100cc47a13712fb762842cad,aya-expanse-8b,false,DISPONIVEL,268280,50,433,0,40,0,38,0,38,0,8,0,0
2026-08-20T20:31:47.348498500Z,EXECUCAO,Mobile Suit Zeta Gundam - S01E35_Track2_PT-BR.ass,TRADUZIDO,,COMPLETA,,Mobile Suit Zeta Gundam,gundam_zeta,cc81b4ba215df0095772e9f086d9d2286acef347100cc47a13712fb762842cad,aya-expanse-8b,false,DISPONIVEL,268280,50,415,0,40,0,38,0,38,0,8,0,0
2026-08-20T20:31:47.348498500Z,EXECUCAO,Mobile Suit Zeta Gundam - S01E36_Track2_PT-BR.ass,TRADUZIDO,,COMPLETA,,Mobile Suit Zeta Gundam,gundam_zeta,cc81b4ba215df0095772e9f086d9d2286acef347100cc47a13712fb762842cad,aya-expanse-8b,false,DISPONIVEL,268280,50,394,0,40,0,38,0,38,0,8,0,0
2026-08-20T20:31:47.348498500Z,EXECUCAO,Mobile Suit Zeta Gundam - S01E37_Track2_PT-BR.ass,TRADUZIDO,,COMPLETA,,Mobile Suit Zeta Gundam,gundam_zeta,cc81b4ba215df0095772e9f086d9d2286acef347100cc47a13712fb762842cad,aya-expanse-8b,false,DISPONIVEL,268280,50,456,0,40,0,38,0,38,0,8,0,0
2026-08-20T20:31:47.348498500Z,EXECUCAO,Mobile Suit Zeta Gundam - S01E38_Track2_PT-BR.ass,TRADUZIDO,,COMPLETA,,Mobile Suit Zeta Gundam,gundam_zeta,cc81b4ba215df0095772e9f086d9d2286acef347100cc47a13712fb762842cad,aya-expanse-8b,false,DISPONIVEL,268280,50,461,0,40,0,38,0,38,0,8,0,0
2026-08-20T20:31:47.348498500Z,EXECUCAO,Mobile Suit Zeta Gundam - S01E39_Track2_PT-BR.ass,TRADUZIDO,,COMPLETA,,Mobile Suit Zeta Gundam,gundam_zeta,cc81b4ba215df0095772e9f086d9d2286acef347100cc47a13712fb762842cad,aya-expanse-8b,false,DISPONIVEL,268280,50,471,0,40,0,38,0,38,0,8,0,0
2026-08-20T20:31:47.348498500Z,EXECUCAO,Mobile Suit Zeta Gundam - S01E40_Track2_PT-BR.ass,TRADUZIDO,,COMPLETA,,Mobile Suit Zeta Gundam,gundam_zeta,cc81b4ba215df0095772e9f086d9d2286acef347100cc47a13712fb762842cad,aya-expanse-8b,false,DISPONIVEL,268280,50,458,0,40,0,38,0,38,0,8,0,0
2026-08-20T20:31:47.348498500Z,EXECUCAO,Mobile Suit Zeta Gundam - S01E41_Track2_PT-BR.ass,TRADUZIDO,,COMPLETA,,Mobile Suit Zeta Gundam,gundam_zeta,cc81b4ba215df0095772e9f086d9d2286acef347100cc47a13712fb762842cad,aya-expanse-8b,false,DISPONIVEL,268280,50,487,0,40,0,38,0,38,0,8,0,0
2026-08-20T20:31:47.348498500Z,EXECUCAO,Mobile Suit Zeta Gundam - S01E42_Track2_PT-BR.ass,TRADUZIDO,,COMPLETA,,Mobile Suit Zeta Gundam,gundam_zeta,cc81b4ba215df0095772e9f086d9d2286acef347100cc47a13712fb762842cad,aya-expanse-8b,false,DISPONIVEL,268280,50,392,0,40,0,38,0,38,0,8,0,0
2026-08-20T20:31:47.348498500Z,EXECUCAO,Mobile Suit Zeta Gundam - S01E43_Track2_PT-BR.ass,TRADUZIDO,,COMPLETA,,Mobile Suit Zeta Gundam,gundam_zeta,cc81b4ba215df0095772e9f086d9d2286acef347100cc47a13712fb762842cad,aya-expanse-8b,false,DISPONIVEL,268280,50,400,0,40,0,38,0,38,0,8,0,0
2026-08-20T20:31:47.348498500Z,EXECUCAO,Mobile Suit Zeta Gundam - S01E44_Track2_PT-BR.ass,TRADUZIDO,,COMPLETA,,Mobile Suit Zeta Gundam,gundam_zeta,cc81b4ba215df0095772e9f086d9d2286acef347100cc47a13712fb762842cad,aya-expanse-8b,false,DISPONIVEL,268280,50,453,0,40,0,38,0,38,0,8,0,0
2026-08-20T20:31:47.348498500Z,EXECUCAO,Mobile Suit Zeta Gundam - S01E45_Track2_PT-BR.ass,TRADUZIDO,,COMPLETA,,Mobile Suit Zeta Gundam,gundam_zeta,cc81b4ba215df0095772e9f086d9d2286acef347100cc47a13712fb762842cad,aya-expanse-8b,false,DISPONIVEL,268280,50,386,0,40,0,38,0,38,0,8,0,0
2026-08-20T20:31:47.348498500Z,EXECUCAO,Mobile Suit Zeta Gundam - S01E46_Track2_PT-BR.ass,TRADUZIDO,,COMPLETA,,Mobile Suit Zeta Gundam,gundam_zeta,cc81b4ba215df0095772e9f086d9d2286acef347100cc47a13712fb762842cad,aya-expanse-8b,false,DISPONIVEL,268280,50,430,0,40,0,38,0,38,0,8,0,0
2026-08-20T20:31:47.348498500Z,EXECUCAO,Mobile Suit Zeta Gundam - S01E47_Track2_PT-BR.ass,TRADUZIDO,,COMPLETA,,Mobile Suit Zeta Gundam,gundam_zeta,cc81b4ba215df0095772e9f086d9d2286acef347100cc47a13712fb762842cad,aya-expanse-8b,false,DISPONIVEL,268280,50,429,0,40,0,38,0,38,0,8,0,0
2026-08-20T20:31:47.348498500Z,EXECUCAO,Mobile Suit Zeta Gundam - S01E48_Track2_PT-BR.ass,TRADUZIDO,,COMPLETA,,Mobile Suit Zeta Gundam,gundam_zeta,cc81b4ba215df0095772e9f086d9d2286acef347100cc47a13712fb762842cad,aya-expanse-8b,false,DISPONIVEL,268280,50,387,0,40,0,38,0,38,0,8,0,0
2026-08-20T20:31:47.348498500Z,EXECUCAO,Mobile Suit Zeta Gundam - S01E49_Track2_PT-BR.ass,TRADUZIDO,,COMPLETA,,Mobile Suit Zeta Gundam,gundam_zeta,cc81b4ba215df0095772e9f086d9d2286acef347100cc47a13712fb762842cad,aya-expanse-8b,false,DISPONIVEL,268280,50,365,0,40,0,38,0,38,0,8,0,0
2026-08-20T20:31:47.348498500Z,EXECUCAO,Mobile Suit Zeta Gundam - S01E50_Track2_PT-BR.ass,TRADUZIDO,,COMPLETA,,Mobile Suit Zeta Gundam,gundam_zeta,cc81b4ba215df0095772e9f086d9d2286acef347100cc47a13712fb762842cad,aya-expanse-8b,false,DISPONIVEL,268280,50,408,0,40,0,38,0,38,0,8,0,0
2026-08-20T20:41:52.689430600Z,EXECUCAO,Mobile Suit Gundam Unicorn Re0096 (2016) - S01E01 - Departure 0096_Track4_PT-BR.ass,TRADUZIDO,,COMPLETA,,Mobile Suit Gundam Unicorn,gundam_unicorn,4c29e781a502990495166b66b32d7de7ab73bec0da9819871dc799138d91313c,aya-expanse-8b,false,DISPONIVEL,604081,22,406,0,41,0,144,0,144,0,1,0,0
2026-08-20T20:41:52.689430600Z,EXECUCAO,Mobile Suit Gundam Unicorn Re0096 (2016) - S01E02 - First Blood_Track4_PT-BR.ass,TRADUZIDO,,COMPLETA,,Mobile Suit Gundam Unicorn,gundam_unicorn,4c29e781a502990495166b66b32d7de7ab73bec0da9819871dc799138d91313c,aya-expanse-8b,false,DISPONIVEL,604081,22,495,0,41,0,144,0,144,0,1,0,0
2026-08-20T20:41:52.689430600Z,EXECUCAO,Mobile Suit Gundam Unicorn Re0096 (2016) - S01E03 - They Called It Gundam_Track4_PT-BR.ass,TRADUZIDO,,COMPLETA,,Mobile Suit Gundam Unicorn,gundam_unicorn,4c29e781a502990495166b66b32d7de7ab73bec0da9819871dc799138d91313c,aya-expanse-8b,false,DISPONIVEL,604081,22,379,0,41,0,144,0,144,0,1,0,0
2026-08-20T20:41:52.689430600Z,EXECUCAO,Mobile Suit Gundam Unicorn Re0096 (2016) - S01E04 - Full Frontal's Pursuit_Track4_PT-BR.ass,TRADUZIDO,,COMPLETA,,Mobile Suit Gundam Unicorn,gundam_unicorn,4c29e781a502990495166b66b32d7de7ab73bec0da9819871dc799138d91313c,aya-expanse-8b,false,DISPONIVEL,604081,22,560,0,41,0,144,0,144,0,1,0,0
2026-08-20T20:41:52.689430600Z,EXECUCAO,Mobile Suit Gundam Unicorn Re0096 (2016) - S01E05 - Clash with the Red Comet_Track4_PT-BR.ass,TRADUZIDO,,COMPLETA,,Mobile Suit Gundam Unicorn,gundam_unicorn,4c29e781a502990495166b66b32d7de7ab73bec0da9819871dc799138d91313c,aya-expanse-8b,false,DISPONIVEL,604081,22,456,0,41,0,144,0,144,0,1,0,0
2026-08-20T20:41:52.689430600Z,EXECUCAO,Mobile Suit Gundam Unicorn Re0096 (2016) - S01E06 - Under the Mask_Track3_PT-BR.ass,TRADUZIDO,,COMPLETA,,Mobile Suit Gundam Unicorn,gundam_unicorn,4c29e781a502990495166b66b32d7de7ab73bec0da9819871dc799138d91313c,aya-expanse-8b,false,DISPONIVEL,604081,22,480,0,41,0,144,0,144,0,1,0,0
2026-08-20T20:41:52.689430600Z,EXECUCAO,Mobile Suit Gundam Unicorn Re0096 (2016) - S01E07 - The Battle of Palau_Track3_PT-BR.ass,TRADUZIDO,,COMPLETA,,Mobile Suit Gundam Unicorn,gundam_unicorn,4c29e781a502990495166b66b32d7de7ab73bec0da9819871dc799138d91313c,aya-expanse-8b,false,DISPONIVEL,604081,22,452,0,41,0,144,0,144,0,1,0,0
2026-08-20T20:41:52.689430600Z,EXECUCAO,"Mobile Suit Gundam Unicorn Re0096 (2016) - S01E08 - Laplace, Where It All Began_Track3_PT-BR.ass",TRADUZIDO,,COMPLETA,,Mobile Suit Gundam Unicorn,gundam_unicorn,4c29e781a502990495166b66b32d7de7ab73bec0da9819871dc799138d91313c,aya-expanse-8b,false,DISPONIVEL,604081,22,537,0,41,0,144,0,144,0,1,0,0
2026-08-20T20:41:52.689430600Z,EXECUCAO,Mobile Suit Gundam Unicorn Re0096 (2016) - S01E09 - Retribution_Track3_PT-BR.ass,TRADUZIDO,,COMPLETA,,Mobile Suit Gundam Unicorn,gundam_unicorn,4c29e781a502990495166b66b32d7de7ab73bec0da9819871dc799138d91313c,aya-expanse-8b,false,DISPONIVEL,604081,22,441,0,29,0,126,0,126,0,0,0,0
2026-08-20T20:41:52.689430600Z,EXECUCAO,Mobile Suit Gundam Unicorn Re0096 (2016) - S01E10 - From the Scorching Earth_Track3_PT-BR.ass,TRADUZIDO,,COMPLETA,,Mobile Suit Gundam Unicorn,gundam_unicorn,4c29e781a502990495166b66b32d7de7ab73bec0da9819871dc799138d91313c,aya-expanse-8b,false,DISPONIVEL,604081,22,436,0,41,0,144,0,144,0,1,0,0
2026-08-20T20:41:52.689430600Z,EXECUCAO,Mobile Suit Gundam Unicorn Re0096 (2016) - S01E11 - Battle at Torrington_Track3_PT-BR.ass,TRADUZIDO,,COMPLETA,,Mobile Suit Gundam Unicorn,gundam_unicorn,4c29e781a502990495166b66b32d7de7ab73bec0da9819871dc799138d91313c,aya-expanse-8b,false,DISPONIVEL,604081,22,456,0,41,0,144,0,144,0,1,0,0
2026-08-20T20:41:52.689430600Z,EXECUCAO,Mobile Suit Gundam Unicorn Re0096 (2016) - S01E12 - A Private War_Track4_PT-BR.ass,TRADUZIDO,,COMPLETA,,Mobile Suit Gundam Unicorn,gundam_unicorn,4c29e781a502990495166b66b32d7de7ab73bec0da9819871dc799138d91313c,aya-expanse-8b,false,DISPONIVEL,604081,22,422,0,41,0,144,0,144,0,1,0,0
2026-08-20T20:41:52.689430600Z,EXECUCAO,"Mobile Suit Gundam Unicorn Re0096 (2016) - S01E13 - Banagher Links, Soldier_Track4_PT-BR.ass",TRADUZIDO,,COMPLETA,,Mobile Suit Gundam Unicorn,gundam_unicorn,4c29e781a502990495166b66b32d7de7ab73bec0da9819871dc799138d91313c,aya-expanse-8b,false,DISPONIVEL,604081,22,433,0,30,0,148,0,148,0,6,0,0
2026-08-20T20:41:52.689430600Z,EXECUCAO,Mobile Suit Gundam Unicorn Re0096 (2016) - S01E14 - Clash of the Two Unicorns_Track4_PT-BR.ass,TRADUZIDO,,COMPLETA,,Mobile Suit Gundam Unicorn,gundam_unicorn,4c29e781a502990495166b66b32d7de7ab73bec0da9819871dc799138d91313c,aya-expanse-8b,false,DISPONIVEL,604081,22,412,0,30,0,148,0,148,0,6,0,0
2026-08-20T20:41:52.689430600Z,EXECUCAO,Mobile Suit Gundam Unicorn Re0096 (2016) - S01E15 - Waiting in Space_Track4_PT-BR.ass,TRADUZIDO,,COMPLETA,,Mobile Suit Gundam Unicorn,gundam_unicorn,4c29e781a502990495166b66b32d7de7ab73bec0da9819871dc799138d91313c,aya-expanse-8b,false,DISPONIVEL,604081,22,382,0,30,0,148,0,148,0,6,0,0
2026-08-20T20:41:52.689430600Z,EXECUCAO,Mobile Suit Gundam Unicorn Re0096 (2016) - S01E16 - The Side Co-Prosperity Sphere_Track4_PT-BR.ass,TRADUZIDO,,COMPLETA,,Mobile Suit Gundam Unicorn,gundam_unicorn,4c29e781a502990495166b66b32d7de7ab73bec0da9819871dc799138d91313c,aya-expanse-8b,false,DISPONIVEL,604081,22,473,0,30,0,148,0,148,0,6,0,0
2026-08-20T20:41:52.689430600Z,EXECUCAO,Mobile Suit Gundam Unicorn Re0096 (2016) - S01E17 - Nahel Argama Recaptured_Track4_PT-BR.ass,TRADUZIDO,,COMPLETA,,Mobile Suit Gundam Unicorn,gundam_unicorn,4c29e781a502990495166b66b32d7de7ab73bec0da9819871dc799138d91313c,aya-expanse-8b,false,DISPONIVEL,604081,22,470,0,30,0,148,0,148,0,6,0,0
2026-08-20T20:41:52.689430600Z,EXECUCAO,Mobile Suit Gundam Unicorn Re0096 (2016) - S01E18 - Fateful Battle_Track4_PT-BR.ass,TRADUZIDO,,COMPLETA,,Mobile Suit Gundam Unicorn,gundam_unicorn,4c29e781a502990495166b66b32d7de7ab73bec0da9819871dc799138d91313c,aya-expanse-8b,false,DISPONIVEL,604081,22,225,0,1,0,22,0,22,0,6,0,0
2026-08-20T20:41:52.689430600Z,EXECUCAO,Mobile Suit Gundam Unicorn Re0096 (2016) - S01E19 - Another Cosmic Glow_Track4_PT-BR.ass,TRADUZIDO,,COMPLETA,,Mobile Suit Gundam Unicorn,gundam_unicorn,4c29e781a502990495166b66b32d7de7ab73bec0da9819871dc799138d91313c,aya-expanse-8b,false,DISPONIVEL,604081,22,362,0,30,0,148,0,148,0,6,0,0
2026-08-20T20:41:52.689430600Z,EXECUCAO,Mobile Suit Gundam Unicorn Re0096 (2016) - S01E20 - Laplace's Box_Track4_PT-BR.ass,TRADUZIDO,,COMPLETA,,Mobile Suit Gundam Unicorn,gundam_unicorn,4c29e781a502990495166b66b32d7de7ab73bec0da9819871dc799138d91313c,aya-expanse-8b,false,DISPONIVEL,604081,22,450,0,30,0,148,0,148,0,6,0,0
2026-08-20T20:41:52.689430600Z,EXECUCAO,Mobile Suit Gundam Unicorn Re0096 (2016) - S01E21 - To the World's End_Track4_PT-BR.ass,TRADUZIDO,,COMPLETA,,Mobile Suit Gundam Unicorn,gundam_unicorn,4c29e781a502990495166b66b32d7de7ab73bec0da9819871dc799138d91313c,aya-expanse-8b,false,DISPONIVEL,604081,22,364,0,30,0,148,0,148,0,6,0,0
2026-08-20T20:41:52.689430600Z,EXECUCAO,Mobile Suit Gundam Unicorn Re0096 (2016) - S01E22 - Return_Track4_PT-BR.ass,TRADUZIDO,,COMPLETA,,Mobile Suit Gundam Unicorn,gundam_unicorn,4c29e781a502990495166b66b32d7de7ab73bec0da9819871dc799138d91313c,aya-expanse-8b,false,DISPONIVEL,604081,22,431,0,29,0,126,0,126,0,0,0,0
2026-08-20T21:28:16.558666700Z,EXECUCAO,Mobile Suit Gundam Unicorn Re0096 (2016) - S01E01 - Departure 0096_Track4_PT-BR.ass,TRADUZIDO,,COMPLETA,,Mobile Suit Gundam Unicorn,gundam_unicorn,4c29e781a502990495166b66b32d7de7ab73bec0da9819871dc799138d91313c,aya-expanse-8b,false,DISPONIVEL,22233,22,406,122,16,0,47,43,4,0,1,97,0
2026-08-20T21:28:16.558666700Z,EXECUCAO,Mobile Suit Gundam Unicorn Re0096 (2016) - S01E02 - First Blood_Track4_PT-BR.ass,TRADUZIDO,,COMPLETA,,Mobile Suit Gundam Unicorn,gundam_unicorn,4c29e781a502990495166b66b32d7de7ab73bec0da9819871dc799138d91313c,aya-expanse-8b,false,DISPONIVEL,22233,22,495,122,16,0,47,43,4,0,1,97,0
2026-08-20T21:28:16.558666700Z,EXECUCAO,Mobile Suit Gundam Unicorn Re0096 (2016) - S01E03 - They Called It Gundam_Track4_PT-BR.ass,TRADUZIDO,,COMPLETA,,Mobile Suit Gundam Unicorn,gundam_unicorn,4c29e781a502990495166b66b32d7de7ab73bec0da9819871dc799138d91313c,aya-expanse-8b,false,DISPONIVEL,22233,22,379,122,16,0,47,43,4,0,1,97,0
2026-08-20T21:28:16.558666700Z,EXECUCAO,Mobile Suit Gundam Unicorn Re0096 (2016) - S01E04 - Full Frontal's Pursuit_Track4_PT-BR.ass,TRADUZIDO,,COMPLETA,,Mobile Suit Gundam Unicorn,gundam_unicorn,4c29e781a502990495166b66b32d7de7ab73bec0da9819871dc799138d91313c,aya-expanse-8b,false,DISPONIVEL,22233,22,560,122,16,0,47,43,4,0,1,97,0
2026-08-20T21:28:16.558666700Z,EXECUCAO,Mobile Suit Gundam Unicorn Re0096 (2016) - S01E05 - Clash with the Red Comet_Track4_PT-BR.ass,TRADUZIDO,,COMPLETA,,Mobile Suit Gundam Unicorn,gundam_unicorn,4c29e781a502990495166b66b32d7de7ab73bec0da9819871dc799138d91313c,aya-expanse-8b,false,DISPONIVEL,22233,22,456,122,16,0,47,43,4,0,1,97,0
2026-08-20T21:28:16.558666700Z,EXECUCAO,Mobile Suit Gundam Unicorn Re0096 (2016) - S01E06 - Under the Mask_Track3_PT-BR.ass,TRADUZIDO,,COMPLETA,,Mobile Suit Gundam Unicorn,gundam_unicorn,4c29e781a502990495166b66b32d7de7ab73bec0da9819871dc799138d91313c,aya-expanse-8b,false,DISPONIVEL,22233,22,480,122,16,0,47,43,4,0,1,97,0
2026-08-20T21:28:16.558666700Z,EXECUCAO,Mobile Suit Gundam Unicorn Re0096 (2016) - S01E07 - The Battle of Palau_Track3_PT-BR.ass,TRADUZIDO,,COMPLETA,,Mobile Suit Gundam Unicorn,gundam_unicorn,4c29e781a502990495166b66b32d7de7ab73bec0da9819871dc799138d91313c,aya-expanse-8b,false,DISPONIVEL,22233,22,452,122,16,0,47,43,4,0,1,97,0
2026-08-20T21:28:16.558666700Z,EXECUCAO,"Mobile Suit Gundam Unicorn Re0096 (2016) - S01E08 - Laplace, Where It All Began_Track3_PT-BR.ass",TRADUZIDO,,COMPLETA,,Mobile Suit Gundam Unicorn,gundam_unicorn,4c29e781a502990495166b66b32d7de7ab73bec0da9819871dc799138d91313c,aya-expanse-8b,false,DISPONIVEL,22233,22,537,122,16,0,47,43,4,0,1,97,0
2026-08-20T21:28:16.558666700Z,EXECUCAO,Mobile Suit Gundam Unicorn Re0096 (2016) - S01E09 - Retribution_Track3_PT-BR.ass,TRADUZIDO,,COMPLETA,,Mobile Suit Gundam Unicorn,gundam_unicorn,4c29e781a502990495166b66b32d7de7ab73bec0da9819871dc799138d91313c,aya-expanse-8b,false,DISPONIVEL,22233,22,441,122,4,0,29,27,2,0,0,97,0
2026-08-20T21:28:16.558666700Z,EXECUCAO,Mobile Suit Gundam Unicorn Re0096 (2016) - S01E10 - From the Scorching Earth_Track3_PT-BR.ass,TRADUZIDO,,COMPLETA,,Mobile Suit Gundam Unicorn,gundam_unicorn,4c29e781a502990495166b66b32d7de7ab73bec0da9819871dc799138d91313c,aya-expanse-8b,false,DISPONIVEL,22233,22,436,122,16,0,47,43,4,0,1,97,0
2026-08-20T21:28:16.558666700Z,EXECUCAO,Mobile Suit Gundam Unicorn Re0096 (2016) - S01E11 - Battle at Torrington_Track3_PT-BR.ass,TRADUZIDO,,COMPLETA,,Mobile Suit Gundam Unicorn,gundam_unicorn,4c29e781a502990495166b66b32d7de7ab73bec0da9819871dc799138d91313c,aya-expanse-8b,false,DISPONIVEL,22233,22,456,122,16,0,47,43,4,0,1,97,0
2026-08-20T21:28:16.558666700Z,EXECUCAO,Mobile Suit Gundam Unicorn Re0096 (2016) - S01E12 - A Private War_Track4_PT-BR.ass,TRADUZIDO,,COMPLETA,,Mobile Suit Gundam Unicorn,gundam_unicorn,4c29e781a502990495166b66b32d7de7ab73bec0da9819871dc799138d91313c,aya-expanse-8b,false,DISPONIVEL,22233,22,422,122,16,0,47,43,4,0,1,97,0
2026-08-20T21:28:16.558666700Z,EXECUCAO,"Mobile Suit Gundam Unicorn Re0096 (2016) - S01E13 - Banagher Links, Soldier_Track4_PT-BR.ass",TRADUZIDO,,COMPLETA,,Mobile Suit Gundam Unicorn,gundam_unicorn,4c29e781a502990495166b66b32d7de7ab73bec0da9819871dc799138d91313c,aya-expanse-8b,false,DISPONIVEL,22233,22,433,122,5,0,51,49,2,0,6,97,0
2026-08-20T21:28:16.558666700Z,EXECUCAO,Mobile Suit Gundam Unicorn Re0096 (2016) - S01E14 - Clash of the Two Unicorns_Track4_PT-BR.ass,TRADUZIDO,,COMPLETA,,Mobile Suit Gundam Unicorn,gundam_unicorn,4c29e781a502990495166b66b32d7de7ab73bec0da9819871dc799138d91313c,aya-expanse-8b,false,DISPONIVEL,22233,22,412,122,5,0,51,49,2,0,6,97,0
2026-08-20T21:28:16.558666700Z,EXECUCAO,Mobile Suit Gundam Unicorn Re0096 (2016) - S01E15 - Waiting in Space_Track4_PT-BR.ass,TRADUZIDO,,COMPLETA,,Mobile Suit Gundam Unicorn,gundam_unicorn,4c29e781a502990495166b66b32d7de7ab73bec0da9819871dc799138d91313c,aya-expanse-8b,false,DISPONIVEL,22233,22,382,122,5,0,51,49,2,0,6,97,0
2026-08-20T21:28:16.558666700Z,EXECUCAO,Mobile Suit Gundam Unicorn Re0096 (2016) - S01E16 - The Side Co-Prosperity Sphere_Track4_PT-BR.ass,TRADUZIDO,,COMPLETA,,Mobile Suit Gundam Unicorn,gundam_unicorn,4c29e781a502990495166b66b32d7de7ab73bec0da9819871dc799138d91313c,aya-expanse-8b,false,DISPONIVEL,22233,22,473,122,5,0,51,49,2,0,6,97,0
2026-08-20T21:28:16.558666700Z,EXECUCAO,Mobile Suit Gundam Unicorn Re0096 (2016) - S01E17 - Nahel Argama Recaptured_Track4_PT-BR.ass,TRADUZIDO,,COMPLETA,,Mobile Suit Gundam Unicorn,gundam_unicorn,4c29e781a502990495166b66b32d7de7ab73bec0da9819871dc799138d91313c,aya-expanse-8b,false,DISPONIVEL,22233,22,470,122,5,0,51,49,2,0,6,97,0
2026-08-20T21:28:16.558666700Z,EXECUCAO,Mobile Suit Gundam Unicorn Re0096 (2016) - S01E18 - Fateful Battle_Track4_PT-BR.ass,TRADUZIDO,,COMPLETA,,Mobile Suit Gundam Unicorn,gundam_unicorn,4c29e781a502990495166b66b32d7de7ab73bec0da9819871dc799138d91313c,aya-expanse-8b,false,DISPONIVEL,22233,22,225,0,1,0,22,22,0,0,6,0,0
2026-08-20T21:28:16.558666700Z,EXECUCAO,Mobile Suit Gundam Unicorn Re0096 (2016) - S01E19 - Another Cosmic Glow_Track4_PT-BR.ass,TRADUZIDO,,COMPLETA,,Mobile Suit Gundam Unicorn,gundam_unicorn,4c29e781a502990495166b66b32d7de7ab73bec0da9819871dc799138d91313c,aya-expanse-8b,false,DISPONIVEL,22233,22,362,122,5,0,51,49,2,0,6,97,0
2026-08-20T21:28:16.558666700Z,EXECUCAO,Mobile Suit Gundam Unicorn Re0096 (2016) - S01E20 - Laplace's Box_Track4_PT-BR.ass,TRADUZIDO,,COMPLETA,,Mobile Suit Gundam Unicorn,gundam_unicorn,4c29e781a502990495166b66b32d7de7ab73bec0da9819871dc799138d91313c,aya-expanse-8b,false,DISPONIVEL,22233,22,450,122,5,0,51,49,2,0,6,97,0
2026-08-20T21:28:16.558666700Z,EXECUCAO,Mobile Suit Gundam Unicorn Re0096 (2016) - S01E21 - To the World's End_Track4_PT-BR.ass,TRADUZIDO,,COMPLETA,,Mobile Suit Gundam Unicorn,gundam_unicorn,4c29e781a502990495166b66b32d7de7ab73bec0da9819871dc799138d91313c,aya-expanse-8b,false,DISPONIVEL,22233,22,364,122,5,0,51,49,2,0,6,97,0
2026-08-20T21:28:16.558666700Z,EXECUCAO,Mobile Suit Gundam Unicorn Re0096 (2016) - S01E22 - Return_Track4_PT-BR.ass,TRADUZIDO,,COMPLETA,,Mobile Suit Gundam Unicorn,gundam_unicorn,4c29e781a502990495166b66b32d7de7ab73bec0da9819871dc799138d91313c,aya-expanse-8b,false,DISPONIVEL,22233,22,431,122,4,0,29,27,2,0,0,97,0
2026-08-23T01:20:38.602082Z,EXECUCAO,Guilty Crown - 01_Track4_PT-BR.ass,TRADUZIDO,,COMPLETA,,Guilty Crown,guilty_crown,b74d9b3721fa202d08b343fa1ace176e9488eaeb4316e9d1d797183389595431,aya-expanse-8b,false,DISPONIVEL,193642,23,281,0,29,0,29,0,29,0,0,0,0
2026-08-23T01:20:38.602082Z,EXECUCAO,Guilty Crown - 02_Track4_PT-BR.ass,TRADUZIDO,,COMPLETA,,Guilty Crown,guilty_crown,b74d9b3721fa202d08b343fa1ace176e9488eaeb4316e9d1d797183389595431,aya-expanse-8b,false,DISPONIVEL,193642,23,303,0,21,0,29,0,29,0,1,0,0
2026-08-23T01:20:38.602082Z,EXECUCAO,Guilty Crown - 03_Track4_PT-BR.ass,TRADUZIDO,,COMPLETA,,Guilty Crown,guilty_crown,b74d9b3721fa202d08b343fa1ace176e9488eaeb4316e9d1d797183389595431,aya-expanse-8b,false,DISPONIVEL,193642,23,380,0,21,0,26,0,26,0,1,0,0
2026-08-23T01:20:38.602082Z,EXECUCAO,Guilty Crown - 04_Track4_PT-BR.ass,TRADUZIDO,,COMPLETA,,Guilty Crown,guilty_crown,b74d9b3721fa202d08b343fa1ace176e9488eaeb4316e9d1d797183389595431,aya-expanse-8b,false,DISPONIVEL,193642,23,328,0,21,0,26,0,26,0,1,0,0
2026-08-23T01:20:38.602082Z,EXECUCAO,Guilty Crown - 05_Track4_PT-BR.ass,TRADUZIDO,,COMPLETA,,Guilty Crown,guilty_crown,b74d9b3721fa202d08b343fa1ace176e9488eaeb4316e9d1d797183389595431,aya-expanse-8b,false,DISPONIVEL,193642,23,305,0,21,0,30,0,30,0,1,0,0
2026-08-23T01:20:38.602082Z,EXECUCAO,Guilty Crown - 06_Track4_PT-BR.ass,TRADUZIDO,,COMPLETA,,Guilty Crown,guilty_crown,b74d9b3721fa202d08b343fa1ace176e9488eaeb4316e9d1d797183389595431,aya-expanse-8b,false,DISPONIVEL,193642,23,280,0,14,0,19,0,19,0,1,0,0
2026-08-23T01:20:38.602082Z,EXECUCAO,Guilty Crown - 07_Track4_PT-BR.ass,TRADUZIDO,,COMPLETA,,Guilty Crown,guilty_crown,b74d9b3721fa202d08b343fa1ace176e9488eaeb4316e9d1d797183389595431,aya-expanse-8b,false,DISPONIVEL,193642,23,340,0,21,0,26,0,26,0,1,0,0
2026-08-23T01:20:38.602082Z,EXECUCAO,Guilty Crown - 08_Track4_PT-BR.ass,TRADUZIDO,,COMPLETA,,Guilty Crown,guilty_crown,b74d9b3721fa202d08b343fa1ace176e9488eaeb4316e9d1d797183389595431,aya-expanse-8b,false,DISPONIVEL,193642,23,312,0,21,0,29,0,29,0,1,0,0
2026-08-23T01:20:38.602082Z,EXECUCAO,Guilty Crown - 09_Track4_PT-BR.ass,TRADUZIDO,,COMPLETA,,Guilty Crown,guilty_crown,b74d9b3721fa202d08b343fa1ace176e9488eaeb4316e9d1d797183389595431,aya-expanse-8b,false,DISPONIVEL,193642,23,284,0,21,0,26,0,26,0,1,0,0
2026-08-23T01:20:38.602082Z,EXECUCAO,Guilty Crown - 10_Track4_PT-BR.ass,TRADUZIDO,,COMPLETA,,Guilty Crown,guilty_crown,b74d9b3721fa202d08b343fa1ace176e9488eaeb4316e9d1d797183389595431,aya-expanse-8b,false,DISPONIVEL,193642,23,306,0,21,0,30,0,30,0,1,0,0
2026-08-23T01:20:38.602082Z,EXECUCAO,Guilty Crown - 11_Track4_PT-BR.ass,TRADUZIDO,,COMPLETA,,Guilty Crown,guilty_crown,b74d9b3721fa202d08b343fa1ace176e9488eaeb4316e9d1d797183389595431,aya-expanse-8b,false,DISPONIVEL,193642,23,320,0,21,0,43,0,43,0,1,0,0
2026-08-23T01:20:38.602082Z,EXECUCAO,Guilty Crown - 12_Track4_PT-BR.ass,TRADUZIDO,,COMPLETA,,Guilty Crown,guilty_crown,b74d9b3721fa202d08b343fa1ace176e9488eaeb4316e9d1d797183389595431,aya-expanse-8b,false,DISPONIVEL,193642,23,280,0,18,0,23,0,23,0,1,0,0
2026-08-23T01:20:38.602082Z,EXECUCAO,Guilty Crown - 13_Track4_PT-BR.ass,TRADUZIDO,,COMPLETA,,Guilty Crown,guilty_crown,b74d9b3721fa202d08b343fa1ace176e9488eaeb4316e9d1d797183389595431,aya-expanse-8b,false,DISPONIVEL,193642,23,392,0,29,0,37,0,30,7,0,0,7
2026-08-23T01:20:38.602082Z,EXECUCAO,Guilty Crown - 14_Track4_PT-BR.ass,TRADUZIDO,,COMPLETA,,Guilty Crown,guilty_crown,b74d9b3721fa202d08b343fa1ace176e9488eaeb4316e9d1d797183389595431,aya-expanse-8b,false,DISPONIVEL,193642,23,426,0,29,0,34,0,27,7,0,0,7
2026-08-23T01:20:38.602082Z,EXECUCAO,Guilty Crown - 15_Track4_PT-BR.ass,TRADUZIDO,,COMPLETA,,Guilty Crown,guilty_crown,b74d9b3721fa202d08b343fa1ace176e9488eaeb4316e9d1d797183389595431,aya-expanse-8b,false,DISPONIVEL,193642,23,354,0,29,0,34,0,27,7,0,0,7
2026-08-23T01:20:38.602082Z,EXECUCAO,Guilty Crown - 16_Track4_PT-BR.ass,TRADUZIDO,,COMPLETA,,Guilty Crown,guilty_crown,b74d9b3721fa202d08b343fa1ace176e9488eaeb4316e9d1d797183389595431,aya-expanse-8b,false,DISPONIVEL,193642,23,395,2,29,0,34,0,27,7,0,0,7
2026-08-23T01:20:38.602082Z,EXECUCAO,Guilty Crown - 17_Track4_PT-BR.ass,TRADUZIDO,,COMPLETA,,Guilty Crown,guilty_crown,b74d9b3721fa202d08b343fa1ace176e9488eaeb4316e9d1d797183389595431,aya-expanse-8b,false,DISPONIVEL,193642,23,329,1,29,0,34,0,27,7,0,0,7
2026-08-23T01:20:38.602082Z,EXECUCAO,Guilty Crown - 18_Track4_PT-BR.ass,TRADUZIDO,,COMPLETA,,Guilty Crown,guilty_crown,b74d9b3721fa202d08b343fa1ace176e9488eaeb4316e9d1d797183389595431,aya-expanse-8b,false,DISPONIVEL,193642,23,305,0,29,0,38,0,31,7,0,0,7
2026-08-23T01:20:38.602082Z,EXECUCAO,Guilty Crown - 19_Track4_PT-BR.ass,TRADUZIDO,,COMPLETA,,Guilty Crown,guilty_crown,b74d9b3721fa202d08b343fa1ace176e9488eaeb4316e9d1d797183389595431,aya-expanse-8b,false,DISPONIVEL,193642,23,349,0,29,0,34,0,27,7,0,0,7
2026-08-23T01:20:38.602082Z,EXECUCAO,Guilty Crown - 20_Track4_PT-BR.ass,TRADUZIDO,,COMPLETA,,Guilty Crown,guilty_crown,b74d9b3721fa202d08b343fa1ace176e9488eaeb4316e9d1d797183389595431,aya-expanse-8b,false,DISPONIVEL,193642,23,397,0,29,0,34,0,27,7,0,0,7
2026-08-23T01:20:38.602082Z,EXECUCAO,Guilty Crown - 21_Track4_PT-BR.ass,TRADUZIDO,,COMPLETA,,Guilty Crown,guilty_crown,b74d9b3721fa202d08b343fa1ace176e9488eaeb4316e9d1d797183389595431,aya-expanse-8b,false,DISPONIVEL,193642,23,323,0,29,0,40,0,33,7,0,0,7
2026-08-23T01:20:38.602082Z,EXECUCAO,Guilty Crown - 22_Track4_PT-BR.ass,TRADUZIDO,,COMPLETA,,Guilty Crown,guilty_crown,b74d9b3721fa202d08b343fa1ace176e9488eaeb4316e9d1d797183389595431,aya-expanse-8b,false,DISPONIVEL,193642,23,276,0,12,0,28,0,21,7,0,0,7
2026-08-23T01:20:38.602082Z,EXECUCAO,Guilty Crown OVA - 01_Track2_PT-BR.ass,TRADUZIDO,,COMPLETA,,Guilty Crown,guilty_crown,b74d9b3721fa202d08b343fa1ace176e9488eaeb4316e9d1d797183389595431,aya-expanse-8b,false,DISPONIVEL,193642,23,98,0,0,0,0,0,0,0,0,0,0
2026-08-23T01:22:18.856904500Z,EXECUCAO,Macross II - 01v2 (BDRip 1440x1080p x265 HEVC FLACx2 2.0x2)[sxales]_Track3_PT-BR.ass,TRADUZIDO,,COMPLETA,,Macross II: Lovers Again,macross_2,6d711b4282f0ed6da3677fa57b8a447d5a57fe945bb90deda48eefaf77b4b310,aya-expanse-8b,false,NAO_CONSULTADO,511,6,249,0,0,0,0,0,0,0,0,0,0
2026-08-23T01:22:18.856904500Z,EXECUCAO,Macross II - 02v2 (BDRip 1440x1080p x265 HEVC FLAC 2.0)[sxales]_Track2_PT-BR.ass,TRADUZIDO,,COMPLETA,,Macross II: Lovers Again,macross_2,6d711b4282f0ed6da3677fa57b8a447d5a57fe945bb90deda48eefaf77b4b310,aya-expanse-8b,false,NAO_CONSULTADO,511,6,228,0,0,0,0,0,0,0,0,0,0
2026-08-23T01:22:18.856904500Z,EXECUCAO,Macross II - 03v2 (BDRip 1440x1080p x265 HEVC FLAC 2.0)[sxales]_Track2_PT-BR.ass,TRADUZIDO,,COMPLETA,,Macross II: Lovers Again,macross_2,6d711b4282f0ed6da3677fa57b8a447d5a57fe945bb90deda48eefaf77b4b310,aya-expanse-8b,false,NAO_CONSULTADO,511,6,261,0,0,0,0,0,0,0,0,0,0
2026-08-23T01:22:18.856904500Z,EXECUCAO,Macross II - 04v2 (BDRip 1440x1080p x265 HEVC FLAC 2.0)[sxales]_Track2_PT-BR.ass,TRADUZIDO,,COMPLETA,,Macross II: Lovers Again,macross_2,6d711b4282f0ed6da3677fa57b8a447d5a57fe945bb90deda48eefaf77b4b310,aya-expanse-8b,false,NAO_CONSULTADO,511,6,194,0,0,0,0,0,0,0,0,0,0
2026-08-23T01:22:18.856904500Z,EXECUCAO,Macross II - 05v2 (BDRip 1440x1080p x265 HEVC FLAC 2.0)[sxales]_Track2_PT-BR.ass,TRADUZIDO,,COMPLETA,,Macross II: Lovers Again,macross_2,6d711b4282f0ed6da3677fa57b8a447d5a57fe945bb90deda48eefaf77b4b310,aya-expanse-8b,false,NAO_CONSULTADO,511,6,208,0,0,0,0,0,0,0,0,0,0
2026-08-23T01:22:18.856904500Z,EXECUCAO,Macross II - 06v2 (BDRip 1440x1080p x265 HEVC FLACx2 2.0x2)[sxales]_Track3_PT-BR.ass,TRADUZIDO,,COMPLETA,,Macross II: Lovers Again,macross_2,6d711b4282f0ed6da3677fa57b8a447d5a57fe945bb90deda48eefaf77b4b310,aya-expanse-8b,false,NAO_CONSULTADO,511,6,241,0,0,0,0,0,0,0,0,0,0
2026-08-23T01:25:24.700583100Z,EXECUCAO,(nenhum arquivo alcancado),NAO_ALCANCADO,Servidor LLM indisponível: Não foi possível conectar ao servidor LLM em http://127.0.0.1:1234/v1: null,ABORTADA,Servidor LLM indisponível: Não foi possível conectar ao servidor LLM em http://127.0.0.1:1234/v1: null,,,,,false,NAO_CONSULTADO,7,0,0,0,0,0,0,0,0,0,0,0,0
2026-08-23T01:25:25.807882300Z,EXECUCAO,(nenhum arquivo alcancado),NAO_ALCANCADO,Servidor LLM indisponível: Não foi possível conectar ao servidor LLM em http://127.0.0.1:1234/v1: null,ABORTADA,Servidor LLM indisponível: Não foi possível conectar ao servidor LLM em http://127.0.0.1:1234/v1: null,,,,,false,NAO_CONSULTADO,5,0,0,0,0,0,0,0,0,0,0,0,0
2026-08-23T01:25:26.878277300Z,EXECUCAO,(nenhum arquivo alcancado),NAO_ALCANCADO,Servidor LLM indisponível: Não foi possível conectar ao servidor LLM em http://127.0.0.1:1234/v1: null,ABORTADA,Servidor LLM indisponível: Não foi possível conectar ao servidor LLM em http://127.0.0.1:1234/v1: null,,,,,false,NAO_CONSULTADO,5,0,0,0,0,0,0,0,0,0,0,0,0
2026-08-23T01:25:27.540829900Z,EXECUCAO,(nenhum arquivo alcancado),NAO_ALCANCADO,Servidor LLM indisponível: Não foi possível conectar ao servidor LLM em http://127.0.0.1:1234/v1: null,ABORTADA,Servidor LLM indisponível: Não foi possível conectar ao servidor LLM em http://127.0.0.1:1234/v1: null,,,,,false,NAO_CONSULTADO,8,0,0,0,0,0,0,0,0,0,0,0,0
2026-08-23T01:25:27.626509300Z,EXECUCAO,(nenhum arquivo alcancado),NAO_ALCANCADO,Servidor LLM indisponível: Não foi possível conectar ao servidor LLM em http://127.0.0.1:1234/v1: null,ABORTADA,Servidor LLM indisponível: Não foi possível conectar ao servidor LLM em http://127.0.0.1:1234/v1: null,,,,,false,NAO_CONSULTADO,7,0,0,0,0,0,0,0,0,0,0,0,0
2026-08-23T01:25:27.703864100Z,EXECUCAO,(nenhum arquivo alcancado),NAO_ALCANCADO,Servidor LLM indisponível: Não foi possível conectar ao servidor LLM em http://127.0.0.1:1234/v1: null,ABORTADA,Servidor LLM indisponível: Não foi possível conectar ao servidor LLM em http://127.0.0.1:1234/v1: null,,,,,false,NAO_CONSULTADO,5,0,0,0,0,0,0,0,0,0,0,0,0
2026-08-23T01:25:27.780334100Z,EXECUCAO,(nenhum arquivo alcancado),NAO_ALCANCADO,Servidor LLM indisponível: Não foi possível conectar ao servidor LLM em http://127.0.0.1:1234/v1: null,ABORTADA,Servidor LLM indisponível: Não foi possível conectar ao servidor LLM em http://127.0.0.1:1234/v1: null,,,,,false,NAO_CONSULTADO,4,0,0,0,0,0,0,0,0,0,0,0,0
2026-08-23T01:25:27.857349Z,EXECUCAO,(nenhum arquivo alcancado),NAO_ALCANCADO,Servidor LLM indisponível: Não foi possível conectar ao servidor LLM em http://127.0.0.1:1234/v1: null,ABORTADA,Servidor LLM indisponível: Não foi possível conectar ao servidor LLM em http://127.0.0.1:1234/v1: null,,,,,false,NAO_CONSULTADO,5,0,0,0,0,0,0,0,0,0,0,0,0
2026-08-23T01:25:27.931329300Z,EXECUCAO,(nenhum arquivo alcancado),NAO_ALCANCADO,Servidor LLM indisponível: Não foi possível conectar ao servidor LLM em http://127.0.0.1:1234/v1: null,ABORTADA,Servidor LLM indisponível: Não foi possível conectar ao servidor LLM em http://127.0.0.1:1234/v1: null,,,,,false,NAO_CONSULTADO,3,0,0,0,0,0,0,0,0,0,0,0,0
2026-08-23T01:25:28.018340Z,EXECUCAO,(nenhum arquivo alcancado),NAO_ALCANCADO,Servidor LLM indisponível: Não foi possível conectar ao servidor LLM em http://127.0.0.1:1234/v1: null,ABORTADA,Servidor LLM indisponível: Não foi possível conectar ao servidor LLM em http://127.0.0.1:1234/v1: null,,,,,false,NAO_CONSULTADO,7,0,0,0,0,0,0,0,0,0,0,0,0
2026-08-23T01:25:28.110661600Z,EXECUCAO,(nenhum arquivo alcancado),NAO_ALCANCADO,Servidor LLM indisponível: Não foi possível conectar ao servidor LLM em http://127.0.0.1:1234/v1: null,ABORTADA,Servidor LLM indisponível: Não foi possível conectar ao servidor LLM em http://127.0.0.1:1234/v1: null,,,,,false,NAO_CONSULTADO,4,0,0,0,0,0,0,0,0,0,0,0,0
2026-08-23T01:25:28.189223Z,EXECUCAO,(nenhum arquivo alcancado),NAO_ALCANCADO,Servidor LLM indisponível: Não foi possível conectar ao servidor LLM em http://127.0.0.1:1234/v1: null,ABORTADA,Servidor LLM indisponível: Não foi possível conectar ao servidor LLM em http://127.0.0.1:1234/v1: null,,,,,false,NAO_CONSULTADO,6,0,0,0,0,0,0,0,0,0,0,0,0
2026-08-23T01:25:28.277379300Z,EXECUCAO,(nenhum arquivo alcancado),NAO_ALCANCADO,Servidor LLM indisponível: Não foi possível conectar ao servidor LLM em http://127.0.0.1:1234/v1: null,ABORTADA,Servidor LLM indisponível: Não foi possível conectar ao servidor LLM em http://127.0.0.1:1234/v1: null,,,,,false,NAO_CONSULTADO,3,0,0,0,0,0,0,0,0,0,0,0,0
2026-08-23T01:25:28.366933300Z,EXECUCAO,(nenhum arquivo alcancado),NAO_ALCANCADO,Servidor LLM indisponível: Não foi possível conectar ao servidor LLM em http://127.0.0.1:1234/v1: null,ABORTADA,Servidor LLM indisponível: Não foi possível conectar ao servidor LLM em http://127.0.0.1:1234/v1: null,,,,,false,NAO_CONSULTADO,4,0,0,0,0,0,0,0,0,0,0,0,0
2026-08-23T01:25:28.442559100Z,EXECUCAO,(nenhum arquivo alcancado),NAO_ALCANCADO,Servidor LLM indisponível: Não foi possível conectar ao servidor LLM em http://127.0.0.1:1234/v1: null,ABORTADA,Servidor LLM indisponível: Não foi possível conectar ao servidor LLM em http://127.0.0.1:1234/v1: null,,,,,false,NAO_CONSULTADO,5,0,0,0,0,0,0,0,0,0,0,0,0
2026-08-23T01:25:28.515705100Z,EXECUCAO,(nenhum arquivo alcancado),NAO_ALCANCADO,Servidor LLM indisponível: Não foi possível conectar ao servidor LLM em http://127.0.0.1:1234/v1: null,ABORTADA,Servidor LLM indisponível: Não foi possível conectar ao servidor LLM em http://127.0.0.1:1234/v1: null,,,,,false,NAO_CONSULTADO,6,0,0,0,0,0,0,0,0,0,0,0,0
